Year,Month,Date,Hospital,KPI,Attendances,is_synthetic
2022,1,2022-01-01,Acute Hospitals Division,return_ed_attendances,2208,True
2022,2,2022-02-01,Acute Hospitals Division,return_ed_attendances,2219,True
2022,3,2022-03-01,Acute Hospitals Division,return_ed_attendances,2131,True
2022,4,2022-04-01,Acute Hospitals Division,return_ed_attendances,1831,True
2022,5,2022-05-01,Acute Hospitals Division,return_ed_attendances,1802,True
2022,6,2022-06-01,Acute Hospitals Division,return_ed_attendances,1809,True
2022,7,2022-07-01,Acute Hospitals Division,return_ed_attendances,1786,True
2022,8,2022-08-01,Acute Hospitals Division,return_ed_attendances,1835,True
2022,9,2022-09-01,Acute Hospitals Division,return_ed_attendances,1933,True
2022,10,2022-10-01,Acute Hospitals Division,return_ed_attendances,1934,True
2022,11,2022-11-01,Acute Hospitals Division,return_ed_attendances,2053,True
2022,12,2022-12-01,Acute Hospitals Division,return_ed_attendances,2240,True
2023,1,2023-01-01,Acute Hospitals Division,return_ed_attendances,2955,True
2023,2,2023-02-01,Acute Hospitals Division,return_ed_attendances,2829,True
2023,3,2023-03-01,Acute Hospitals Division,return_ed_attendances,2685,True
2023,4,2023-04-01,Acute Hospitals Division,return_ed_attendances,2611,True
2023,5,2023-05-01,Acute Hospitals Division,return_ed_attendances,2462,True
2023,6,2023-06-01,Acute Hospitals Division,return_ed_attendances,2365,True
2023,7,2023-07-01,Acute Hospitals Division,return_ed_attendances,2453,True
2023,8,2023-08-01,Acute Hospitals Division,return_ed_attendances,2371,True
2023,9,2023-09-01,Acute Hospitals Division,return_ed_attendances,2645,True
2023,10,2023-10-01,Acute Hospitals Division,return_ed_attendances,2716,True
2023,11,2023-11-01,Acute Hospitals Division,return_ed_attendances,2781,True
2023,12,2023-12-01,Acute Hospitals Division,return_ed_attendances,3007,True
2024,1,2024-01-01,Acute Hospitals Division,return_ed_attendances,3955,True
2024,2,2024-02-01,Acute Hospitals Division,return_ed_attendances,4089,True
2024,3,2024-03-01,Acute Hospitals Division,return_ed_attendances,3660,True
2024,4,2024-04-01,Acute Hospitals Division,return_ed_attendances,3366,True
2024,5,2024-05-01,Acute Hospitals Division,return_ed_attendances,3294,True
2024,6,2024-06-01,Acute Hospitals Division,return_ed_attendances,31254,False
2022,1,2022-01-01,Acute Hospitals Operations,return_ed_attendances,2501,True
2022,2,2022-02-01,Acute Hospitals Operations,return_ed_attendances,2513,True
2022,3,2022-03-01,Acute Hospitals Operations,return_ed_attendances,2160,True
2022,4,2022-04-01,Acute Hospitals Operations,return_ed_attendances,2036,True
2022,5,2022-05-01,Acute Hospitals Operations,return_ed_attendances,2083,True
2022,6,2022-06-01,Acute Hospitals Operations,return_ed_attendances,1921,True
2022,7,2022-07-01,Acute Hospitals Operations,return_ed_attendances,2053,True
2022,8,2022-08-01,Acute Hospitals Operations,return_ed_attendances,2145,True
2022,9,2022-09-01,Acute Hospitals Operations,return_ed_attendances,2101,True
2022,10,2022-10-01,Acute Hospitals Operations,return_ed_attendances,2235,True
2022,11,2022-11-01,Acute Hospitals Operations,return_ed_attendances,2217,True
2022,12,2022-12-01,Acute Hospitals Operations,return_ed_attendances,2435,True
2023,1,2023-01-01,Acute Hospitals Operations,return_ed_attendances,3332,True
2023,2,2023-02-01,Acute Hospitals Operations,return_ed_attendances,3246,True
2023,3,2023-03-01,Acute Hospitals Operations,return_ed_attendances,2891,True
2023,4,2023-04-01,Acute Hospitals Operations,return_ed_attendances,2614,True
2023,5,2023-05-01,Acute Hospitals Operations,return_ed_attendances,2707,True
2023,6,2023-06-01,Acute Hospitals Operations,return_ed_attendances,2423,True
2023,7,2023-07-01,Acute Hospitals Operations,return_ed_attendances,2614,True
2023,8,2023-08-01,Acute Hospitals Operations,return_ed_attendances,2771,True
2023,9,2023-09-01,Acute Hospitals Operations,return_ed_attendances,2823,True
2023,10,2023-10-01,Acute Hospitals Operations,return_ed_attendances,3061,True
2023,11,2023-11-01,Acute Hospitals Operations,return_ed_attendances,3125,True
2023,12,2023-12-01,Acute Hospitals Operations,return_ed_attendances,3083,True
2024,1,2024-01-01,Acute Hospitals Operations,return_ed_attendances,4378,True
2024,2,2024-02-01,Acute Hospitals Operations,return_ed_attendances,4220,True
2024,3,2024-03-01,Acute Hospitals Operations,return_ed_attendances,3707,True
2024,4,2024-04-01,Acute Hospitals Operations,return_ed_attendances,3530,True
2024,5,2024-05-01,Acute Hospitals Operations,return_ed_attendances,3462,True
2024,6,2024-06-01,Acute Hospitals Operations,return_ed_attendances,33038,False
2022,1,2022-01-01,Acute Non Hospital,return_ed_attendances,1,True
2022,2,2022-02-01,Acute Non Hospital,return_ed_attendances,1,True
2022,3,2022-03-01,Acute Non Hospital,return_ed_attendances,1,True
2022,4,2022-04-01,Acute Non Hospital,return_ed_attendances,1,True
2022,5,2022-05-01,Acute Non Hospital,return_ed_attendances,1,True
2022,6,2022-06-01,Acute Non Hospital,return_ed_attendances,1,True
2022,7,2022-07-01,Acute Non Hospital,return_ed_attendances,1,True
2022,8,2022-08-01,Acute Non Hospital,return_ed_attendances,1,True
2022,9,2022-09-01,Acute Non Hospital,return_ed_attendances,1,True
2022,10,2022-10-01,Acute Non Hospital,return_ed_attendances,1,True
2022,11,2022-11-01,Acute Non Hospital,return_ed_attendances,1,True
2022,12,2022-12-01,Acute Non Hospital,return_ed_attendances,1,True
2023,1,2023-01-01,Acute Non Hospital,return_ed_attendances,1,True
2023,2,2023-02-01,Acute Non Hospital,return_ed_attendances,1,True
2023,3,2023-03-01,Acute Non Hospital,return_ed_attendances,1,True
2023,4,2023-04-01,Acute Non Hospital,return_ed_attendances,1,True
2023,5,2023-05-01,Acute Non Hospital,return_ed_attendances,1,True
2023,6,2023-06-01,Acute Non Hospital,return_ed_attendances,1,True
2023,7,2023-07-01,Acute Non Hospital,return_ed_attendances,1,True
2023,8,2023-08-01,Acute Non Hospital,return_ed_attendances,1,True
2023,9,2023-09-01,Acute Non Hospital,return_ed_attendances,1,True
2023,10,2023-10-01,Acute Non Hospital,return_ed_attendances,1,True
2023,11,2023-11-01,Acute Non Hospital,return_ed_attendances,1,True
2023,12,2023-12-01,Acute Non Hospital,return_ed_attendances,1,True
2024,1,2024-01-01,Acute Non Hospital,return_ed_attendances,314930,True
2024,2,2024-02-01,Acute Non Hospital,return_ed_attendances,316267,True
2024,3,2024-03-01,Acute Non Hospital,return_ed_attendances,283745,True
2024,4,2024-04-01,Acute Non Hospital,return_ed_attendances,264072,True
2024,5,2024-05-01,Acute Non Hospital,return_ed_attendances,248886,True
2024,6,2024-06-01,Acute Non Hospital,return_ed_attendances,30,False
2022,1,2022-01-01,Bantry General Hospital,all_emergency_presentations,572,True
2022,2,2022-02-01,Bantry General Hospital,all_emergency_presentations,564,True
2022,3,2022-03-01,Bantry General Hospital,all_emergency_presentations,500,True
2022,4,2022-04-01,Bantry General Hospital,all_emergency_presentations,467,True
2022,5,2022-05-01,Bantry General Hospital,all_emergency_presentations,471,True
2022,6,2022-06-01,Bantry General Hospital,all_emergency_presentations,451,True
2022,7,2022-07-01,Bantry General Hospital,all_emergency_presentations,462,True
2022,8,2022-08-01,Bantry General Hospital,all_emergency_presentations,460,True
2022,9,2022-09-01,Bantry General Hospital,all_emergency_presentations,487,True
2022,10,2022-10-01,Bantry General Hospital,all_emergency_presentations,491,True
2022,11,2022-11-01,Bantry General Hospital,all_emergency_presentations,544,True
2022,12,2022-12-01,Bantry General Hospital,all_emergency_presentations,567,True
2023,1,2023-01-01,Bantry General Hospital,all_emergency_presentations,627,True
2023,2,2023-02-01,Bantry General Hospital,all_emergency_presentations,623,True
2023,3,2023-03-01,Bantry General Hospital,all_emergency_presentations,564,True
2023,4,2023-04-01,Bantry General Hospital,all_emergency_presentations,541,True
2023,5,2023-05-01,Bantry General Hospital,all_emergency_presentations,533,True
2023,6,2023-06-01,Bantry General Hospital,all_emergency_presentations,495,True
2023,7,2023-07-01,Bantry General Hospital,all_emergency_presentations,514,True
2023,8,2023-08-01,Bantry General Hospital,all_emergency_presentations,524,True
2023,9,2023-09-01,Bantry General Hospital,all_emergency_presentations,566,True
2023,10,2023-10-01,Bantry General Hospital,all_emergency_presentations,581,True
2023,11,2023-11-01,Bantry General Hospital,all_emergency_presentations,594,True
2023,12,2023-12-01,Bantry General Hospital,all_emergency_presentations,633,True
2024,1,2024-01-01,Bantry General Hospital,all_emergency_presentations,748,True
2024,2,2024-02-01,Bantry General Hospital,all_emergency_presentations,729,True
2024,3,2024-03-01,Bantry General Hospital,all_emergency_presentations,711,True
2024,4,2024-04-01,Bantry General Hospital,all_emergency_presentations,657,True
2024,5,2024-05-01,Bantry General Hospital,all_emergency_presentations,589,True
2024,6,2024-06-01,Bantry General Hospital,all_emergency_presentations,649,False
2024,7,2024-07-01,Bantry General Hospital,all_emergency_presentations,629,False
2024,8,2024-08-01,Bantry General Hospital,all_emergency_presentations,762,False
2024,9,2024-09-01,Bantry General Hospital,all_emergency_presentations,717,False
2022,1,2022-01-01,Bantry General Hospital,new_ed_attendances,321,True
2022,2,2022-02-01,Bantry General Hospital,new_ed_attendances,305,True
2022,3,2022-03-01,Bantry General Hospital,new_ed_attendances,272,True
2022,4,2022-04-01,Bantry General Hospital,new_ed_attendances,256,True
2022,5,2022-05-01,Bantry General Hospital,new_ed_attendances,249,True
2022,6,2022-06-01,Bantry General Hospital,new_ed_attendances,225,True
2022,7,2022-07-01,Bantry General Hospital,new_ed_attendances,243,True
2022,8,2022-08-01,Bantry General Hospital,new_ed_attendances,245,True
2022,9,2022-09-01,Bantry General Hospital,new_ed_attendances,253,True
2022,10,2022-10-01,Bantry General Hospital,new_ed_attendances,266,True
2022,11,2022-11-01,Bantry General Hospital,new_ed_attendances,297,True
2022,12,2022-12-01,Bantry General Hospital,new_ed_attendances,297,True
2023,1,2023-01-01,Bantry General Hospital,new_ed_attendances,423,True
2023,2,2023-02-01,Bantry General Hospital,new_ed_attendances,423,True
2023,3,2023-03-01,Bantry General Hospital,new_ed_attendances,399,True
2023,4,2023-04-01,Bantry General Hospital,new_ed_attendances,367,True
2023,5,2023-05-01,Bantry General Hospital,new_ed_attendances,347,True
2023,6,2023-06-01,Bantry General Hospital,new_ed_attendances,329,True
2023,7,2023-07-01,Bantry General Hospital,new_ed_attendances,350,True
2023,8,2023-08-01,Bantry General Hospital,new_ed_attendances,354,True
2023,9,2023-09-01,Bantry General Hospital,new_ed_attendances,375,True
2023,10,2023-10-01,Bantry General Hospital,new_ed_attendances,383,True
2023,11,2023-11-01,Bantry General Hospital,new_ed_attendances,406,True
2023,12,2023-12-01,Bantry General Hospital,new_ed_attendances,402,True
2024,1,2024-01-01,Bantry General Hospital,new_ed_attendances,890,True
2024,2,2024-02-01,Bantry General Hospital,new_ed_attendances,832,True
2024,3,2024-03-01,Bantry General Hospital,new_ed_attendances,809,True
2024,4,2024-04-01,Bantry General Hospital,new_ed_attendances,696,True
2024,5,2024-05-01,Bantry General Hospital,new_ed_attendances,725,True
2024,6,2024-06-01,Bantry General Hospital,new_ed_attendances,4431,False
2024,7,2024-07-01,Bantry General Hospital,new_ed_attendances,5,False
2024,8,2024-08-01,Bantry General Hospital,new_ed_attendances,1,False
2024,9,2024-09-01,Bantry General Hospital,new_ed_attendances,2953,False
2022,1,2022-01-01,Bantry General Hospital,return_ed_attendances,561,True
2022,2,2022-02-01,Bantry General Hospital,return_ed_attendances,536,True
2022,3,2022-03-01,Bantry General Hospital,return_ed_attendances,491,True
2022,4,2022-04-01,Bantry General Hospital,return_ed_attendances,463,True
2022,5,2022-05-01,Bantry General Hospital,return_ed_attendances,468,True
2022,6,2022-06-01,Bantry General Hospital,return_ed_attendances,439,True
2022,7,2022-07-01,Bantry General Hospital,return_ed_attendances,468,True
2022,8,2022-08-01,Bantry General Hospital,return_ed_attendances,472,True
2022,9,2022-09-01,Bantry General Hospital,return_ed_attendances,462,True
2022,10,2022-10-01,Bantry General Hospital,return_ed_attendances,515,True
2022,11,2022-11-01,Bantry General Hospital,return_ed_attendances,543,True
2022,12,2022-12-01,Bantry General Hospital,return_ed_attendances,533,True
2023,1,2023-01-01,Bantry General Hospital,return_ed_attendances,672,True
2023,2,2023-02-01,Bantry General Hospital,return_ed_attendances,625,True
2023,3,2023-03-01,Bantry General Hospital,return_ed_attendances,592,True
2023,4,2023-04-01,Bantry General Hospital,return_ed_attendances,530,True
2023,5,2023-05-01,Bantry General Hospital,return_ed_attendances,506,True
2023,6,2023-06-01,Bantry General Hospital,return_ed_attendances,512,True
2023,7,2023-07-01,Bantry General Hospital,return_ed_attendances,527,True
2023,8,2023-08-01,Bantry General Hospital,return_ed_attendances,534,True
2023,9,2023-09-01,Bantry General Hospital,return_ed_attendances,543,True
2023,10,2023-10-01,Bantry General Hospital,return_ed_attendances,573,True
2023,11,2023-11-01,Bantry General Hospital,return_ed_attendances,612,True
2023,12,2023-12-01,Bantry General Hospital,return_ed_attendances,629,True
2024,1,2024-01-01,Bantry General Hospital,return_ed_attendances,765,True
2024,2,2024-02-01,Bantry General Hospital,return_ed_attendances,720,True
2024,3,2024-03-01,Bantry General Hospital,return_ed_attendances,701,True
2024,4,2024-04-01,Bantry General Hospital,return_ed_attendances,610,True
2024,5,2024-05-01,Bantry General Hospital,return_ed_attendances,622,True
2024,6,2024-06-01,Bantry General Hospital,return_ed_attendances,649,False
2024,7,2024-07-01,Bantry General Hospital,return_ed_attendances,629,False
2024,8,2024-08-01,Bantry General Hospital,return_ed_attendances,762,False
2024,9,2024-09-01,Bantry General Hospital,return_ed_attendances,717,False
2022,1,2022-01-01,Beaumont Hospital,all_emergency_presentations,6014,True
2022,2,2022-02-01,Beaumont Hospital,all_emergency_presentations,5731,True
2022,3,2022-03-01,Beaumont Hospital,all_emergency_presentations,5245,True
2022,4,2022-04-01,Beaumont Hospital,all_emergency_presentations,4841,True
2022,5,2022-05-01,Beaumont Hospital,all_emergency_presentations,4908,True
2022,6,2022-06-01,Beaumont Hospital,all_emergency_presentations,4729,True
2022,7,2022-07-01,Beaumont Hospital,all_emergency_presentations,4589,True
2022,8,2022-08-01,Beaumont Hospital,all_emergency_presentations,4857,True
2022,9,2022-09-01,Beaumont Hospital,all_emergency_presentations,4852,True
2022,10,2022-10-01,Beaumont Hospital,all_emergency_presentations,4935,True
2022,11,2022-11-01,Beaumont Hospital,all_emergency_presentations,5296,True
2022,12,2022-12-01,Beaumont Hospital,all_emergency_presentations,5742,True
2023,1,2023-01-01,Beaumont Hospital,all_emergency_presentations,6386,True
2023,2,2023-02-01,Beaumont Hospital,all_emergency_presentations,6091,True
2023,3,2023-03-01,Beaumont Hospital,all_emergency_presentations,5645,True
2023,4,2023-04-01,Beaumont Hospital,all_emergency_presentations,5236,True
2023,5,2023-05-01,Beaumont Hospital,all_emergency_presentations,4902,True
2023,6,2023-06-01,Beaumont Hospital,all_emergency_presentations,4903,True
2023,7,2023-07-01,Beaumont Hospital,all_emergency_presentations,5065,True
2023,8,2023-08-01,Beaumont Hospital,all_emergency_presentations,5165,True
2023,9,2023-09-01,Beaumont Hospital,all_emergency_presentations,5449,True
2023,10,2023-10-01,Beaumont Hospital,all_emergency_presentations,5535,True
2023,11,2023-11-01,Beaumont Hospital,all_emergency_presentations,5742,True
2023,12,2023-12-01,Beaumont Hospital,all_emergency_presentations,6082,True
2024,1,2024-01-01,Beaumont Hospital,all_emergency_presentations,6531,True
2024,2,2024-02-01,Beaumont Hospital,all_emergency_presentations,6148,True
2024,3,2024-03-01,Beaumont Hospital,all_emergency_presentations,5788,True
2024,4,2024-04-01,Beaumont Hospital,all_emergency_presentations,5307,True
2024,5,2024-05-01,Beaumont Hospital,all_emergency_presentations,5156,True
2024,6,2024-06-01,Beaumont Hospital,all_emergency_presentations,5332,False
2024,7,2024-07-01,Beaumont Hospital,all_emergency_presentations,5588,False
2024,8,2024-08-01,Beaumont Hospital,all_emergency_presentations,5572,False
2024,9,2024-09-01,Beaumont Hospital,all_emergency_presentations,5390,False
2022,1,2022-01-01,Beaumont Hospital,new_ed_attendances,1896,True
2022,2,2022-02-01,Beaumont Hospital,new_ed_attendances,1788,True
2022,3,2022-03-01,Beaumont Hospital,new_ed_attendances,1612,True
2022,4,2022-04-01,Beaumont Hospital,new_ed_attendances,1520,True
2022,5,2022-05-01,Beaumont Hospital,new_ed_attendances,1412,True
2022,6,2022-06-01,Beaumont Hospital,new_ed_attendances,1519,True
2022,7,2022-07-01,Beaumont Hospital,new_ed_attendances,1451,True
2022,8,2022-08-01,Beaumont Hospital,new_ed_attendances,1481,True
2022,9,2022-09-01,Beaumont Hospital,new_ed_attendances,1571,True
2022,10,2022-10-01,Beaumont Hospital,new_ed_attendances,1607,True
2022,11,2022-11-01,Beaumont Hospital,new_ed_attendances,1672,True
2022,12,2022-12-01,Beaumont Hospital,new_ed_attendances,1682,True
2023,1,2023-01-01,Beaumont Hospital,new_ed_attendances,2577,True
2023,2,2023-02-01,Beaumont Hospital,new_ed_attendances,2593,True
2023,3,2023-03-01,Beaumont Hospital,new_ed_attendances,2352,True
2023,4,2023-04-01,Beaumont Hospital,new_ed_attendances,2211,True
2023,5,2023-05-01,Beaumont Hospital,new_ed_attendances,2014,True
2023,6,2023-06-01,Beaumont Hospital,new_ed_attendances,1922,True
2023,7,2023-07-01,Beaumont Hospital,new_ed_attendances,2016,True
2023,8,2023-08-01,Beaumont Hospital,new_ed_attendances,2070,True
2023,9,2023-09-01,Beaumont Hospital,new_ed_attendances,2224,True
2023,10,2023-10-01,Beaumont Hospital,new_ed_attendances,2105,True
2023,11,2023-11-01,Beaumont Hospital,new_ed_attendances,2432,True
2023,12,2023-12-01,Beaumont Hospital,new_ed_attendances,2400,True
2024,1,2024-01-01,Beaumont Hospital,new_ed_attendances,12656,True
2024,2,2024-02-01,Beaumont Hospital,new_ed_attendances,12009,True
2024,3,2024-03-01,Beaumont Hospital,new_ed_attendances,10841,True
2024,4,2024-04-01,Beaumont Hospital,new_ed_attendances,10910,True
2024,5,2024-05-01,Beaumont Hospital,new_ed_attendances,10344,True
2024,6,2024-06-01,Beaumont Hospital,new_ed_attendances,67916,False
2024,7,2024-07-01,Beaumont Hospital,new_ed_attendances,1,False
2024,8,2024-08-01,Beaumont Hospital,new_ed_attendances,5,False
2024,9,2024-09-01,Beaumont Hospital,new_ed_attendances,17285,False
2022,1,2022-01-01,Beaumont Hospital,return_ed_attendances,238,True
2022,2,2022-02-01,Beaumont Hospital,return_ed_attendances,224,True
2022,3,2022-03-01,Beaumont Hospital,return_ed_attendances,204,True
2022,4,2022-04-01,Beaumont Hospital,return_ed_attendances,188,True
2022,5,2022-05-01,Beaumont Hospital,return_ed_attendances,179,True
2022,6,2022-06-01,Beaumont Hospital,return_ed_attendances,181,True
2022,7,2022-07-01,Beaumont Hospital,return_ed_attendances,188,True
2022,8,2022-08-01,Beaumont Hospital,return_ed_attendances,190,True
2022,9,2022-09-01,Beaumont Hospital,return_ed_attendances,196,True
2022,10,2022-10-01,Beaumont Hospital,return_ed_attendances,199,True
2022,11,2022-11-01,Beaumont Hospital,return_ed_attendances,219,True
2022,12,2022-12-01,Beaumont Hospital,return_ed_attendances,214,True
2023,1,2023-01-01,Beaumont Hospital,return_ed_attendances,240,True
2023,2,2023-02-01,Beaumont Hospital,return_ed_attendances,220,True
2023,3,2023-03-01,Beaumont Hospital,return_ed_attendances,204,True
2023,4,2023-04-01,Beaumont Hospital,return_ed_attendances,186,True
2023,5,2023-05-01,Beaumont Hospital,return_ed_attendances,186,True
2023,6,2023-06-01,Beaumont Hospital,return_ed_attendances,188,True
2023,7,2023-07-01,Beaumont Hospital,return_ed_attendances,190,True
2023,8,2023-08-01,Beaumont Hospital,return_ed_attendances,196,True
2023,9,2023-09-01,Beaumont Hospital,return_ed_attendances,202,True
2023,10,2023-10-01,Beaumont Hospital,return_ed_attendances,198,True
2023,11,2023-11-01,Beaumont Hospital,return_ed_attendances,212,True
2023,12,2023-12-01,Beaumont Hospital,return_ed_attendances,217,True
2024,1,2024-01-01,Beaumont Hospital,return_ed_attendances,244,True
2024,2,2024-02-01,Beaumont Hospital,return_ed_attendances,218,True
2024,3,2024-03-01,Beaumont Hospital,return_ed_attendances,214,True
2024,4,2024-04-01,Beaumont Hospital,return_ed_attendances,200,True
2024,5,2024-05-01,Beaumont Hospital,return_ed_attendances,199,True
2024,6,2024-06-01,Beaumont Hospital,return_ed_attendances,200,False
2024,7,2024-07-01,Beaumont Hospital,return_ed_attendances,262,False
2024,8,2024-08-01,Beaumont Hospital,return_ed_attendances,180,False
2024,9,2024-09-01,Beaumont Hospital,return_ed_attendances,70,False
2022,1,2022-01-01,Cavan General Hospital,all_emergency_presentations,4282,True
2022,2,2022-02-01,Cavan General Hospital,all_emergency_presentations,4056,True
2022,3,2022-03-01,Cavan General Hospital,all_emergency_presentations,3791,True
2022,4,2022-04-01,Cavan General Hospital,all_emergency_presentations,3369,True
2022,5,2022-05-01,Cavan General Hospital,all_emergency_presentations,3484,True
2022,6,2022-06-01,Cavan General Hospital,all_emergency_presentations,3353,True
2022,7,2022-07-01,Cavan General Hospital,all_emergency_presentations,3342,True
2022,8,2022-08-01,Cavan General Hospital,all_emergency_presentations,3568,True
2022,9,2022-09-01,Cavan General Hospital,all_emergency_presentations,3747,True
2022,10,2022-10-01,Cavan General Hospital,all_emergency_presentations,3573,True
2022,11,2022-11-01,Cavan General Hospital,all_emergency_presentations,3846,True
2022,12,2022-12-01,Cavan General Hospital,all_emergency_presentations,3988,True
2023,1,2023-01-01,Cavan General Hospital,all_emergency_presentations,4380,True
2023,2,2023-02-01,Cavan General Hospital,all_emergency_presentations,4463,True
2023,3,2023-03-01,Cavan General Hospital,all_emergency_presentations,3987,True
2023,4,2023-04-01,Cavan General Hospital,all_emergency_presentations,3714,True
2023,5,2023-05-01,Cavan General Hospital,all_emergency_presentations,3411,True
2023,6,2023-06-01,Cavan General Hospital,all_emergency_presentations,3581,True
2023,7,2023-07-01,Cavan General Hospital,all_emergency_presentations,3457,True
2023,8,2023-08-01,Cavan General Hospital,all_emergency_presentations,3674,True
2023,9,2023-09-01,Cavan General Hospital,all_emergency_presentations,3852,True
2023,10,2023-10-01,Cavan General Hospital,all_emergency_presentations,4095,True
2023,11,2023-11-01,Cavan General Hospital,all_emergency_presentations,3963,True
2023,12,2023-12-01,Cavan General Hospital,all_emergency_presentations,3891,True
2024,1,2024-01-01,Cavan General Hospital,all_emergency_presentations,4750,True
2024,2,2024-02-01,Cavan General Hospital,all_emergency_presentations,4811,True
2024,3,2024-03-01,Cavan General Hospital,all_emergency_presentations,4360,True
2024,4,2024-04-01,Cavan General Hospital,all_emergency_presentations,3948,True
2024,5,2024-05-01,Cavan General Hospital,all_emergency_presentations,3747,True
2024,6,2024-06-01,Cavan General Hospital,all_emergency_presentations,3619,False
2024,7,2024-07-01,Cavan General Hospital,all_emergency_presentations,3800,False
2024,8,2024-08-01,Cavan General Hospital,all_emergency_presentations,3592,False
2024,9,2024-09-01,Cavan General Hospital,all_emergency_presentations,3774,False
2022,1,2022-01-01,Cavan General Hospital,new_ed_attendances,1114,True
2022,2,2022-02-01,Cavan General Hospital,new_ed_attendances,1076,True
2022,3,2022-03-01,Cavan General Hospital,new_ed_attendances,1021,True
2022,4,2022-04-01,Cavan General Hospital,new_ed_attendances,1011,True
2022,5,2022-05-01,Cavan General Hospital,new_ed_attendances,926,True
2022,6,2022-06-01,Cavan General Hospital,new_ed_attendances,863,True
2022,7,2022-07-01,Cavan General Hospital,new_ed_attendances,916,True
2022,8,2022-08-01,Cavan General Hospital,new_ed_attendances,935,True
2022,9,2022-09-01,Cavan General Hospital,new_ed_attendances,903,True
2022,10,2022-10-01,Cavan General Hospital,new_ed_attendances,1010,True
2022,11,2022-11-01,Cavan General Hospital,new_ed_attendances,1053,True
2022,12,2022-12-01,Cavan General Hospital,new_ed_attendances,1123,True
2023,1,2023-01-01,Cavan General Hospital,new_ed_attendances,1713,True
2023,2,2023-02-01,Cavan General Hospital,new_ed_attendances,1621,True
2023,3,2023-03-01,Cavan General Hospital,new_ed_attendances,1432,True
2023,4,2023-04-01,Cavan General Hospital,new_ed_attendances,1303,True
2023,5,2023-05-01,Cavan General Hospital,new_ed_attendances,1407,True
2023,6,2023-06-01,Cavan General Hospital,new_ed_attendances,1267,True
2023,7,2023-07-01,Cavan General Hospital,new_ed_attendances,1293,True
2023,8,2023-08-01,Cavan General Hospital,new_ed_attendances,1319,True
2023,9,2023-09-01,Cavan General Hospital,new_ed_attendances,1383,True
2023,10,2023-10-01,Cavan General Hospital,new_ed_attendances,1410,True
2023,11,2023-11-01,Cavan General Hospital,new_ed_attendances,1460,True
2023,12,2023-12-01,Cavan General Hospital,new_ed_attendances,1515,True
2024,1,2024-01-01,Cavan General Hospital,new_ed_attendances,2937,True
2024,2,2024-02-01,Cavan General Hospital,new_ed_attendances,2794,True
2024,3,2024-03-01,Cavan General Hospital,new_ed_attendances,2560,True
2024,4,2024-04-01,Cavan General Hospital,new_ed_attendances,2449,True
2024,5,2024-05-01,Cavan General Hospital,new_ed_attendances,2349,True
2024,6,2024-06-01,Cavan General Hospital,new_ed_attendances,16911,False
2024,7,2024-07-01,Cavan General Hospital,new_ed_attendances,14,False
2024,8,2024-08-01,Cavan General Hospital,new_ed_attendances,13,False
2024,9,2024-09-01,Cavan General Hospital,new_ed_attendances,10743,False
2022,1,2022-01-01,Cavan General Hospital,return_ed_attendances,15,True
2022,2,2022-02-01,Cavan General Hospital,return_ed_attendances,15,True
2022,3,2022-03-01,Cavan General Hospital,return_ed_attendances,15,True
2022,4,2022-04-01,Cavan General Hospital,return_ed_attendances,13,True
2022,5,2022-05-01,Cavan General Hospital,return_ed_attendances,12,True
2022,6,2022-06-01,Cavan General Hospital,return_ed_attendances,11,True
2022,7,2022-07-01,Cavan General Hospital,return_ed_attendances,13,True
2022,8,2022-08-01,Cavan General Hospital,return_ed_attendances,12,True
2022,9,2022-09-01,Cavan General Hospital,return_ed_attendances,13,True
2022,10,2022-10-01,Cavan General Hospital,return_ed_attendances,14,True
2022,11,2022-11-01,Cavan General Hospital,return_ed_attendances,14,True
2022,12,2022-12-01,Cavan General Hospital,return_ed_attendances,15,True
2023,1,2023-01-01,Cavan General Hospital,return_ed_attendances,22,True
2023,2,2023-02-01,Cavan General Hospital,return_ed_attendances,22,True
2023,3,2023-03-01,Cavan General Hospital,return_ed_attendances,19,True
2023,4,2023-04-01,Cavan General Hospital,return_ed_attendances,18,True
2023,5,2023-05-01,Cavan General Hospital,return_ed_attendances,17,True
2023,6,2023-06-01,Cavan General Hospital,return_ed_attendances,17,True
2023,7,2023-07-01,Cavan General Hospital,return_ed_attendances,18,True
2023,8,2023-08-01,Cavan General Hospital,return_ed_attendances,18,True
2023,9,2023-09-01,Cavan General Hospital,return_ed_attendances,19,True
2023,10,2023-10-01,Cavan General Hospital,return_ed_attendances,18,True
2023,11,2023-11-01,Cavan General Hospital,return_ed_attendances,21,True
2023,12,2023-12-01,Cavan General Hospital,return_ed_attendances,22,True
2024,1,2024-01-01,Cavan General Hospital,return_ed_attendances,45,True
2024,2,2024-02-01,Cavan General Hospital,return_ed_attendances,45,True
2024,3,2024-03-01,Cavan General Hospital,return_ed_attendances,37,True
2024,4,2024-04-01,Cavan General Hospital,return_ed_attendances,36,True
2024,5,2024-05-01,Cavan General Hospital,return_ed_attendances,35,True
2024,6,2024-06-01,Cavan General Hospital,return_ed_attendances,23,False
2024,7,2024-07-01,Cavan General Hospital,return_ed_attendances,46,False
2024,8,2024-08-01,Cavan General Hospital,return_ed_attendances,45,False
2024,9,2024-09-01,Cavan General Hospital,return_ed_attendances,58,False
2022,1,2022-01-01,Children's Health Ireland,all_emergency_presentations,13320,True
2022,2,2022-02-01,Children's Health Ireland,all_emergency_presentations,13403,True
2022,3,2022-03-01,Children's Health Ireland,all_emergency_presentations,11416,True
2022,4,2022-04-01,Children's Health Ireland,all_emergency_presentations,10969,True
2022,5,2022-05-01,Children's Health Ireland,all_emergency_presentations,10465,True
2022,6,2022-06-01,Children's Health Ireland,all_emergency_presentations,9778,True
2022,7,2022-07-01,Children's Health Ireland,all_emergency_presentations,10557,True
2022,8,2022-08-01,Children's Health Ireland,all_emergency_presentations,10769,True
2022,9,2022-09-01,Children's Health Ireland,all_emergency_presentations,11770,True
2022,10,2022-10-01,Children's Health Ireland,all_emergency_presentations,11816,True
2022,11,2022-11-01,Children's Health Ireland,all_emergency_presentations,11785,True
2022,12,2022-12-01,Children's Health Ireland,all_emergency_presentations,13311,True
2023,1,2023-01-01,Children's Health Ireland,all_emergency_presentations,14161,True
2023,2,2023-02-01,Children's Health Ireland,all_emergency_presentations,13428,True
2023,3,2023-03-01,Children's Health Ireland,all_emergency_presentations,12073,True
2023,4,2023-04-01,Children's Health Ireland,all_emergency_presentations,11019,True
2023,5,2023-05-01,Children's Health Ireland,all_emergency_presentations,10875,True
2023,6,2023-06-01,Children's Health Ireland,all_emergency_presentations,10999,True
2023,7,2023-07-01,Children's Health Ireland,all_emergency_presentations,11498,True
2023,8,2023-08-01,Children's Health Ireland,all_emergency_presentations,11628,True
2023,9,2023-09-01,Children's Health Ireland,all_emergency_presentations,11407,True
2023,10,2023-10-01,Children's Health Ireland,all_emergency_presentations,11524,True
2023,11,2023-11-01,Children's Health Ireland,all_emergency_presentations,12556,True
2023,12,2023-12-01,Children's Health Ireland,all_emergency_presentations,12278,True
2024,1,2024-01-01,Children's Health Ireland,all_emergency_presentations,14184,True
2024,2,2024-02-01,Children's Health Ireland,all_emergency_presentations,13511,True
2024,3,2024-03-01,Children's Health Ireland,all_emergency_presentations,12325,True
2024,4,2024-04-01,Children's Health Ireland,all_emergency_presentations,11108,True
2024,5,2024-05-01,Children's Health Ireland,all_emergency_presentations,11484,True
2024,6,2024-06-01,Children's Health Ireland,all_emergency_presentations,11474,False
2024,7,2024-07-01,Children's Health Ireland,all_emergency_presentations,10033,False
2024,8,2024-08-01,Children's Health Ireland,all_emergency_presentations,9476,False
2024,9,2024-09-01,Children's Health Ireland,all_emergency_presentations,11705,False
2022,1,2022-01-01,Children's Health Ireland,new_ed_attendances,1738,True
2022,2,2022-02-01,Children's Health Ireland,new_ed_attendances,1648,True
2022,3,2022-03-01,Children's Health Ireland,new_ed_attendances,1553,True
2022,4,2022-04-01,Children's Health Ireland,new_ed_attendances,1487,True
2022,5,2022-05-01,Children's Health Ireland,new_ed_attendances,1369,True
2022,6,2022-06-01,Children's Health Ireland,new_ed_attendances,1326,True
2022,7,2022-07-01,Children's Health Ireland,new_ed_attendances,1429,True
2022,8,2022-08-01,Children's Health Ireland,new_ed_attendances,1425,True
2022,9,2022-09-01,Children's Health Ireland,new_ed_attendances,1431,True
2022,10,2022-10-01,Children's Health Ireland,new_ed_attendances,1519,True
2022,11,2022-11-01,Children's Health Ireland,new_ed_attendances,1546,True
2022,12,2022-12-01,Children's Health Ireland,new_ed_attendances,1603,True
2023,1,2023-01-01,Children's Health Ireland,new_ed_attendances,2415,True
2023,2,2023-02-01,Children's Health Ireland,new_ed_attendances,2183,True
2023,3,2023-03-01,Children's Health Ireland,new_ed_attendances,2023,True
2023,4,2023-04-01,Children's Health Ireland,new_ed_attendances,1958,True
2023,5,2023-05-01,Children's Health Ireland,new_ed_attendances,1872,True
2023,6,2023-06-01,Children's Health Ireland,new_ed_attendances,1887,True
2023,7,2023-07-01,Children's Health Ireland,new_ed_attendances,1858,True
2023,8,2023-08-01,Children's Health Ireland,new_ed_attendances,1868,True
2023,9,2023-09-01,Children's Health Ireland,new_ed_attendances,2121,True
2023,10,2023-10-01,Children's Health Ireland,new_ed_attendances,2079,True
2023,11,2023-11-01,Children's Health Ireland,new_ed_attendances,2199,True
2023,12,2023-12-01,Children's Health Ireland,new_ed_attendances,2178,True
2024,1,2024-01-01,Children's Health Ireland,new_ed_attendances,9362,True
2024,2,2024-02-01,Children's Health Ireland,new_ed_attendances,9225,True
2024,3,2024-03-01,Children's Health Ireland,new_ed_attendances,8176,True
2024,4,2024-04-01,Children's Health Ireland,new_ed_attendances,7993,True
2024,5,2024-05-01,Children's Health Ireland,new_ed_attendances,7524,True
2024,6,2024-06-01,Children's Health Ireland,new_ed_attendances,51744,False
2024,7,2024-07-01,Children's Health Ireland,new_ed_attendances,20,False
2024,8,2024-08-01,Children's Health Ireland,new_ed_attendances,9,False
2024,9,2024-09-01,Children's Health Ireland,new_ed_attendances,15518,False
2022,1,2022-01-01,Children's Health Ireland,return_ed_attendances,685,True
2022,2,2022-02-01,Children's Health Ireland,return_ed_attendances,668,True
2022,3,2022-03-01,Children's Health Ireland,return_ed_attendances,578,True
2022,4,2022-04-01,Children's Health Ireland,return_ed_attendances,544,True
2022,5,2022-05-01,Children's Health Ireland,return_ed_attendances,555,True
2022,6,2022-06-01,Children's Health Ireland,return_ed_attendances,545,True
2022,7,2022-07-01,Children's Health Ireland,return_ed_attendances,539,True
2022,8,2022-08-01,Children's Health Ireland,return_ed_attendances,527,True
2022,9,2022-09-01,Children's Health Ireland,return_ed_attendances,597,True
2022,10,2022-10-01,Children's Health Ireland,return_ed_attendances,571,True
2022,11,2022-11-01,Children's Health Ireland,return_ed_attendances,602,True
2022,12,2022-12-01,Children's Health Ireland,return_ed_attendances,638,True
2023,1,2023-01-01,Children's Health Ireland,return_ed_attendances,729,True
2023,2,2023-02-01,Children's Health Ireland,return_ed_attendances,690,True
2023,3,2023-03-01,Children's Health Ireland,return_ed_attendances,628,True
2023,4,2023-04-01,Children's Health Ireland,return_ed_attendances,587,True
2023,5,2023-05-01,Children's Health Ireland,return_ed_attendances,562,True
2023,6,2023-06-01,Children's Health Ireland,return_ed_attendances,552,True
2023,7,2023-07-01,Children's Health Ireland,return_ed_attendances,513,True
2023,8,2023-08-01,Children's Health Ireland,return_ed_attendances,562,True
2023,9,2023-09-01,Children's Health Ireland,return_ed_attendances,595,True
2023,10,2023-10-01,Children's Health Ireland,return_ed_attendances,587,True
2023,11,2023-11-01,Children's Health Ireland,return_ed_attendances,645,True
2023,12,2023-12-01,Children's Health Ireland,return_ed_attendances,657,True
2024,1,2024-01-01,Children's Health Ireland,return_ed_attendances,768,True
2024,2,2024-02-01,Children's Health Ireland,return_ed_attendances,738,True
2024,3,2024-03-01,Children's Health Ireland,return_ed_attendances,640,True
2024,4,2024-04-01,Children's Health Ireland,return_ed_attendances,603,True
2024,5,2024-05-01,Children's Health Ireland,return_ed_attendances,586,True
2024,6,2024-06-01,Children's Health Ireland,return_ed_attendances,641,False
2024,7,2024-07-01,Children's Health Ireland,return_ed_attendances,559,False
2024,8,2024-08-01,Children's Health Ireland,return_ed_attendances,446,False
2024,9,2024-09-01,Children's Health Ireland,return_ed_attendances,553,False
2022,1,2022-01-01,Connolly Hospital Blanchardstown,all_emergency_presentations,4813,True
2022,2,2022-02-01,Connolly Hospital Blanchardstown,all_emergency_presentations,4407,True
2022,3,2022-03-01,Connolly Hospital Blanchardstown,all_emergency_presentations,4241,True
2022,4,2022-04-01,Connolly Hospital Blanchardstown,all_emergency_presentations,3962,True
2022,5,2022-05-01,Connolly Hospital Blanchardstown,all_emergency_presentations,3903,True
2022,6,2022-06-01,Connolly Hospital Blanchardstown,all_emergency_presentations,3967,True
2022,7,2022-07-01,Connolly Hospital Blanchardstown,all_emergency_presentations,3787,True
2022,8,2022-08-01,Connolly Hospital Blanchardstown,all_emergency_presentations,3765,True
2022,9,2022-09-01,Connolly Hospital Blanchardstown,all_emergency_presentations,3979,True
2022,10,2022-10-01,Connolly Hospital Blanchardstown,all_emergency_presentations,3884,True
2022,11,2022-11-01,Connolly Hospital Blanchardstown,all_emergency_presentations,4211,True
2022,12,2022-12-01,Connolly Hospital Blanchardstown,all_emergency_presentations,4405,True
2023,1,2023-01-01,Connolly Hospital Blanchardstown,all_emergency_presentations,4930,True
2023,2,2023-02-01,Connolly Hospital Blanchardstown,all_emergency_presentations,4861,True
2023,3,2023-03-01,Connolly Hospital Blanchardstown,all_emergency_presentations,4347,True
2023,4,2023-04-01,Connolly Hospital Blanchardstown,all_emergency_presentations,4300,True
2023,5,2023-05-01,Connolly Hospital Blanchardstown,all_emergency_presentations,4032,True
2023,6,2023-06-01,Connolly Hospital Blanchardstown,all_emergency_presentations,3904,True
2023,7,2023-07-01,Connolly Hospital Blanchardstown,all_emergency_presentations,3951,True
2023,8,2023-08-01,Connolly Hospital Blanchardstown,all_emergency_presentations,4094,True
2023,9,2023-09-01,Connolly Hospital Blanchardstown,all_emergency_presentations,4350,True
2023,10,2023-10-01,Connolly Hospital Blanchardstown,all_emergency_presentations,4258,True
2023,11,2023-11-01,Connolly Hospital Blanchardstown,all_emergency_presentations,4494,True
2023,12,2023-12-01,Connolly Hospital Blanchardstown,all_emergency_presentations,4711,True
2024,1,2024-01-01,Connolly Hospital Blanchardstown,all_emergency_presentations,5123,True
2024,2,2024-02-01,Connolly Hospital Blanchardstown,all_emergency_presentations,5031,True
2024,3,2024-03-01,Connolly Hospital Blanchardstown,all_emergency_presentations,4682,True
2024,4,2024-04-01,Connolly Hospital Blanchardstown,all_emergency_presentations,4550,True
2024,5,2024-05-01,Connolly Hospital Blanchardstown,all_emergency_presentations,4332,True
2024,6,2024-06-01,Connolly Hospital Blanchardstown,all_emergency_presentations,4409,False
2024,7,2024-07-01,Connolly Hospital Blanchardstown,all_emergency_presentations,4562,False
2024,8,2024-08-01,Connolly Hospital Blanchardstown,all_emergency_presentations,4529,False
2024,9,2024-09-01,Connolly Hospital Blanchardstown,all_emergency_presentations,4471,False
2022,1,2022-01-01,Connolly Hospital Blanchardstown,new_ed_attendances,1105,True
2022,2,2022-02-01,Connolly Hospital Blanchardstown,new_ed_attendances,940,True
2022,3,2022-03-01,Connolly Hospital Blanchardstown,new_ed_attendances,972,True
2022,4,2022-04-01,Connolly Hospital Blanchardstown,new_ed_attendances,911,True
2022,5,2022-05-01,Connolly Hospital Blanchardstown,new_ed_attendances,798,True
2022,6,2022-06-01,Connolly Hospital Blanchardstown,new_ed_attendances,816,True
2022,7,2022-07-01,Connolly Hospital Blanchardstown,new_ed_attendances,833,True
2022,8,2022-08-01,Connolly Hospital Blanchardstown,new_ed_attendances,824,True
2022,9,2022-09-01,Connolly Hospital Blanchardstown,new_ed_attendances,875,True
2022,10,2022-10-01,Connolly Hospital Blanchardstown,new_ed_attendances,892,True
2022,11,2022-11-01,Connolly Hospital Blanchardstown,new_ed_attendances,1019,True
2022,12,2022-12-01,Connolly Hospital Blanchardstown,new_ed_attendances,1032,True
2023,1,2023-01-01,Connolly Hospital Blanchardstown,new_ed_attendances,1537,True
2023,2,2023-02-01,Connolly Hospital Blanchardstown,new_ed_attendances,1461,True
2023,3,2023-03-01,Connolly Hospital Blanchardstown,new_ed_attendances,1273,True
2023,4,2023-04-01,Connolly Hospital Blanchardstown,new_ed_attendances,1210,True
2023,5,2023-05-01,Connolly Hospital Blanchardstown,new_ed_attendances,1209,True
2023,6,2023-06-01,Connolly Hospital Blanchardstown,new_ed_attendances,1112,True
2023,7,2023-07-01,Connolly Hospital Blanchardstown,new_ed_attendances,1205,True
2023,8,2023-08-01,Connolly Hospital Blanchardstown,new_ed_attendances,1196,True
2023,9,2023-09-01,Connolly Hospital Blanchardstown,new_ed_attendances,1241,True
2023,10,2023-10-01,Connolly Hospital Blanchardstown,new_ed_attendances,1320,True
2023,11,2023-11-01,Connolly Hospital Blanchardstown,new_ed_attendances,1373,True
2023,12,2023-12-01,Connolly Hospital Blanchardstown,new_ed_attendances,1390,True
2024,1,2024-01-01,Connolly Hospital Blanchardstown,new_ed_attendances,5415,True
2024,2,2024-02-01,Connolly Hospital Blanchardstown,new_ed_attendances,4892,True
2024,3,2024-03-01,Connolly Hospital Blanchardstown,new_ed_attendances,4743,True
2024,4,2024-04-01,Connolly Hospital Blanchardstown,new_ed_attendances,4424,True
2024,5,2024-05-01,Connolly Hospital Blanchardstown,new_ed_attendances,4174,True
2024,6,2024-06-01,Connolly Hospital Blanchardstown,new_ed_attendances,27501,False
2024,7,2024-07-01,Connolly Hospital Blanchardstown,new_ed_attendances,1,False
2024,8,2024-08-01,Connolly Hospital Blanchardstown,new_ed_attendances,2,False
2024,9,2024-09-01,Connolly Hospital Blanchardstown,new_ed_attendances,10051,False
2022,1,2022-01-01,Connolly Hospital Blanchardstown,return_ed_attendances,500,True
2022,2,2022-02-01,Connolly Hospital Blanchardstown,return_ed_attendances,458,True
2022,3,2022-03-01,Connolly Hospital Blanchardstown,return_ed_attendances,445,True
2022,4,2022-04-01,Connolly Hospital Blanchardstown,return_ed_attendances,423,True
2022,5,2022-05-01,Connolly Hospital Blanchardstown,return_ed_attendances,402,True
2022,6,2022-06-01,Connolly Hospital Blanchardstown,return_ed_attendances,385,True
2022,7,2022-07-01,Connolly Hospital Blanchardstown,return_ed_attendances,378,True
2022,8,2022-08-01,Connolly Hospital Blanchardstown,return_ed_attendances,388,True
2022,9,2022-09-01,Connolly Hospital Blanchardstown,return_ed_attendances,430,True
2022,10,2022-10-01,Connolly Hospital Blanchardstown,return_ed_attendances,437,True
2022,11,2022-11-01,Connolly Hospital Blanchardstown,return_ed_attendances,447,True
2022,12,2022-12-01,Connolly Hospital Blanchardstown,return_ed_attendances,458,True
2023,1,2023-01-01,Connolly Hospital Blanchardstown,return_ed_attendances,395,True
2023,2,2023-02-01,Connolly Hospital Blanchardstown,return_ed_attendances,393,True
2023,3,2023-03-01,Connolly Hospital Blanchardstown,return_ed_attendances,396,True
2023,4,2023-04-01,Connolly Hospital Blanchardstown,return_ed_attendances,336,True
2023,5,2023-05-01,Connolly Hospital Blanchardstown,return_ed_attendances,340,True
2023,6,2023-06-01,Connolly Hospital Blanchardstown,return_ed_attendances,338,True
2023,7,2023-07-01,Connolly Hospital Blanchardstown,return_ed_attendances,322,True
2023,8,2023-08-01,Connolly Hospital Blanchardstown,return_ed_attendances,344,True
2023,9,2023-09-01,Connolly Hospital Blanchardstown,return_ed_attendances,366,True
2023,10,2023-10-01,Connolly Hospital Blanchardstown,return_ed_attendances,367,True
2023,11,2023-11-01,Connolly Hospital Blanchardstown,return_ed_attendances,418,True
2023,12,2023-12-01,Connolly Hospital Blanchardstown,return_ed_attendances,379,True
2024,1,2024-01-01,Connolly Hospital Blanchardstown,return_ed_attendances,373,True
2024,2,2024-02-01,Connolly Hospital Blanchardstown,return_ed_attendances,347,True
2024,3,2024-03-01,Connolly Hospital Blanchardstown,return_ed_attendances,329,True
2024,4,2024-04-01,Connolly Hospital Blanchardstown,return_ed_attendances,304,True
2024,5,2024-05-01,Connolly Hospital Blanchardstown,return_ed_attendances,285,True
2024,6,2024-06-01,Connolly Hospital Blanchardstown,return_ed_attendances,325,False
2024,7,2024-07-01,Connolly Hospital Blanchardstown,return_ed_attendances,304,False
2024,8,2024-08-01,Connolly Hospital Blanchardstown,return_ed_attendances,350,False
2024,9,2024-09-01,Connolly Hospital Blanchardstown,return_ed_attendances,282,False
2022,1,2022-01-01,Coombe Women and Infants University Hospital,new_ed_attendances,1154,True
2022,2,2022-02-01,Coombe Women and Infants University Hospital,new_ed_attendances,1136,True
2022,3,2022-03-01,Coombe Women and Infants University Hospital,new_ed_attendances,1002,True
2022,4,2022-04-01,Coombe Women and Infants University Hospital,new_ed_attendances,944,True
2022,5,2022-05-01,Coombe Women and Infants University Hospital,new_ed_attendances,889,True
2022,6,2022-06-01,Coombe Women and Infants University Hospital,new_ed_attendances,859,True
2022,7,2022-07-01,Coombe Women and Infants University Hospital,new_ed_attendances,933,True
2022,8,2022-08-01,Coombe Women and Infants University Hospital,new_ed_attendances,968,True
2022,9,2022-09-01,Coombe Women and Infants University Hospital,new_ed_attendances,966,True
2022,10,2022-10-01,Coombe Women and Infants University Hospital,new_ed_attendances,1028,True
2022,11,2022-11-01,Coombe Women and Infants University Hospital,new_ed_attendances,1057,True
2022,12,2022-12-01,Coombe Women and Infants University Hospital,new_ed_attendances,1064,True
2023,1,2023-01-01,Coombe Women and Infants University Hospital,new_ed_attendances,1617,True
2023,2,2023-02-01,Coombe Women and Infants University Hospital,new_ed_attendances,1617,True
2023,3,2023-03-01,Coombe Women and Infants University Hospital,new_ed_attendances,1422,True
2023,4,2023-04-01,Coombe Women and Infants University Hospital,new_ed_attendances,1391,True
2023,5,2023-05-01,Coombe Women and Infants University Hospital,new_ed_attendances,1187,True
2023,6,2023-06-01,Coombe Women and Infants University Hospital,new_ed_attendances,1278,True
2023,7,2023-07-01,Coombe Women and Infants University Hospital,new_ed_attendances,1278,True
2023,8,2023-08-01,Coombe Women and Infants University Hospital,new_ed_attendances,1290,True
2023,9,2023-09-01,Coombe Women and Infants University Hospital,new_ed_attendances,1360,True
2023,10,2023-10-01,Coombe Women and Infants University Hospital,new_ed_attendances,1313,True
2023,11,2023-11-01,Coombe Women and Infants University Hospital,new_ed_attendances,1455,True
2023,12,2023-12-01,Coombe Women and Infants University Hospital,new_ed_attendances,1535,True
2024,1,2024-01-01,Coombe Women and Infants University Hospital,new_ed_attendances,2973,True
2024,2,2024-02-01,Coombe Women and Infants University Hospital,new_ed_attendances,2708,True
2024,3,2024-03-01,Coombe Women and Infants University Hospital,new_ed_attendances,2472,True
2024,4,2024-04-01,Coombe Women and Infants University Hospital,new_ed_attendances,2329,True
2024,5,2024-05-01,Coombe Women and Infants University Hospital,new_ed_attendances,2355,True
2024,6,2024-06-01,Coombe Women and Infants University Hospital,new_ed_attendances,14079,False
2024,9,2024-09-01,Coombe Women and Infants University Hospital,new_ed_attendances,11278,False
2022,1,2022-01-01,Coombe Women and Infants University Hospital,return_ed_attendances,732,True
2022,2,2022-02-01,Coombe Women and Infants University Hospital,return_ed_attendances,735,True
2022,3,2022-03-01,Coombe Women and Infants University Hospital,return_ed_attendances,670,True
2022,4,2022-04-01,Coombe Women and Infants University Hospital,return_ed_attendances,623,True
2022,5,2022-05-01,Coombe Women and Infants University Hospital,return_ed_attendances,591,True
2022,6,2022-06-01,Coombe Women and Infants University Hospital,return_ed_attendances,555,True
2022,7,2022-07-01,Coombe Women and Infants University Hospital,return_ed_attendances,599,True
2022,8,2022-08-01,Coombe Women and Infants University Hospital,return_ed_attendances,588,True
2022,9,2022-09-01,Coombe Women and Infants University Hospital,return_ed_attendances,669,True
2022,10,2022-10-01,Coombe Women and Infants University Hospital,return_ed_attendances,658,True
2022,11,2022-11-01,Coombe Women and Infants University Hospital,return_ed_attendances,666,True
2022,12,2022-12-01,Coombe Women and Infants University Hospital,return_ed_attendances,690,True
2023,1,2023-01-01,Coombe Women and Infants University Hospital,return_ed_attendances,684,True
2023,2,2023-02-01,Coombe Women and Infants University Hospital,return_ed_attendances,658,True
2023,3,2023-03-01,Coombe Women and Infants University Hospital,return_ed_attendances,631,True
2023,4,2023-04-01,Coombe Women and Infants University Hospital,return_ed_attendances,573,True
2023,5,2023-05-01,Coombe Women and Infants University Hospital,return_ed_attendances,540,True
2023,6,2023-06-01,Coombe Women and Infants University Hospital,return_ed_attendances,565,True
2023,7,2023-07-01,Coombe Women and Infants University Hospital,return_ed_attendances,547,True
2023,8,2023-08-01,Coombe Women and Infants University Hospital,return_ed_attendances,571,True
2023,9,2023-09-01,Coombe Women and Infants University Hospital,return_ed_attendances,571,True
2023,10,2023-10-01,Coombe Women and Infants University Hospital,return_ed_attendances,605,True
2023,11,2023-11-01,Coombe Women and Infants University Hospital,return_ed_attendances,634,True
2023,12,2023-12-01,Coombe Women and Infants University Hospital,return_ed_attendances,614,True
2024,1,2024-01-01,Coombe Women and Infants University Hospital,return_ed_attendances,673,True
2024,2,2024-02-01,Coombe Women and Infants University Hospital,return_ed_attendances,637,True
2024,3,2024-03-01,Coombe Women and Infants University Hospital,return_ed_attendances,558,True
2024,4,2024-04-01,Coombe Women and Infants University Hospital,return_ed_attendances,510,True
2024,5,2024-05-01,Coombe Women and Infants University Hospital,return_ed_attendances,516,True
2024,6,2024-06-01,Coombe Women and Infants University Hospital,return_ed_attendances,531,False
2024,7,2024-07-01,Coombe Women and Infants University Hospital,return_ed_attendances,597,False
2024,8,2024-08-01,Coombe Women and Infants University Hospital,return_ed_attendances,557,False
2024,9,2024-09-01,Coombe Women and Infants University Hospital,return_ed_attendances,538,False
2022,1,2022-01-01,Cork University Hospital,all_emergency_presentations,7063,True
2022,2,2022-02-01,Cork University Hospital,all_emergency_presentations,6820,True
2022,3,2022-03-01,Cork University Hospital,all_emergency_presentations,5921,True
2022,4,2022-04-01,Cork University Hospital,all_emergency_presentations,5864,True
2022,5,2022-05-01,Cork University Hospital,all_emergency_presentations,5804,True
2022,6,2022-06-01,Cork University Hospital,all_emergency_presentations,5192,True
2022,7,2022-07-01,Cork University Hospital,all_emergency_presentations,5339,True
2022,8,2022-08-01,Cork University Hospital,all_emergency_presentations,5778,True
2022,9,2022-09-01,Cork University Hospital,all_emergency_presentations,5888,True
2022,10,2022-10-01,Cork University Hospital,all_emergency_presentations,6115,True
2022,11,2022-11-01,Cork University Hospital,all_emergency_presentations,6372,True
2022,12,2022-12-01,Cork University Hospital,all_emergency_presentations,6618,True
2023,1,2023-01-01,Cork University Hospital,all_emergency_presentations,7363,True
2023,2,2023-02-01,Cork University Hospital,all_emergency_presentations,7641,True
2023,3,2023-03-01,Cork University Hospital,all_emergency_presentations,7062,True
2023,4,2023-04-01,Cork University Hospital,all_emergency_presentations,6324,True
2023,5,2023-05-01,Cork University Hospital,all_emergency_presentations,6165,True
2023,6,2023-06-01,Cork University Hospital,all_emergency_presentations,5704,True
2023,7,2023-07-01,Cork University Hospital,all_emergency_presentations,6202,True
2023,8,2023-08-01,Cork University Hospital,all_emergency_presentations,6345,True
2023,9,2023-09-01,Cork University Hospital,all_emergency_presentations,6486,True
2023,10,2023-10-01,Cork University Hospital,all_emergency_presentations,6919,True
2023,11,2023-11-01,Cork University Hospital,all_emergency_presentations,6948,True
2023,12,2023-12-01,Cork University Hospital,all_emergency_presentations,7401,True
2024,1,2024-01-01,Cork University Hospital,all_emergency_presentations,8271,True
2024,2,2024-02-01,Cork University Hospital,all_emergency_presentations,8237,True
2024,3,2024-03-01,Cork University Hospital,all_emergency_presentations,7552,True
2024,4,2024-04-01,Cork University Hospital,all_emergency_presentations,7134,True
2024,5,2024-05-01,Cork University Hospital,all_emergency_presentations,6793,True
2024,6,2024-06-01,Cork University Hospital,all_emergency_presentations,7381,False
2024,7,2024-07-01,Cork University Hospital,all_emergency_presentations,7076,False
2024,8,2024-08-01,Cork University Hospital,all_emergency_presentations,7017,False
2024,9,2024-09-01,Cork University Hospital,all_emergency_presentations,7309,False
2022,1,2022-01-01,Cork University Hospital,new_ed_attendances,3022,True
2022,2,2022-02-01,Cork University Hospital,new_ed_attendances,2845,True
2022,3,2022-03-01,Cork University Hospital,new_ed_attendances,2634,True
2022,4,2022-04-01,Cork University Hospital,new_ed_attendances,2471,True
2022,5,2022-05-01,Cork University Hospital,new_ed_attendances,2449,True
2022,6,2022-06-01,Cork University Hospital,new_ed_attendances,2379,True
2022,7,2022-07-01,Cork University Hospital,new_ed_attendances,2352,True
2022,8,2022-08-01,Cork University Hospital,new_ed_attendances,2442,True
2022,9,2022-09-01,Cork University Hospital,new_ed_attendances,2709,True
2022,10,2022-10-01,Cork University Hospital,new_ed_attendances,2758,True
2022,11,2022-11-01,Cork University Hospital,new_ed_attendances,2785,True
2022,12,2022-12-01,Cork University Hospital,new_ed_attendances,2854,True
2023,1,2023-01-01,Cork University Hospital,new_ed_attendances,4221,True
2023,2,2023-02-01,Cork University Hospital,new_ed_attendances,4138,True
2023,3,2023-03-01,Cork University Hospital,new_ed_attendances,3627,True
2023,4,2023-04-01,Cork University Hospital,new_ed_attendances,3466,True
2023,5,2023-05-01,Cork University Hospital,new_ed_attendances,3216,True
2023,6,2023-06-01,Cork University Hospital,new_ed_attendances,3318,True
2023,7,2023-07-01,Cork University Hospital,new_ed_attendances,3415,True
2023,8,2023-08-01,Cork University Hospital,new_ed_attendances,3372,True
2023,9,2023-09-01,Cork University Hospital,new_ed_attendances,3732,True
2023,10,2023-10-01,Cork University Hospital,new_ed_attendances,3536,True
2023,11,2023-11-01,Cork University Hospital,new_ed_attendances,3680,True
2023,12,2023-12-01,Cork University Hospital,new_ed_attendances,4019,True
2024,1,2024-01-01,Cork University Hospital,new_ed_attendances,15474,True
2024,2,2024-02-01,Cork University Hospital,new_ed_attendances,15226,True
2024,3,2024-03-01,Cork University Hospital,new_ed_attendances,13166,True
2024,4,2024-04-01,Cork University Hospital,new_ed_attendances,12863,True
2024,5,2024-05-01,Cork University Hospital,new_ed_attendances,12064,True
2024,6,2024-06-01,Cork University Hospital,new_ed_attendances,77866,False
2024,7,2024-07-01,Cork University Hospital,new_ed_attendances,15,False
2024,8,2024-08-01,Cork University Hospital,new_ed_attendances,2,False
2024,9,2024-09-01,Cork University Hospital,new_ed_attendances,27916,False
2022,1,2022-01-01,Cork University Hospital,return_ed_attendances,400,True
2022,2,2022-02-01,Cork University Hospital,return_ed_attendances,359,True
2022,3,2022-03-01,Cork University Hospital,return_ed_attendances,355,True
2022,4,2022-04-01,Cork University Hospital,return_ed_attendances,335,True
2022,5,2022-05-01,Cork University Hospital,return_ed_attendances,315,True
2022,6,2022-06-01,Cork University Hospital,return_ed_attendances,310,True
2022,7,2022-07-01,Cork University Hospital,return_ed_attendances,336,True
2022,8,2022-08-01,Cork University Hospital,return_ed_attendances,335,True
2022,9,2022-09-01,Cork University Hospital,return_ed_attendances,333,True
2022,10,2022-10-01,Cork University Hospital,return_ed_attendances,335,True
2022,11,2022-11-01,Cork University Hospital,return_ed_attendances,366,True
2022,12,2022-12-01,Cork University Hospital,return_ed_attendances,381,True
2023,1,2023-01-01,Cork University Hospital,return_ed_attendances,519,True
2023,2,2023-02-01,Cork University Hospital,return_ed_attendances,486,True
2023,3,2023-03-01,Cork University Hospital,return_ed_attendances,462,True
2023,4,2023-04-01,Cork University Hospital,return_ed_attendances,449,True
2023,5,2023-05-01,Cork University Hospital,return_ed_attendances,422,True
2023,6,2023-06-01,Cork University Hospital,return_ed_attendances,398,True
2023,7,2023-07-01,Cork University Hospital,return_ed_attendances,405,True
2023,8,2023-08-01,Cork University Hospital,return_ed_attendances,411,True
2023,9,2023-09-01,Cork University Hospital,return_ed_attendances,449,True
2023,10,2023-10-01,Cork University Hospital,return_ed_attendances,438,True
2023,11,2023-11-01,Cork University Hospital,return_ed_attendances,469,True
2023,12,2023-12-01,Cork University Hospital,return_ed_attendances,486,True
2024,1,2024-01-01,Cork University Hospital,return_ed_attendances,638,True
2024,2,2024-02-01,Cork University Hospital,return_ed_attendances,600,True
2024,3,2024-03-01,Cork University Hospital,return_ed_attendances,582,True
2024,4,2024-04-01,Cork University Hospital,return_ed_attendances,537,True
2024,5,2024-05-01,Cork University Hospital,return_ed_attendances,529,True
2024,6,2024-06-01,Cork University Hospital,return_ed_attendances,594,False
2024,7,2024-07-01,Cork University Hospital,return_ed_attendances,526,False
2024,8,2024-08-01,Cork University Hospital,return_ed_attendances,579,False
2024,9,2024-09-01,Cork University Hospital,return_ed_attendances,594,False
2022,1,2022-01-01,Cork University Maternity Hospital,return_ed_attendances,604,True
2022,2,2022-02-01,Cork University Maternity Hospital,return_ed_attendances,588,True
2022,3,2022-03-01,Cork University Maternity Hospital,return_ed_attendances,513,True
2022,4,2022-04-01,Cork University Maternity Hospital,return_ed_attendances,511,True
2022,5,2022-05-01,Cork University Maternity Hospital,return_ed_attendances,522,True
2022,6,2022-06-01,Cork University Maternity Hospital,return_ed_attendances,499,True
2022,7,2022-07-01,Cork University Maternity Hospital,return_ed_attendances,499,True
2022,8,2022-08-01,Cork University Maternity Hospital,return_ed_attendances,513,True
2022,9,2022-09-01,Cork University Maternity Hospital,return_ed_attendances,523,True
2022,10,2022-10-01,Cork University Maternity Hospital,return_ed_attendances,554,True
2022,11,2022-11-01,Cork University Maternity Hospital,return_ed_attendances,590,True
2022,12,2022-12-01,Cork University Maternity Hospital,return_ed_attendances,570,True
2023,1,2023-01-01,Cork University Maternity Hospital,return_ed_attendances,641,True
2023,2,2023-02-01,Cork University Maternity Hospital,return_ed_attendances,631,True
2023,3,2023-03-01,Cork University Maternity Hospital,return_ed_attendances,559,True
2023,4,2023-04-01,Cork University Maternity Hospital,return_ed_attendances,539,True
2023,5,2023-05-01,Cork University Maternity Hospital,return_ed_attendances,555,True
2023,6,2023-06-01,Cork University Maternity Hospital,return_ed_attendances,494,True
2023,7,2023-07-01,Cork University Maternity Hospital,return_ed_attendances,512,True
2023,8,2023-08-01,Cork University Maternity Hospital,return_ed_attendances,506,True
2023,9,2023-09-01,Cork University Maternity Hospital,return_ed_attendances,542,True
2023,10,2023-10-01,Cork University Maternity Hospital,return_ed_attendances,562,True
2023,11,2023-11-01,Cork University Maternity Hospital,return_ed_attendances,585,True
2023,12,2023-12-01,Cork University Maternity Hospital,return_ed_attendances,585,True
2024,1,2024-01-01,Cork University Maternity Hospital,return_ed_attendances,645,True
2024,2,2024-02-01,Cork University Maternity Hospital,return_ed_attendances,646,True
2024,3,2024-03-01,Cork University Maternity Hospital,return_ed_attendances,578,True
2024,4,2024-04-01,Cork University Maternity Hospital,return_ed_attendances,547,True
2024,5,2024-05-01,Cork University Maternity Hospital,return_ed_attendances,512,True
2024,6,2024-06-01,Cork University Maternity Hospital,return_ed_attendances,518,False
2024,7,2024-07-01,Cork University Maternity Hospital,return_ed_attendances,560,False
2024,8,2024-08-01,Cork University Maternity Hospital,return_ed_attendances,545,False
2024,9,2024-09-01,Cork University Maternity Hospital,return_ed_attendances,559,False
2022,1,2022-01-01,Croom Orthopaedic Hospital,new_ed_attendances,164,True
2022,2,2022-02-01,Croom Orthopaedic Hospital,new_ed_attendances,150,True
2022,3,2022-03-01,Croom Orthopaedic Hospital,new_ed_attendances,137,True
2022,4,2022-04-01,Croom Orthopaedic Hospital,new_ed_attendances,126,True
2022,5,2022-05-01,Croom Orthopaedic Hospital,new_ed_attendances,124,True
2022,6,2022-06-01,Croom Orthopaedic Hospital,new_ed_attendances,119,True
2022,7,2022-07-01,Croom Orthopaedic Hospital,new_ed_attendances,125,True
2022,8,2022-08-01,Croom Orthopaedic Hospital,new_ed_attendances,128,True
2022,9,2022-09-01,Croom Orthopaedic Hospital,new_ed_attendances,127,True
2022,10,2022-10-01,Croom Orthopaedic Hospital,new_ed_attendances,128,True
2022,11,2022-11-01,Croom Orthopaedic Hospital,new_ed_attendances,133,True
2022,12,2022-12-01,Croom Orthopaedic Hospital,new_ed_attendances,148,True
2023,1,2023-01-01,Croom Orthopaedic Hospital,new_ed_attendances,207,True
2023,2,2023-02-01,Croom Orthopaedic Hospital,new_ed_attendances,194,True
2023,3,2023-03-01,Croom Orthopaedic Hospital,new_ed_attendances,193,True
2023,4,2023-04-01,Croom Orthopaedic Hospital,new_ed_attendances,192,True
2023,5,2023-05-01,Croom Orthopaedic Hospital,new_ed_attendances,173,True
2023,6,2023-06-01,Croom Orthopaedic Hospital,new_ed_attendances,171,True
2023,7,2023-07-01,Croom Orthopaedic Hospital,new_ed_attendances,171,True
2023,8,2023-08-01,Croom Orthopaedic Hospital,new_ed_attendances,174,True
2023,9,2023-09-01,Croom Orthopaedic Hospital,new_ed_attendances,187,True
2023,10,2023-10-01,Croom Orthopaedic Hospital,new_ed_attendances,186,True
2023,11,2023-11-01,Croom Orthopaedic Hospital,new_ed_attendances,198,True
2023,12,2023-12-01,Croom Orthopaedic Hospital,new_ed_attendances,206,True
2024,1,2024-01-01,Croom Orthopaedic Hospital,new_ed_attendances,837,True
2024,2,2024-02-01,Croom Orthopaedic Hospital,new_ed_attendances,850,True
2024,3,2024-03-01,Croom Orthopaedic Hospital,new_ed_attendances,756,True
2024,4,2024-04-01,Croom Orthopaedic Hospital,new_ed_attendances,694,True
2024,5,2024-05-01,Croom Orthopaedic Hospital,new_ed_attendances,699,True
2024,6,2024-06-01,Croom Orthopaedic Hospital,new_ed_attendances,4788,False
2024,7,2024-07-01,Croom Orthopaedic Hospital,new_ed_attendances,17,False
2024,8,2024-08-01,Croom Orthopaedic Hospital,new_ed_attendances,11,False
2024,9,2024-09-01,Croom Orthopaedic Hospital,new_ed_attendances,1385,False
2022,1,2022-01-01,Croom Orthopaedic Hospital,return_ed_attendances,1431,True
2022,2,2022-02-01,Croom Orthopaedic Hospital,return_ed_attendances,1399,True
2022,3,2022-03-01,Croom Orthopaedic Hospital,return_ed_attendances,1393,True
2022,4,2022-04-01,Croom Orthopaedic Hospital,return_ed_attendances,1234,True
2022,5,2022-05-01,Croom Orthopaedic Hospital,return_ed_attendances,1261,True
2022,6,2022-06-01,Croom Orthopaedic Hospital,return_ed_attendances,1168,True
2022,7,2022-07-01,Croom Orthopaedic Hospital,return_ed_attendances,1130,True
2022,8,2022-08-01,Croom Orthopaedic Hospital,return_ed_attendances,1254,True
2022,9,2022-09-01,Croom Orthopaedic Hospital,return_ed_attendances,1250,True
2022,10,2022-10-01,Croom Orthopaedic Hospital,return_ed_attendances,1338,True
2022,11,2022-11-01,Croom Orthopaedic Hospital,return_ed_attendances,1375,True
2022,12,2022-12-01,Croom Orthopaedic Hospital,return_ed_attendances,1359,True
2023,1,2023-01-01,Croom Orthopaedic Hospital,return_ed_attendances,1056,True
2023,2,2023-02-01,Croom Orthopaedic Hospital,return_ed_attendances,1082,True
2023,3,2023-03-01,Croom Orthopaedic Hospital,return_ed_attendances,949,True
2023,4,2023-04-01,Croom Orthopaedic Hospital,return_ed_attendances,871,True
2023,5,2023-05-01,Croom Orthopaedic Hospital,return_ed_attendances,873,True
2023,6,2023-06-01,Croom Orthopaedic Hospital,return_ed_attendances,824,True
2023,7,2023-07-01,Croom Orthopaedic Hospital,return_ed_attendances,842,True
2023,8,2023-08-01,Croom Orthopaedic Hospital,return_ed_attendances,827,True
2023,9,2023-09-01,Croom Orthopaedic Hospital,return_ed_attendances,897,True
2023,10,2023-10-01,Croom Orthopaedic Hospital,return_ed_attendances,946,True
2023,11,2023-11-01,Croom Orthopaedic Hospital,return_ed_attendances,938,True
2023,12,2023-12-01,Croom Orthopaedic Hospital,return_ed_attendances,1040,True
2024,1,2024-01-01,Croom Orthopaedic Hospital,return_ed_attendances,0,True
2024,2,2024-02-01,Croom Orthopaedic Hospital,return_ed_attendances,0,True
2024,3,2024-03-01,Croom Orthopaedic Hospital,return_ed_attendances,0,True
2024,4,2024-04-01,Croom Orthopaedic Hospital,return_ed_attendances,0,True
2024,5,2024-05-01,Croom Orthopaedic Hospital,return_ed_attendances,0,True
2024,6,2024-06-01,Croom Orthopaedic Hospital,return_ed_attendances,5,False
2024,8,2024-08-01,Croom Orthopaedic Hospital,return_ed_attendances,146,False
2024,9,2024-09-01,Croom Orthopaedic Hospital,return_ed_attendances,7931,False
2022,1,2022-01-01,Dublin Midlands Hospital Group,all_emergency_presentations,19743,True
2022,2,2022-02-01,Dublin Midlands Hospital Group,all_emergency_presentations,18703,True
2022,3,2022-03-01,Dublin Midlands Hospital Group,all_emergency_presentations,16315,True
2022,4,2022-04-01,Dublin Midlands Hospital Group,all_emergency_presentations,16649,True
2022,5,2022-05-01,Dublin Midlands Hospital Group,all_emergency_presentations,17011,True
2022,6,2022-06-01,Dublin Midlands Hospital Group,all_emergency_presentations,16422,True
2022,7,2022-07-01,Dublin Midlands Hospital Group,all_emergency_presentations,15763,True
2022,8,2022-08-01,Dublin Midlands Hospital Group,all_emergency_presentations,16028,True
2022,9,2022-09-01,Dublin Midlands Hospital Group,all_emergency_presentations,17242,True
2022,10,2022-10-01,Dublin Midlands Hospital Group,all_emergency_presentations,16988,True
2022,11,2022-11-01,Dublin Midlands Hospital Group,all_emergency_presentations,18529,True
2022,12,2022-12-01,Dublin Midlands Hospital Group,all_emergency_presentations,19481,True
2023,1,2023-01-01,Dublin Midlands Hospital Group,all_emergency_presentations,23348,True
2023,2,2023-02-01,Dublin Midlands Hospital Group,all_emergency_presentations,21690,True
2023,3,2023-03-01,Dublin Midlands Hospital Group,all_emergency_presentations,19916,True
2023,4,2023-04-01,Dublin Midlands Hospital Group,all_emergency_presentations,18210,True
2023,5,2023-05-01,Dublin Midlands Hospital Group,all_emergency_presentations,17680,True
2023,6,2023-06-01,Dublin Midlands Hospital Group,all_emergency_presentations,17438,True
2023,7,2023-07-01,Dublin Midlands Hospital Group,all_emergency_presentations,18137,True
2023,8,2023-08-01,Dublin Midlands Hospital Group,all_emergency_presentations,18823,True
2023,9,2023-09-01,Dublin Midlands Hospital Group,all_emergency_presentations,18624,True
2023,10,2023-10-01,Dublin Midlands Hospital Group,all_emergency_presentations,20537,True
2023,11,2023-11-01,Dublin Midlands Hospital Group,all_emergency_presentations,20443,True
2023,12,2023-12-01,Dublin Midlands Hospital Group,all_emergency_presentations,21360,True
2024,1,2024-01-01,Dublin Midlands Hospital Group,all_emergency_presentations,24709,True
2024,2,2024-02-01,Dublin Midlands Hospital Group,all_emergency_presentations,22643,True
2024,3,2024-03-01,Dublin Midlands Hospital Group,all_emergency_presentations,23087,True
2024,4,2024-04-01,Dublin Midlands Hospital Group,all_emergency_presentations,21455,True
2024,5,2024-05-01,Dublin Midlands Hospital Group,all_emergency_presentations,20177,True
2024,6,2024-06-01,Dublin Midlands Hospital Group,all_emergency_presentations,20760,False
2024,7,2024-07-01,Dublin Midlands Hospital Group,all_emergency_presentations,22010,False
2024,8,2024-08-01,Dublin Midlands Hospital Group,all_emergency_presentations,21173,False
2024,9,2024-09-01,Dublin Midlands Hospital Group,all_emergency_presentations,21738,False
2022,1,2022-01-01,Dublin Midlands Hospital Group,new_ed_attendances,6828,True
2022,2,2022-02-01,Dublin Midlands Hospital Group,new_ed_attendances,6535,True
2022,3,2022-03-01,Dublin Midlands Hospital Group,new_ed_attendances,6470,True
2022,4,2022-04-01,Dublin Midlands Hospital Group,new_ed_attendances,5719,True
2022,5,2022-05-01,Dublin Midlands Hospital Group,new_ed_attendances,5370,True
2022,6,2022-06-01,Dublin Midlands Hospital Group,new_ed_attendances,5503,True
2022,7,2022-07-01,Dublin Midlands Hospital Group,new_ed_attendances,5286,True
2022,8,2022-08-01,Dublin Midlands Hospital Group,new_ed_attendances,5639,True
2022,9,2022-09-01,Dublin Midlands Hospital Group,new_ed_attendances,5495,True
2022,10,2022-10-01,Dublin Midlands Hospital Group,new_ed_attendances,5773,True
2022,11,2022-11-01,Dublin Midlands Hospital Group,new_ed_attendances,6342,True
2022,12,2022-12-01,Dublin Midlands Hospital Group,new_ed_attendances,6683,True
2023,1,2023-01-01,Dublin Midlands Hospital Group,new_ed_attendances,9694,True
2023,2,2023-02-01,Dublin Midlands Hospital Group,new_ed_attendances,9285,True
2023,3,2023-03-01,Dublin Midlands Hospital Group,new_ed_attendances,8504,True
2023,4,2023-04-01,Dublin Midlands Hospital Group,new_ed_attendances,7654,True
2023,5,2023-05-01,Dublin Midlands Hospital Group,new_ed_attendances,7597,True
2023,6,2023-06-01,Dublin Midlands Hospital Group,new_ed_attendances,7415,True
2023,7,2023-07-01,Dublin Midlands Hospital Group,new_ed_attendances,7926,True
2023,8,2023-08-01,Dublin Midlands Hospital Group,new_ed_attendances,7927,True
2023,9,2023-09-01,Dublin Midlands Hospital Group,new_ed_attendances,7741,True
2023,10,2023-10-01,Dublin Midlands Hospital Group,new_ed_attendances,8500,True
2023,11,2023-11-01,Dublin Midlands Hospital Group,new_ed_attendances,8725,True
2023,12,2023-12-01,Dublin Midlands Hospital Group,new_ed_attendances,8968,True
2024,1,2024-01-01,Dublin Midlands Hospital Group,new_ed_attendances,32183,True
2024,2,2024-02-01,Dublin Midlands Hospital Group,new_ed_attendances,31476,True
2024,3,2024-03-01,Dublin Midlands Hospital Group,new_ed_attendances,28907,True
2024,4,2024-04-01,Dublin Midlands Hospital Group,new_ed_attendances,25586,True
2024,5,2024-05-01,Dublin Midlands Hospital Group,new_ed_attendances,25207,True
2024,6,2024-06-01,Dublin Midlands Hospital Group,new_ed_attendances,166769,False
2024,7,2024-07-01,Dublin Midlands Hospital Group,new_ed_attendances,6,False
2024,8,2024-08-01,Dublin Midlands Hospital Group,new_ed_attendances,3,False
2024,9,2024-09-01,Dublin Midlands Hospital Group,new_ed_attendances,65260,False
2022,1,2022-01-01,Dublin Midlands Hospital Group,return_ed_attendances,1434,True
2022,2,2022-02-01,Dublin Midlands Hospital Group,return_ed_attendances,1412,True
2022,3,2022-03-01,Dublin Midlands Hospital Group,return_ed_attendances,1264,True
2022,4,2022-04-01,Dublin Midlands Hospital Group,return_ed_attendances,1166,True
2022,5,2022-05-01,Dublin Midlands Hospital Group,return_ed_attendances,1192,True
2022,6,2022-06-01,Dublin Midlands Hospital Group,return_ed_attendances,1155,True
2022,7,2022-07-01,Dublin Midlands Hospital Group,return_ed_attendances,1130,True
2022,8,2022-08-01,Dublin Midlands Hospital Group,return_ed_attendances,1214,True
2022,9,2022-09-01,Dublin Midlands Hospital Group,return_ed_attendances,1208,True
2022,10,2022-10-01,Dublin Midlands Hospital Group,return_ed_attendances,1278,True
2022,11,2022-11-01,Dublin Midlands Hospital Group,return_ed_attendances,1363,True
2022,12,2022-12-01,Dublin Midlands Hospital Group,return_ed_attendances,1378,True
2023,1,2023-01-01,Dublin Midlands Hospital Group,return_ed_attendances,1729,True
2023,2,2023-02-01,Dublin Midlands Hospital Group,return_ed_attendances,1622,True
2023,3,2023-03-01,Dublin Midlands Hospital Group,return_ed_attendances,1508,True
2023,4,2023-04-01,Dublin Midlands Hospital Group,return_ed_attendances,1408,True
2023,5,2023-05-01,Dublin Midlands Hospital Group,return_ed_attendances,1342,True
2023,6,2023-06-01,Dublin Midlands Hospital Group,return_ed_attendances,1323,True
2023,7,2023-07-01,Dublin Midlands Hospital Group,return_ed_attendances,1295,True
2023,8,2023-08-01,Dublin Midlands Hospital Group,return_ed_attendances,1367,True
2023,9,2023-09-01,Dublin Midlands Hospital Group,return_ed_attendances,1433,True
2023,10,2023-10-01,Dublin Midlands Hospital Group,return_ed_attendances,1477,True
2023,11,2023-11-01,Dublin Midlands Hospital Group,return_ed_attendances,1549,True
2023,12,2023-12-01,Dublin Midlands Hospital Group,return_ed_attendances,1616,True
2024,1,2024-01-01,Dublin Midlands Hospital Group,return_ed_attendances,2030,True
2024,2,2024-02-01,Dublin Midlands Hospital Group,return_ed_attendances,1984,True
2024,3,2024-03-01,Dublin Midlands Hospital Group,return_ed_attendances,1746,True
2024,4,2024-04-01,Dublin Midlands Hospital Group,return_ed_attendances,1602,True
2024,5,2024-05-01,Dublin Midlands Hospital Group,return_ed_attendances,1560,True
2024,6,2024-06-01,Dublin Midlands Hospital Group,return_ed_attendances,1638,False
2024,7,2024-07-01,Dublin Midlands Hospital Group,return_ed_attendances,1798,False
2024,8,2024-08-01,Dublin Midlands Hospital Group,return_ed_attendances,1622,False
2024,9,2024-09-01,Dublin Midlands Hospital Group,return_ed_attendances,1731,False
2022,1,2022-01-01,Ennis Hospital,all_emergency_presentations,1307,True
2022,2,2022-02-01,Ennis Hospital,all_emergency_presentations,1197,True
2022,3,2022-03-01,Ennis Hospital,all_emergency_presentations,1134,True
2022,4,2022-04-01,Ennis Hospital,all_emergency_presentations,1065,True
2022,5,2022-05-01,Ennis Hospital,all_emergency_presentations,1051,True
2022,6,2022-06-01,Ennis Hospital,all_emergency_presentations,1020,True
2022,7,2022-07-01,Ennis Hospital,all_emergency_presentations,999,True
2022,8,2022-08-01,Ennis Hospital,all_emergency_presentations,1046,True
2022,9,2022-09-01,Ennis Hospital,all_emergency_presentations,1102,True
2022,10,2022-10-01,Ennis Hospital,all_emergency_presentations,1168,True
2022,11,2022-11-01,Ennis Hospital,all_emergency_presentations,1198,True
2022,12,2022-12-01,Ennis Hospital,all_emergency_presentations,1246,True
2023,1,2023-01-01,Ennis Hospital,all_emergency_presentations,1501,True
2023,2,2023-02-01,Ennis Hospital,all_emergency_presentations,1508,True
2023,3,2023-03-01,Ennis Hospital,all_emergency_presentations,1349,True
2023,4,2023-04-01,Ennis Hospital,all_emergency_presentations,1212,True
2023,5,2023-05-01,Ennis Hospital,all_emergency_presentations,1256,True
2023,6,2023-06-01,Ennis Hospital,all_emergency_presentations,1192,True
2023,7,2023-07-01,Ennis Hospital,all_emergency_presentations,1177,True
2023,8,2023-08-01,Ennis Hospital,all_emergency_presentations,1201,True
2023,9,2023-09-01,Ennis Hospital,all_emergency_presentations,1280,True
2023,10,2023-10-01,Ennis Hospital,all_emergency_presentations,1325,True
2023,11,2023-11-01,Ennis Hospital,all_emergency_presentations,1379,True
2023,12,2023-12-01,Ennis Hospital,all_emergency_presentations,1435,True
2024,1,2024-01-01,Ennis Hospital,all_emergency_presentations,1838,True
2024,2,2024-02-01,Ennis Hospital,all_emergency_presentations,1744,True
2024,3,2024-03-01,Ennis Hospital,all_emergency_presentations,1565,True
2024,4,2024-04-01,Ennis Hospital,all_emergency_presentations,1494,True
2024,5,2024-05-01,Ennis Hospital,all_emergency_presentations,1364,True
2024,6,2024-06-01,Ennis Hospital,all_emergency_presentations,1516,False
2024,7,2024-07-01,Ennis Hospital,all_emergency_presentations,1534,False
2024,8,2024-08-01,Ennis Hospital,all_emergency_presentations,1559,False
2024,9,2024-09-01,Ennis Hospital,all_emergency_presentations,1684,False
2022,1,2022-01-01,Ennis Hospital,new_ed_attendances,933,True
2022,2,2022-02-01,Ennis Hospital,new_ed_attendances,928,True
2022,3,2022-03-01,Ennis Hospital,new_ed_attendances,853,True
2022,4,2022-04-01,Ennis Hospital,new_ed_attendances,823,True
2022,5,2022-05-01,Ennis Hospital,new_ed_attendances,783,True
2022,6,2022-06-01,Ennis Hospital,new_ed_attendances,747,True
2022,7,2022-07-01,Ennis Hospital,new_ed_attendances,783,True
2022,8,2022-08-01,Ennis Hospital,new_ed_attendances,813,True
2022,9,2022-09-01,Ennis Hospital,new_ed_attendances,827,True
2022,10,2022-10-01,Ennis Hospital,new_ed_attendances,838,True
2022,11,2022-11-01,Ennis Hospital,new_ed_attendances,843,True
2022,12,2022-12-01,Ennis Hospital,new_ed_attendances,881,True
2023,1,2023-01-01,Ennis Hospital,new_ed_attendances,817,True
2023,2,2023-02-01,Ennis Hospital,new_ed_attendances,782,True
2023,3,2023-03-01,Ennis Hospital,new_ed_attendances,730,True
2023,4,2023-04-01,Ennis Hospital,new_ed_attendances,686,True
2023,5,2023-05-01,Ennis Hospital,new_ed_attendances,675,True
2023,6,2023-06-01,Ennis Hospital,new_ed_attendances,642,True
2023,7,2023-07-01,Ennis Hospital,new_ed_attendances,667,True
2023,8,2023-08-01,Ennis Hospital,new_ed_attendances,672,True
2023,9,2023-09-01,Ennis Hospital,new_ed_attendances,657,True
2023,10,2023-10-01,Ennis Hospital,new_ed_attendances,700,True
2023,11,2023-11-01,Ennis Hospital,new_ed_attendances,752,True
2023,12,2023-12-01,Ennis Hospital,new_ed_attendances,754,True
2024,1,2024-01-01,Ennis Hospital,new_ed_attendances,722,True
2024,2,2024-02-01,Ennis Hospital,new_ed_attendances,716,True
2024,3,2024-03-01,Ennis Hospital,new_ed_attendances,654,True
2024,4,2024-04-01,Ennis Hospital,new_ed_attendances,585,True
2024,5,2024-05-01,Ennis Hospital,new_ed_attendances,596,True
2024,6,2024-06-01,Ennis Hospital,new_ed_attendances,3585,False
2024,9,2024-09-01,Ennis Hospital,new_ed_attendances,5814,False
2022,1,2022-01-01,Ennis Hospital,return_ed_attendances,1305,True
2022,2,2022-02-01,Ennis Hospital,return_ed_attendances,1212,True
2022,3,2022-03-01,Ennis Hospital,return_ed_attendances,1134,True
2022,4,2022-04-01,Ennis Hospital,return_ed_attendances,1051,True
2022,5,2022-05-01,Ennis Hospital,return_ed_attendances,1008,True
2022,6,2022-06-01,Ennis Hospital,return_ed_attendances,1000,True
2022,7,2022-07-01,Ennis Hospital,return_ed_attendances,1015,True
2022,8,2022-08-01,Ennis Hospital,return_ed_attendances,1032,True
2022,9,2022-09-01,Ennis Hospital,return_ed_attendances,1063,True
2022,10,2022-10-01,Ennis Hospital,return_ed_attendances,1130,True
2022,11,2022-11-01,Ennis Hospital,return_ed_attendances,1232,True
2022,12,2022-12-01,Ennis Hospital,return_ed_attendances,1222,True
2023,1,2023-01-01,Ennis Hospital,return_ed_attendances,1542,True
2023,2,2023-02-01,Ennis Hospital,return_ed_attendances,1387,True
2023,3,2023-03-01,Ennis Hospital,return_ed_attendances,1339,True
2023,4,2023-04-01,Ennis Hospital,return_ed_attendances,1203,True
2023,5,2023-05-01,Ennis Hospital,return_ed_attendances,1152,True
2023,6,2023-06-01,Ennis Hospital,return_ed_attendances,1142,True
2023,7,2023-07-01,Ennis Hospital,return_ed_attendances,1236,True
2023,8,2023-08-01,Ennis Hospital,return_ed_attendances,1253,True
2023,9,2023-09-01,Ennis Hospital,return_ed_attendances,1278,True
2023,10,2023-10-01,Ennis Hospital,return_ed_attendances,1247,True
2023,11,2023-11-01,Ennis Hospital,return_ed_attendances,1363,True
2023,12,2023-12-01,Ennis Hospital,return_ed_attendances,1434,True
2024,1,2024-01-01,Ennis Hospital,return_ed_attendances,1758,True
2024,2,2024-02-01,Ennis Hospital,return_ed_attendances,1596,True
2024,3,2024-03-01,Ennis Hospital,return_ed_attendances,1515,True
2024,4,2024-04-01,Ennis Hospital,return_ed_attendances,1450,True
2024,5,2024-05-01,Ennis Hospital,return_ed_attendances,1431,True
2024,6,2024-06-01,Ennis Hospital,return_ed_attendances,1516,False
2024,7,2024-07-01,Ennis Hospital,return_ed_attendances,1534,False
2024,8,2024-08-01,Ennis Hospital,return_ed_attendances,1559,False
2024,9,2024-09-01,Ennis Hospital,return_ed_attendances,1684,False
2022,1,2022-01-01,Galway University Hospitals,all_emergency_presentations,7432,True
2022,2,2022-02-01,Galway University Hospitals,all_emergency_presentations,6430,True
2022,3,2022-03-01,Galway University Hospitals,all_emergency_presentations,6257,True
2022,4,2022-04-01,Galway University Hospitals,all_emergency_presentations,6160,True
2022,5,2022-05-01,Galway University Hospitals,all_emergency_presentations,5631,True
2022,6,2022-06-01,Galway University Hospitals,all_emergency_presentations,5421,True
2022,7,2022-07-01,Galway University Hospitals,all_emergency_presentations,5511,True
2022,8,2022-08-01,Galway University Hospitals,all_emergency_presentations,5659,True
2022,9,2022-09-01,Galway University Hospitals,all_emergency_presentations,6170,True
2022,10,2022-10-01,Galway University Hospitals,all_emergency_presentations,5699,True
2022,11,2022-11-01,Galway University Hospitals,all_emergency_presentations,6695,True
2022,12,2022-12-01,Galway University Hospitals,all_emergency_presentations,6354,True
2023,1,2023-01-01,Galway University Hospitals,all_emergency_presentations,7374,True
2023,2,2023-02-01,Galway University Hospitals,all_emergency_presentations,7089,True
2023,3,2023-03-01,Galway University Hospitals,all_emergency_presentations,6731,True
2023,4,2023-04-01,Galway University Hospitals,all_emergency_presentations,5878,True
2023,5,2023-05-01,Galway University Hospitals,all_emergency_presentations,6068,True
2023,6,2023-06-01,Galway University Hospitals,all_emergency_presentations,6148,True
2023,7,2023-07-01,Galway University Hospitals,all_emergency_presentations,5680,True
2023,8,2023-08-01,Galway University Hospitals,all_emergency_presentations,6082,True
2023,9,2023-09-01,Galway University Hospitals,all_emergency_presentations,6175,True
2023,10,2023-10-01,Galway University Hospitals,all_emergency_presentations,6572,True
2023,11,2023-11-01,Galway University Hospitals,all_emergency_presentations,6808,True
2023,12,2023-12-01,Galway University Hospitals,all_emergency_presentations,6920,True
2024,1,2024-01-01,Galway University Hospitals,all_emergency_presentations,8017,True
2024,2,2024-02-01,Galway University Hospitals,all_emergency_presentations,8047,True
2024,3,2024-03-01,Galway University Hospitals,all_emergency_presentations,6991,True
2024,4,2024-04-01,Galway University Hospitals,all_emergency_presentations,6704,True
2024,5,2024-05-01,Galway University Hospitals,all_emergency_presentations,6115,True
2024,6,2024-06-01,Galway University Hospitals,all_emergency_presentations,6462,False
2024,7,2024-07-01,Galway University Hospitals,all_emergency_presentations,6676,False
2024,8,2024-08-01,Galway University Hospitals,all_emergency_presentations,6705,False
2024,9,2024-09-01,Galway University Hospitals,all_emergency_presentations,6866,False
2022,1,2022-01-01,Galway University Hospitals,new_ed_attendances,2623,True
2022,2,2022-02-01,Galway University Hospitals,new_ed_attendances,2530,True
2022,3,2022-03-01,Galway University Hospitals,new_ed_attendances,2366,True
2022,4,2022-04-01,Galway University Hospitals,new_ed_attendances,2193,True
2022,5,2022-05-01,Galway University Hospitals,new_ed_attendances,2102,True
2022,6,2022-06-01,Galway University Hospitals,new_ed_attendances,2004,True
2022,7,2022-07-01,Galway University Hospitals,new_ed_attendances,1949,True
2022,8,2022-08-01,Galway University Hospitals,new_ed_attendances,2122,True
2022,9,2022-09-01,Galway University Hospitals,new_ed_attendances,2196,True
2022,10,2022-10-01,Galway University Hospitals,new_ed_attendances,2266,True
2022,11,2022-11-01,Galway University Hospitals,new_ed_attendances,2267,True
2022,12,2022-12-01,Galway University Hospitals,new_ed_attendances,2365,True
2023,1,2023-01-01,Galway University Hospitals,new_ed_attendances,3720,True
2023,2,2023-02-01,Galway University Hospitals,new_ed_attendances,3479,True
2023,3,2023-03-01,Galway University Hospitals,new_ed_attendances,3274,True
2023,4,2023-04-01,Galway University Hospitals,new_ed_attendances,2997,True
2023,5,2023-05-01,Galway University Hospitals,new_ed_attendances,2906,True
2023,6,2023-06-01,Galway University Hospitals,new_ed_attendances,2890,True
2023,7,2023-07-01,Galway University Hospitals,new_ed_attendances,2828,True
2023,8,2023-08-01,Galway University Hospitals,new_ed_attendances,2942,True
2023,9,2023-09-01,Galway University Hospitals,new_ed_attendances,3013,True
2023,10,2023-10-01,Galway University Hospitals,new_ed_attendances,3106,True
2023,11,2023-11-01,Galway University Hospitals,new_ed_attendances,3270,True
2023,12,2023-12-01,Galway University Hospitals,new_ed_attendances,3445,True
2024,1,2024-01-01,Galway University Hospitals,new_ed_attendances,12462,True
2024,2,2024-02-01,Galway University Hospitals,new_ed_attendances,12675,True
2024,3,2024-03-01,Galway University Hospitals,new_ed_attendances,10949,True
2024,4,2024-04-01,Galway University Hospitals,new_ed_attendances,10442,True
2024,5,2024-05-01,Galway University Hospitals,new_ed_attendances,10045,True
2024,6,2024-06-01,Galway University Hospitals,new_ed_attendances,66531,False
2024,7,2024-07-01,Galway University Hospitals,new_ed_attendances,5,False
2024,8,2024-08-01,Galway University Hospitals,new_ed_attendances,3,False
2024,9,2024-09-01,Galway University Hospitals,new_ed_attendances,24355,False
2022,1,2022-01-01,Galway University Hospitals,return_ed_attendances,622,True
2022,2,2022-02-01,Galway University Hospitals,return_ed_attendances,598,True
2022,3,2022-03-01,Galway University Hospitals,return_ed_attendances,574,True
2022,4,2022-04-01,Galway University Hospitals,return_ed_attendances,509,True
2022,5,2022-05-01,Galway University Hospitals,return_ed_attendances,476,True
2022,6,2022-06-01,Galway University Hospitals,return_ed_attendances,484,True
2022,7,2022-07-01,Galway University Hospitals,return_ed_attendances,519,True
2022,8,2022-08-01,Galway University Hospitals,return_ed_attendances,483,True
2022,9,2022-09-01,Galway University Hospitals,return_ed_attendances,514,True
2022,10,2022-10-01,Galway University Hospitals,return_ed_attendances,541,True
2022,11,2022-11-01,Galway University Hospitals,return_ed_attendances,560,True
2022,12,2022-12-01,Galway University Hospitals,return_ed_attendances,564,True
2023,1,2023-01-01,Galway University Hospitals,return_ed_attendances,706,True
2023,2,2023-02-01,Galway University Hospitals,return_ed_attendances,706,True
2023,3,2023-03-01,Galway University Hospitals,return_ed_attendances,611,True
2023,4,2023-04-01,Galway University Hospitals,return_ed_attendances,552,True
2023,5,2023-05-01,Galway University Hospitals,return_ed_attendances,524,True
2023,6,2023-06-01,Galway University Hospitals,return_ed_attendances,536,True
2023,7,2023-07-01,Galway University Hospitals,return_ed_attendances,562,True
2023,8,2023-08-01,Galway University Hospitals,return_ed_attendances,563,True
2023,9,2023-09-01,Galway University Hospitals,return_ed_attendances,579,True
2023,10,2023-10-01,Galway University Hospitals,return_ed_attendances,585,True
2023,11,2023-11-01,Galway University Hospitals,return_ed_attendances,604,True
2023,12,2023-12-01,Galway University Hospitals,return_ed_attendances,664,True
2024,1,2024-01-01,Galway University Hospitals,return_ed_attendances,782,True
2024,2,2024-02-01,Galway University Hospitals,return_ed_attendances,701,True
2024,3,2024-03-01,Galway University Hospitals,return_ed_attendances,710,True
2024,4,2024-04-01,Galway University Hospitals,return_ed_attendances,643,True
2024,5,2024-05-01,Galway University Hospitals,return_ed_attendances,638,True
2024,6,2024-06-01,Galway University Hospitals,return_ed_attendances,607,False
2024,7,2024-07-01,Galway University Hospitals,return_ed_attendances,654,False
2024,8,2024-08-01,Galway University Hospitals,return_ed_attendances,677,False
2024,9,2024-09-01,Galway University Hospitals,return_ed_attendances,692,False
2022,1,2022-01-01,Ireland East Hospital Group,all_emergency_presentations,31606,True
2022,2,2022-02-01,Ireland East Hospital Group,all_emergency_presentations,28648,True
2022,3,2022-03-01,Ireland East Hospital Group,all_emergency_presentations,28943,True
2022,4,2022-04-01,Ireland East Hospital Group,all_emergency_presentations,25921,True
2022,5,2022-05-01,Ireland East Hospital Group,all_emergency_presentations,25468,True
2022,6,2022-06-01,Ireland East Hospital Group,all_emergency_presentations,24977,True
2022,7,2022-07-01,Ireland East Hospital Group,all_emergency_presentations,25413,True
2022,8,2022-08-01,Ireland East Hospital Group,all_emergency_presentations,26356,True
2022,9,2022-09-01,Ireland East Hospital Group,all_emergency_presentations,26530,True
2022,10,2022-10-01,Ireland East Hospital Group,all_emergency_presentations,28114,True
2022,11,2022-11-01,Ireland East Hospital Group,all_emergency_presentations,28806,True
2022,12,2022-12-01,Ireland East Hospital Group,all_emergency_presentations,30775,True
2023,1,2023-01-01,Ireland East Hospital Group,all_emergency_presentations,36212,True
2023,2,2023-02-01,Ireland East Hospital Group,all_emergency_presentations,33386,True
2023,3,2023-03-01,Ireland East Hospital Group,all_emergency_presentations,32669,True
2023,4,2023-04-01,Ireland East Hospital Group,all_emergency_presentations,29055,True
2023,5,2023-05-01,Ireland East Hospital Group,all_emergency_presentations,29319,True
2023,6,2023-06-01,Ireland East Hospital Group,all_emergency_presentations,28027,True
2023,7,2023-07-01,Ireland East Hospital Group,all_emergency_presentations,29886,True
2023,8,2023-08-01,Ireland East Hospital Group,all_emergency_presentations,28733,True
2023,9,2023-09-01,Ireland East Hospital Group,all_emergency_presentations,29816,True
2023,10,2023-10-01,Ireland East Hospital Group,all_emergency_presentations,31018,True
2023,11,2023-11-01,Ireland East Hospital Group,all_emergency_presentations,32247,True
2023,12,2023-12-01,Ireland East Hospital Group,all_emergency_presentations,34558,True
2024,1,2024-01-01,Ireland East Hospital Group,all_emergency_presentations,37922,True
2024,2,2024-02-01,Ireland East Hospital Group,all_emergency_presentations,37287,True
2024,3,2024-03-01,Ireland East Hospital Group,all_emergency_presentations,34328,True
2024,4,2024-04-01,Ireland East Hospital Group,all_emergency_presentations,34043,True
2024,5,2024-05-01,Ireland East Hospital Group,all_emergency_presentations,33733,True
2024,6,2024-06-01,Ireland East Hospital Group,all_emergency_presentations,33145,False
2024,7,2024-07-01,Ireland East Hospital Group,all_emergency_presentations,34152,False
2024,8,2024-08-01,Ireland East Hospital Group,all_emergency_presentations,33632,False
2024,9,2024-09-01,Ireland East Hospital Group,all_emergency_presentations,33881,False
2022,1,2022-01-01,Ireland East Hospital Group,new_ed_attendances,9350,True
2022,2,2022-02-01,Ireland East Hospital Group,new_ed_attendances,8845,True
2022,3,2022-03-01,Ireland East Hospital Group,new_ed_attendances,8843,True
2022,4,2022-04-01,Ireland East Hospital Group,new_ed_attendances,7902,True
2022,5,2022-05-01,Ireland East Hospital Group,new_ed_attendances,7061,True
2022,6,2022-06-01,Ireland East Hospital Group,new_ed_attendances,7321,True
2022,7,2022-07-01,Ireland East Hospital Group,new_ed_attendances,7291,True
2022,8,2022-08-01,Ireland East Hospital Group,new_ed_attendances,7791,True
2022,9,2022-09-01,Ireland East Hospital Group,new_ed_attendances,7725,True
2022,10,2022-10-01,Ireland East Hospital Group,new_ed_attendances,8122,True
2022,11,2022-11-01,Ireland East Hospital Group,new_ed_attendances,8676,True
2022,12,2022-12-01,Ireland East Hospital Group,new_ed_attendances,9093,True
2023,1,2023-01-01,Ireland East Hospital Group,new_ed_attendances,12602,True
2023,2,2023-02-01,Ireland East Hospital Group,new_ed_attendances,12503,True
2023,3,2023-03-01,Ireland East Hospital Group,new_ed_attendances,11467,True
2023,4,2023-04-01,Ireland East Hospital Group,new_ed_attendances,10644,True
2023,5,2023-05-01,Ireland East Hospital Group,new_ed_attendances,11082,True
2023,6,2023-06-01,Ireland East Hospital Group,new_ed_attendances,10316,True
2023,7,2023-07-01,Ireland East Hospital Group,new_ed_attendances,10020,True
2023,8,2023-08-01,Ireland East Hospital Group,new_ed_attendances,10928,True
2023,9,2023-09-01,Ireland East Hospital Group,new_ed_attendances,11784,True
2023,10,2023-10-01,Ireland East Hospital Group,new_ed_attendances,11764,True
2023,11,2023-11-01,Ireland East Hospital Group,new_ed_attendances,11419,True
2023,12,2023-12-01,Ireland East Hospital Group,new_ed_attendances,12228,True
2024,1,2024-01-01,Ireland East Hospital Group,new_ed_attendances,42603,True
2024,2,2024-02-01,Ireland East Hospital Group,new_ed_attendances,38810,True
2024,3,2024-03-01,Ireland East Hospital Group,new_ed_attendances,37007,True
2024,4,2024-04-01,Ireland East Hospital Group,new_ed_attendances,34879,True
2024,5,2024-05-01,Ireland East Hospital Group,new_ed_attendances,32124,True
2024,6,2024-06-01,Ireland East Hospital Group,new_ed_attendances,214426,False
2024,7,2024-07-01,Ireland East Hospital Group,new_ed_attendances,8,False
2024,8,2024-08-01,Ireland East Hospital Group,new_ed_attendances,2,False
2024,9,2024-09-01,Ireland East Hospital Group,new_ed_attendances,87666,False
2022,1,2022-01-01,Ireland East Hospital Group,return_ed_attendances,2306,True
2022,2,2022-02-01,Ireland East Hospital Group,return_ed_attendances,2221,True
2022,3,2022-03-01,Ireland East Hospital Group,return_ed_attendances,1966,True
2022,4,2022-04-01,Ireland East Hospital Group,return_ed_attendances,1811,True
2022,5,2022-05-01,Ireland East Hospital Group,return_ed_attendances,1855,True
2022,6,2022-06-01,Ireland East Hospital Group,return_ed_attendances,1792,True
2022,7,2022-07-01,Ireland East Hospital Group,return_ed_attendances,1863,True
2022,8,2022-08-01,Ireland East Hospital Group,return_ed_attendances,1789,True
2022,9,2022-09-01,Ireland East Hospital Group,return_ed_attendances,1885,True
2022,10,2022-10-01,Ireland East Hospital Group,return_ed_attendances,1859,True
2022,11,2022-11-01,Ireland East Hospital Group,return_ed_attendances,2026,True
2022,12,2022-12-01,Ireland East Hospital Group,return_ed_attendances,2190,True
2023,1,2023-01-01,Ireland East Hospital Group,return_ed_attendances,2621,True
2023,2,2023-02-01,Ireland East Hospital Group,return_ed_attendances,2618,True
2023,3,2023-03-01,Ireland East Hospital Group,return_ed_attendances,2352,True
2023,4,2023-04-01,Ireland East Hospital Group,return_ed_attendances,2229,True
2023,5,2023-05-01,Ireland East Hospital Group,return_ed_attendances,2067,True
2023,6,2023-06-01,Ireland East Hospital Group,return_ed_attendances,2078,True
2023,7,2023-07-01,Ireland East Hospital Group,return_ed_attendances,1928,True
2023,8,2023-08-01,Ireland East Hospital Group,return_ed_attendances,2151,True
2023,9,2023-09-01,Ireland East Hospital Group,return_ed_attendances,2143,True
2023,10,2023-10-01,Ireland East Hospital Group,return_ed_attendances,2405,True
2023,11,2023-11-01,Ireland East Hospital Group,return_ed_attendances,2490,True
2023,12,2023-12-01,Ireland East Hospital Group,return_ed_attendances,2559,True
2024,1,2024-01-01,Ireland East Hospital Group,return_ed_attendances,3299,True
2024,2,2024-02-01,Ireland East Hospital Group,return_ed_attendances,2961,True
2024,3,2024-03-01,Ireland East Hospital Group,return_ed_attendances,2955,True
2024,4,2024-04-01,Ireland East Hospital Group,return_ed_attendances,2694,True
2024,5,2024-05-01,Ireland East Hospital Group,return_ed_attendances,2522,True
2024,6,2024-06-01,Ireland East Hospital Group,return_ed_attendances,2578,False
2024,7,2024-07-01,Ireland East Hospital Group,return_ed_attendances,2618,False
2024,8,2024-08-01,Ireland East Hospital Group,return_ed_attendances,2604,False
2024,9,2024-09-01,Ireland East Hospital Group,return_ed_attendances,2545,False
2022,1,2022-01-01,Kilcreene Regional Orthopaedic Hospital,new_ed_attendances,61,True
2022,2,2022-02-01,Kilcreene Regional Orthopaedic Hospital,new_ed_attendances,61,True
2022,3,2022-03-01,Kilcreene Regional Orthopaedic Hospital,new_ed_attendances,56,True
2022,4,2022-04-01,Kilcreene Regional Orthopaedic Hospital,new_ed_attendances,48,True
2022,5,2022-05-01,Kilcreene Regional Orthopaedic Hospital,new_ed_attendances,51,True
2022,6,2022-06-01,Kilcreene Regional Orthopaedic Hospital,new_ed_attendances,50,True
2022,7,2022-07-01,Kilcreene Regional Orthopaedic Hospital,new_ed_attendances,48,True
2022,8,2022-08-01,Kilcreene Regional Orthopaedic Hospital,new_ed_attendances,50,True
2022,9,2022-09-01,Kilcreene Regional Orthopaedic Hospital,new_ed_attendances,53,True
2022,10,2022-10-01,Kilcreene Regional Orthopaedic Hospital,new_ed_attendances,54,True
2022,11,2022-11-01,Kilcreene Regional Orthopaedic Hospital,new_ed_attendances,55,True
2022,12,2022-12-01,Kilcreene Regional Orthopaedic Hospital,new_ed_attendances,57,True
2023,1,2023-01-01,Kilcreene Regional Orthopaedic Hospital,new_ed_attendances,86,True
2023,2,2023-02-01,Kilcreene Regional Orthopaedic Hospital,new_ed_attendances,86,True
2023,3,2023-03-01,Kilcreene Regional Orthopaedic Hospital,new_ed_attendances,77,True
2023,4,2023-04-01,Kilcreene Regional Orthopaedic Hospital,new_ed_attendances,70,True
2023,5,2023-05-01,Kilcreene Regional Orthopaedic Hospital,new_ed_attendances,71,True
2023,6,2023-06-01,Kilcreene Regional Orthopaedic Hospital,new_ed_attendances,61,True
2023,7,2023-07-01,Kilcreene Regional Orthopaedic Hospital,new_ed_attendances,71,True
2023,8,2023-08-01,Kilcreene Regional Orthopaedic Hospital,new_ed_attendances,66,True
2023,9,2023-09-01,Kilcreene Regional Orthopaedic Hospital,new_ed_attendances,72,True
2023,10,2023-10-01,Kilcreene Regional Orthopaedic Hospital,new_ed_attendances,72,True
2023,11,2023-11-01,Kilcreene Regional Orthopaedic Hospital,new_ed_attendances,75,True
2023,12,2023-12-01,Kilcreene Regional Orthopaedic Hospital,new_ed_attendances,84,True
2024,1,2024-01-01,Kilcreene Regional Orthopaedic Hospital,new_ed_attendances,845,True
2024,2,2024-02-01,Kilcreene Regional Orthopaedic Hospital,new_ed_attendances,837,True
2024,3,2024-03-01,Kilcreene Regional Orthopaedic Hospital,new_ed_attendances,762,True
2024,4,2024-04-01,Kilcreene Regional Orthopaedic Hospital,new_ed_attendances,722,True
2024,5,2024-05-01,Kilcreene Regional Orthopaedic Hospital,new_ed_attendances,692,True
2024,6,2024-06-01,Kilcreene Regional Orthopaedic Hospital,new_ed_attendances,2426,False
2024,9,2024-09-01,Kilcreene Regional Orthopaedic Hospital,new_ed_attendances,553,False
2022,1,2022-01-01,Kilcreene Regional Orthopaedic Hospital,return_ed_attendances,318,True
2022,2,2022-02-01,Kilcreene Regional Orthopaedic Hospital,return_ed_attendances,310,True
2022,3,2022-03-01,Kilcreene Regional Orthopaedic Hospital,return_ed_attendances,299,True
2022,4,2022-04-01,Kilcreene Regional Orthopaedic Hospital,return_ed_attendances,262,True
2022,5,2022-05-01,Kilcreene Regional Orthopaedic Hospital,return_ed_attendances,258,True
2022,6,2022-06-01,Kilcreene Regional Orthopaedic Hospital,return_ed_attendances,244,True
2022,7,2022-07-01,Kilcreene Regional Orthopaedic Hospital,return_ed_attendances,247,True
2022,8,2022-08-01,Kilcreene Regional Orthopaedic Hospital,return_ed_attendances,254,True
2022,9,2022-09-01,Kilcreene Regional Orthopaedic Hospital,return_ed_attendances,266,True
2022,10,2022-10-01,Kilcreene Regional Orthopaedic Hospital,return_ed_attendances,281,True
2022,11,2022-11-01,Kilcreene Regional Orthopaedic Hospital,return_ed_attendances,312,True
2022,12,2022-12-01,Kilcreene Regional Orthopaedic Hospital,return_ed_attendances,296,True
2023,1,2023-01-01,Kilcreene Regional Orthopaedic Hospital,return_ed_attendances,220,True
2023,2,2023-02-01,Kilcreene Regional Orthopaedic Hospital,return_ed_attendances,215,True
2023,3,2023-03-01,Kilcreene Regional Orthopaedic Hospital,return_ed_attendances,201,True
2023,4,2023-04-01,Kilcreene Regional Orthopaedic Hospital,return_ed_attendances,186,True
2023,5,2023-05-01,Kilcreene Regional Orthopaedic Hospital,return_ed_attendances,186,True
2023,6,2023-06-01,Kilcreene Regional Orthopaedic Hospital,return_ed_attendances,161,True
2023,7,2023-07-01,Kilcreene Regional Orthopaedic Hospital,return_ed_attendances,165,True
2023,8,2023-08-01,Kilcreene Regional Orthopaedic Hospital,return_ed_attendances,179,True
2023,9,2023-09-01,Kilcreene Regional Orthopaedic Hospital,return_ed_attendances,195,True
2023,10,2023-10-01,Kilcreene Regional Orthopaedic Hospital,return_ed_attendances,185,True
2023,11,2023-11-01,Kilcreene Regional Orthopaedic Hospital,return_ed_attendances,185,True
2023,12,2023-12-01,Kilcreene Regional Orthopaedic Hospital,return_ed_attendances,215,True
2024,1,2024-01-01,Kilcreene Regional Orthopaedic Hospital,return_ed_attendances,0,True
2024,2,2024-02-01,Kilcreene Regional Orthopaedic Hospital,return_ed_attendances,0,True
2024,3,2024-03-01,Kilcreene Regional Orthopaedic Hospital,return_ed_attendances,0,True
2024,4,2024-04-01,Kilcreene Regional Orthopaedic Hospital,return_ed_attendances,0,True
2024,5,2024-05-01,Kilcreene Regional Orthopaedic Hospital,return_ed_attendances,0,True
2024,6,2024-06-01,Kilcreene Regional Orthopaedic Hospital,return_ed_attendances,1,False
2024,9,2024-09-01,Kilcreene Regional Orthopaedic Hospital,return_ed_attendances,1790,False
2022,1,2022-01-01,Letterkenny University Hospital,all_emergency_presentations,5262,True
2022,2,2022-02-01,Letterkenny University Hospital,all_emergency_presentations,5308,True
2022,3,2022-03-01,Letterkenny University Hospital,all_emergency_presentations,5036,True
2022,4,2022-04-01,Letterkenny University Hospital,all_emergency_presentations,4548,True
2022,5,2022-05-01,Letterkenny University Hospital,all_emergency_presentations,4321,True
2022,6,2022-06-01,Letterkenny University Hospital,all_emergency_presentations,4224,True
2022,7,2022-07-01,Letterkenny University Hospital,all_emergency_presentations,4154,True
2022,8,2022-08-01,Letterkenny University Hospital,all_emergency_presentations,4488,True
2022,9,2022-09-01,Letterkenny University Hospital,all_emergency_presentations,4713,True
2022,10,2022-10-01,Letterkenny University Hospital,all_emergency_presentations,4665,True
2022,11,2022-11-01,Letterkenny University Hospital,all_emergency_presentations,4889,True
2022,12,2022-12-01,Letterkenny University Hospital,all_emergency_presentations,5183,True
2023,1,2023-01-01,Letterkenny University Hospital,all_emergency_presentations,5621,True
2023,2,2023-02-01,Letterkenny University Hospital,all_emergency_presentations,5492,True
2023,3,2023-03-01,Letterkenny University Hospital,all_emergency_presentations,5387,True
2023,4,2023-04-01,Letterkenny University Hospital,all_emergency_presentations,4695,True
2023,5,2023-05-01,Letterkenny University Hospital,all_emergency_presentations,4536,True
2023,6,2023-06-01,Letterkenny University Hospital,all_emergency_presentations,4354,True
2023,7,2023-07-01,Letterkenny University Hospital,all_emergency_presentations,4638,True
2023,8,2023-08-01,Letterkenny University Hospital,all_emergency_presentations,4608,True
2023,9,2023-09-01,Letterkenny University Hospital,all_emergency_presentations,4733,True
2023,10,2023-10-01,Letterkenny University Hospital,all_emergency_presentations,5169,True
2023,11,2023-11-01,Letterkenny University Hospital,all_emergency_presentations,5435,True
2023,12,2023-12-01,Letterkenny University Hospital,all_emergency_presentations,5309,True
2024,1,2024-01-01,Letterkenny University Hospital,all_emergency_presentations,5652,True
2024,2,2024-02-01,Letterkenny University Hospital,all_emergency_presentations,5959,True
2024,3,2024-03-01,Letterkenny University Hospital,all_emergency_presentations,5219,True
2024,4,2024-04-01,Letterkenny University Hospital,all_emergency_presentations,5091,True
2024,5,2024-05-01,Letterkenny University Hospital,all_emergency_presentations,4536,True
2024,6,2024-06-01,Letterkenny University Hospital,all_emergency_presentations,4698,False
2024,7,2024-07-01,Letterkenny University Hospital,all_emergency_presentations,5467,False
2024,8,2024-08-01,Letterkenny University Hospital,all_emergency_presentations,5460,False
2024,9,2024-09-01,Letterkenny University Hospital,all_emergency_presentations,4914,False
2022,1,2022-01-01,Letterkenny University Hospital,new_ed_attendances,1795,True
2022,2,2022-02-01,Letterkenny University Hospital,new_ed_attendances,1672,True
2022,3,2022-03-01,Letterkenny University Hospital,new_ed_attendances,1578,True
2022,4,2022-04-01,Letterkenny University Hospital,new_ed_attendances,1365,True
2022,5,2022-05-01,Letterkenny University Hospital,new_ed_attendances,1396,True
2022,6,2022-06-01,Letterkenny University Hospital,new_ed_attendances,1377,True
2022,7,2022-07-01,Letterkenny University Hospital,new_ed_attendances,1374,True
2022,8,2022-08-01,Letterkenny University Hospital,new_ed_attendances,1444,True
2022,9,2022-09-01,Letterkenny University Hospital,new_ed_attendances,1435,True
2022,10,2022-10-01,Letterkenny University Hospital,new_ed_attendances,1565,True
2022,11,2022-11-01,Letterkenny University Hospital,new_ed_attendances,1683,True
2022,12,2022-12-01,Letterkenny University Hospital,new_ed_attendances,1615,True
2023,1,2023-01-01,Letterkenny University Hospital,new_ed_attendances,2376,True
2023,2,2023-02-01,Letterkenny University Hospital,new_ed_attendances,2428,True
2023,3,2023-03-01,Letterkenny University Hospital,new_ed_attendances,2245,True
2023,4,2023-04-01,Letterkenny University Hospital,new_ed_attendances,1969,True
2023,5,2023-05-01,Letterkenny University Hospital,new_ed_attendances,1915,True
2023,6,2023-06-01,Letterkenny University Hospital,new_ed_attendances,1862,True
2023,7,2023-07-01,Letterkenny University Hospital,new_ed_attendances,1841,True
2023,8,2023-08-01,Letterkenny University Hospital,new_ed_attendances,1906,True
2023,9,2023-09-01,Letterkenny University Hospital,new_ed_attendances,1980,True
2023,10,2023-10-01,Letterkenny University Hospital,new_ed_attendances,2054,True
2023,11,2023-11-01,Letterkenny University Hospital,new_ed_attendances,2202,True
2023,12,2023-12-01,Letterkenny University Hospital,new_ed_attendances,2302,True
2024,1,2024-01-01,Letterkenny University Hospital,new_ed_attendances,5989,True
2024,2,2024-02-01,Letterkenny University Hospital,new_ed_attendances,5364,True
2024,3,2024-03-01,Letterkenny University Hospital,new_ed_attendances,5243,True
2024,4,2024-04-01,Letterkenny University Hospital,new_ed_attendances,4723,True
2024,5,2024-05-01,Letterkenny University Hospital,new_ed_attendances,4601,True
2024,6,2024-06-01,Letterkenny University Hospital,new_ed_attendances,28187,False
2024,9,2024-09-01,Letterkenny University Hospital,new_ed_attendances,16796,False
2022,1,2022-01-01,Letterkenny University Hospital,return_ed_attendances,590,True
2022,2,2022-02-01,Letterkenny University Hospital,return_ed_attendances,570,True
2022,3,2022-03-01,Letterkenny University Hospital,return_ed_attendances,545,True
2022,4,2022-04-01,Letterkenny University Hospital,return_ed_attendances,518,True
2022,5,2022-05-01,Letterkenny University Hospital,return_ed_attendances,522,True
2022,6,2022-06-01,Letterkenny University Hospital,return_ed_attendances,489,True
2022,7,2022-07-01,Letterkenny University Hospital,return_ed_attendances,486,True
2022,8,2022-08-01,Letterkenny University Hospital,return_ed_attendances,485,True
2022,9,2022-09-01,Letterkenny University Hospital,return_ed_attendances,540,True
2022,10,2022-10-01,Letterkenny University Hospital,return_ed_attendances,521,True
2022,11,2022-11-01,Letterkenny University Hospital,return_ed_attendances,590,True
2022,12,2022-12-01,Letterkenny University Hospital,return_ed_attendances,578,True
2023,1,2023-01-01,Letterkenny University Hospital,return_ed_attendances,451,True
2023,2,2023-02-01,Letterkenny University Hospital,return_ed_attendances,424,True
2023,3,2023-03-01,Letterkenny University Hospital,return_ed_attendances,381,True
2023,4,2023-04-01,Letterkenny University Hospital,return_ed_attendances,352,True
2023,5,2023-05-01,Letterkenny University Hospital,return_ed_attendances,343,True
2023,6,2023-06-01,Letterkenny University Hospital,return_ed_attendances,340,True
2023,7,2023-07-01,Letterkenny University Hospital,return_ed_attendances,344,True
2023,8,2023-08-01,Letterkenny University Hospital,return_ed_attendances,344,True
2023,9,2023-09-01,Letterkenny University Hospital,return_ed_attendances,363,True
2023,10,2023-10-01,Letterkenny University Hospital,return_ed_attendances,376,True
2023,11,2023-11-01,Letterkenny University Hospital,return_ed_attendances,369,True
2023,12,2023-12-01,Letterkenny University Hospital,return_ed_attendances,414,True
2024,1,2024-01-01,Letterkenny University Hospital,return_ed_attendances,284,True
2024,2,2024-02-01,Letterkenny University Hospital,return_ed_attendances,273,True
2024,3,2024-03-01,Letterkenny University Hospital,return_ed_attendances,247,True
2024,4,2024-04-01,Letterkenny University Hospital,return_ed_attendances,230,True
2024,5,2024-05-01,Letterkenny University Hospital,return_ed_attendances,226,True
2024,6,2024-06-01,Letterkenny University Hospital,return_ed_attendances,195,False
2024,7,2024-07-01,Letterkenny University Hospital,return_ed_attendances,228,False
2024,8,2024-08-01,Letterkenny University Hospital,return_ed_attendances,277,False
2024,9,2024-09-01,Letterkenny University Hospital,return_ed_attendances,228,False
2022,1,2022-01-01,Louth County Hospital,all_emergency_presentations,1404,True
2022,2,2022-02-01,Louth County Hospital,all_emergency_presentations,1383,True
2022,3,2022-03-01,Louth County Hospital,all_emergency_presentations,1237,True
2022,4,2022-04-01,Louth County Hospital,all_emergency_presentations,1173,True
2022,5,2022-05-01,Louth County Hospital,all_emergency_presentations,1120,True
2022,6,2022-06-01,Louth County Hospital,all_emergency_presentations,1097,True
2022,7,2022-07-01,Louth County Hospital,all_emergency_presentations,1092,True
2022,8,2022-08-01,Louth County Hospital,all_emergency_presentations,1052,True
2022,9,2022-09-01,Louth County Hospital,all_emergency_presentations,1178,True
2022,10,2022-10-01,Louth County Hospital,all_emergency_presentations,1270,True
2022,11,2022-11-01,Louth County Hospital,all_emergency_presentations,1313,True
2022,12,2022-12-01,Louth County Hospital,all_emergency_presentations,1363,True
2023,1,2023-01-01,Louth County Hospital,all_emergency_presentations,1641,True
2023,2,2023-02-01,Louth County Hospital,all_emergency_presentations,1533,True
2023,3,2023-03-01,Louth County Hospital,all_emergency_presentations,1417,True
2023,4,2023-04-01,Louth County Hospital,all_emergency_presentations,1290,True
2023,5,2023-05-01,Louth County Hospital,all_emergency_presentations,1262,True
2023,6,2023-06-01,Louth County Hospital,all_emergency_presentations,1257,True
2023,7,2023-07-01,Louth County Hospital,all_emergency_presentations,1306,True
2023,8,2023-08-01,Louth County Hospital,all_emergency_presentations,1282,True
2023,9,2023-09-01,Louth County Hospital,all_emergency_presentations,1323,True
2023,10,2023-10-01,Louth County Hospital,all_emergency_presentations,1382,True
2023,11,2023-11-01,Louth County Hospital,all_emergency_presentations,1475,True
2023,12,2023-12-01,Louth County Hospital,all_emergency_presentations,1437,True
2024,1,2024-01-01,Louth County Hospital,all_emergency_presentations,1671,True
2024,2,2024-02-01,Louth County Hospital,all_emergency_presentations,1705,True
2024,3,2024-03-01,Louth County Hospital,all_emergency_presentations,1539,True
2024,4,2024-04-01,Louth County Hospital,all_emergency_presentations,1468,True
2024,5,2024-05-01,Louth County Hospital,all_emergency_presentations,1439,True
2024,6,2024-06-01,Louth County Hospital,all_emergency_presentations,1626,False
2024,7,2024-07-01,Louth County Hospital,all_emergency_presentations,1511,False
2024,8,2024-08-01,Louth County Hospital,all_emergency_presentations,1573,False
2024,9,2024-09-01,Louth County Hospital,all_emergency_presentations,1696,False
2022,1,2022-01-01,Louth County Hospital,new_ed_attendances,1408,True
2022,2,2022-02-01,Louth County Hospital,new_ed_attendances,1417,True
2022,3,2022-03-01,Louth County Hospital,new_ed_attendances,1250,True
2022,4,2022-04-01,Louth County Hospital,new_ed_attendances,1249,True
2022,5,2022-05-01,Louth County Hospital,new_ed_attendances,1142,True
2022,6,2022-06-01,Louth County Hospital,new_ed_attendances,1030,True
2022,7,2022-07-01,Louth County Hospital,new_ed_attendances,1137,True
2022,8,2022-08-01,Louth County Hospital,new_ed_attendances,1148,True
2022,9,2022-09-01,Louth County Hospital,new_ed_attendances,1228,True
2022,10,2022-10-01,Louth County Hospital,new_ed_attendances,1242,True
2022,11,2022-11-01,Louth County Hospital,new_ed_attendances,1272,True
2022,12,2022-12-01,Louth County Hospital,new_ed_attendances,1276,True
2023,1,2023-01-01,Louth County Hospital,new_ed_attendances,971,True
2023,2,2023-02-01,Louth County Hospital,new_ed_attendances,919,True
2023,3,2023-03-01,Louth County Hospital,new_ed_attendances,854,True
2023,4,2023-04-01,Louth County Hospital,new_ed_attendances,825,True
2023,5,2023-05-01,Louth County Hospital,new_ed_attendances,826,True
2023,6,2023-06-01,Louth County Hospital,new_ed_attendances,770,True
2023,7,2023-07-01,Louth County Hospital,new_ed_attendances,750,True
2023,8,2023-08-01,Louth County Hospital,new_ed_attendances,805,True
2023,9,2023-09-01,Louth County Hospital,new_ed_attendances,857,True
2023,10,2023-10-01,Louth County Hospital,new_ed_attendances,837,True
2023,11,2023-11-01,Louth County Hospital,new_ed_attendances,890,True
2023,12,2023-12-01,Louth County Hospital,new_ed_attendances,927,True
2024,1,2024-01-01,Louth County Hospital,new_ed_attendances,459,True
2024,2,2024-02-01,Louth County Hospital,new_ed_attendances,463,True
2024,3,2024-03-01,Louth County Hospital,new_ed_attendances,417,True
2024,4,2024-04-01,Louth County Hospital,new_ed_attendances,395,True
2024,5,2024-05-01,Louth County Hospital,new_ed_attendances,368,True
2024,6,2024-06-01,Louth County Hospital,new_ed_attendances,2257,False
2024,7,2024-07-01,Louth County Hospital,new_ed_attendances,2,False
2024,9,2024-09-01,Louth County Hospital,new_ed_attendances,6562,False
2022,1,2022-01-01,Louth County Hospital,return_ed_attendances,1407,True
2022,2,2022-02-01,Louth County Hospital,return_ed_attendances,1262,True
2022,3,2022-03-01,Louth County Hospital,return_ed_attendances,1280,True
2022,4,2022-04-01,Louth County Hospital,return_ed_attendances,1154,True
2022,5,2022-05-01,Louth County Hospital,return_ed_attendances,1233,True
2022,6,2022-06-01,Louth County Hospital,return_ed_attendances,1163,True
2022,7,2022-07-01,Louth County Hospital,return_ed_attendances,1106,True
2022,8,2022-08-01,Louth County Hospital,return_ed_attendances,1132,True
2022,9,2022-09-01,Louth County Hospital,return_ed_attendances,1218,True
2022,10,2022-10-01,Louth County Hospital,return_ed_attendances,1280,True
2022,11,2022-11-01,Louth County Hospital,return_ed_attendances,1215,True
2022,12,2022-12-01,Louth County Hospital,return_ed_attendances,1254,True
2023,1,2023-01-01,Louth County Hospital,return_ed_attendances,1553,True
2023,2,2023-02-01,Louth County Hospital,return_ed_attendances,1556,True
2023,3,2023-03-01,Louth County Hospital,return_ed_attendances,1429,True
2023,4,2023-04-01,Louth County Hospital,return_ed_attendances,1357,True
2023,5,2023-05-01,Louth County Hospital,return_ed_attendances,1228,True
2023,6,2023-06-01,Louth County Hospital,return_ed_attendances,1148,True
2023,7,2023-07-01,Louth County Hospital,return_ed_attendances,1293,True
2023,8,2023-08-01,Louth County Hospital,return_ed_attendances,1256,True
2023,9,2023-09-01,Louth County Hospital,return_ed_attendances,1260,True
2023,10,2023-10-01,Louth County Hospital,return_ed_attendances,1387,True
2023,11,2023-11-01,Louth County Hospital,return_ed_attendances,1483,True
2023,12,2023-12-01,Louth County Hospital,return_ed_attendances,1497,True
2024,1,2024-01-01,Louth County Hospital,return_ed_attendances,1770,True
2024,2,2024-02-01,Louth County Hospital,return_ed_attendances,1726,True
2024,3,2024-03-01,Louth County Hospital,return_ed_attendances,1579,True
2024,4,2024-04-01,Louth County Hospital,return_ed_attendances,1430,True
2024,5,2024-05-01,Louth County Hospital,return_ed_attendances,1414,True
2024,6,2024-06-01,Louth County Hospital,return_ed_attendances,1626,False
2024,7,2024-07-01,Louth County Hospital,return_ed_attendances,1511,False
2024,8,2024-08-01,Louth County Hospital,return_ed_attendances,1573,False
2024,9,2024-09-01,Louth County Hospital,return_ed_attendances,1696,False
2022,1,2022-01-01,Midland Regional Hospital Portlaoise,all_emergency_presentations,4109,True
2022,2,2022-02-01,Midland Regional Hospital Portlaoise,all_emergency_presentations,4023,True
2022,3,2022-03-01,Midland Regional Hospital Portlaoise,all_emergency_presentations,3478,True
2022,4,2022-04-01,Midland Regional Hospital Portlaoise,all_emergency_presentations,3352,True
2022,5,2022-05-01,Midland Regional Hospital Portlaoise,all_emergency_presentations,3380,True
2022,6,2022-06-01,Midland Regional Hospital Portlaoise,all_emergency_presentations,3077,True
2022,7,2022-07-01,Midland Regional Hospital Portlaoise,all_emergency_presentations,3295,True
2022,8,2022-08-01,Midland Regional Hospital Portlaoise,all_emergency_presentations,3200,True
2022,9,2022-09-01,Midland Regional Hospital Portlaoise,all_emergency_presentations,3524,True
2022,10,2022-10-01,Midland Regional Hospital Portlaoise,all_emergency_presentations,3576,True
2022,11,2022-11-01,Midland Regional Hospital Portlaoise,all_emergency_presentations,3571,True
2022,12,2022-12-01,Midland Regional Hospital Portlaoise,all_emergency_presentations,4028,True
2023,1,2023-01-01,Midland Regional Hospital Portlaoise,all_emergency_presentations,4363,True
2023,2,2023-02-01,Midland Regional Hospital Portlaoise,all_emergency_presentations,4205,True
2023,3,2023-03-01,Midland Regional Hospital Portlaoise,all_emergency_presentations,3993,True
2023,4,2023-04-01,Midland Regional Hospital Portlaoise,all_emergency_presentations,3832,True
2023,5,2023-05-01,Midland Regional Hospital Portlaoise,all_emergency_presentations,3482,True
2023,6,2023-06-01,Midland Regional Hospital Portlaoise,all_emergency_presentations,3484,True
2023,7,2023-07-01,Midland Regional Hospital Portlaoise,all_emergency_presentations,3599,True
2023,8,2023-08-01,Midland Regional Hospital Portlaoise,all_emergency_presentations,3705,True
2023,9,2023-09-01,Midland Regional Hospital Portlaoise,all_emergency_presentations,3800,True
2023,10,2023-10-01,Midland Regional Hospital Portlaoise,all_emergency_presentations,3851,True
2023,11,2023-11-01,Midland Regional Hospital Portlaoise,all_emergency_presentations,3981,True
2023,12,2023-12-01,Midland Regional Hospital Portlaoise,all_emergency_presentations,4245,True
2024,1,2024-01-01,Midland Regional Hospital Portlaoise,all_emergency_presentations,4697,True
2024,2,2024-02-01,Midland Regional Hospital Portlaoise,all_emergency_presentations,4277,True
2024,3,2024-03-01,Midland Regional Hospital Portlaoise,all_emergency_presentations,4375,True
2024,4,2024-04-01,Midland Regional Hospital Portlaoise,all_emergency_presentations,4139,True
2024,5,2024-05-01,Midland Regional Hospital Portlaoise,all_emergency_presentations,3630,True
2024,6,2024-06-01,Midland Regional Hospital Portlaoise,all_emergency_presentations,4000,False
2024,7,2024-07-01,Midland Regional Hospital Portlaoise,all_emergency_presentations,4058,False
2024,8,2024-08-01,Midland Regional Hospital Portlaoise,all_emergency_presentations,3858,False
2024,9,2024-09-01,Midland Regional Hospital Portlaoise,all_emergency_presentations,4051,False
2022,1,2022-01-01,Midland Regional Hospital Portlaoise,new_ed_attendances,974,True
2022,2,2022-02-01,Midland Regional Hospital Portlaoise,new_ed_attendances,917,True
2022,3,2022-03-01,Midland Regional Hospital Portlaoise,new_ed_attendances,871,True
2022,4,2022-04-01,Midland Regional Hospital Portlaoise,new_ed_attendances,803,True
2022,5,2022-05-01,Midland Regional Hospital Portlaoise,new_ed_attendances,799,True
2022,6,2022-06-01,Midland Regional Hospital Portlaoise,new_ed_attendances,736,True
2022,7,2022-07-01,Midland Regional Hospital Portlaoise,new_ed_attendances,761,True
2022,8,2022-08-01,Midland Regional Hospital Portlaoise,new_ed_attendances,775,True
2022,9,2022-09-01,Midland Regional Hospital Portlaoise,new_ed_attendances,781,True
2022,10,2022-10-01,Midland Regional Hospital Portlaoise,new_ed_attendances,849,True
2022,11,2022-11-01,Midland Regional Hospital Portlaoise,new_ed_attendances,889,True
2022,12,2022-12-01,Midland Regional Hospital Portlaoise,new_ed_attendances,915,True
2023,1,2023-01-01,Midland Regional Hospital Portlaoise,new_ed_attendances,1340,True
2023,2,2023-02-01,Midland Regional Hospital Portlaoise,new_ed_attendances,1249,True
2023,3,2023-03-01,Midland Regional Hospital Portlaoise,new_ed_attendances,1186,True
2023,4,2023-04-01,Midland Regional Hospital Portlaoise,new_ed_attendances,1110,True
2023,5,2023-05-01,Midland Regional Hospital Portlaoise,new_ed_attendances,1061,True
2023,6,2023-06-01,Midland Regional Hospital Portlaoise,new_ed_attendances,1047,True
2023,7,2023-07-01,Midland Regional Hospital Portlaoise,new_ed_attendances,1088,True
2023,8,2023-08-01,Midland Regional Hospital Portlaoise,new_ed_attendances,1160,True
2023,9,2023-09-01,Midland Regional Hospital Portlaoise,new_ed_attendances,1150,True
2023,10,2023-10-01,Midland Regional Hospital Portlaoise,new_ed_attendances,1187,True
2023,11,2023-11-01,Midland Regional Hospital Portlaoise,new_ed_attendances,1233,True
2023,12,2023-12-01,Midland Regional Hospital Portlaoise,new_ed_attendances,1208,True
2024,1,2024-01-01,Midland Regional Hospital Portlaoise,new_ed_attendances,1900,True
2024,2,2024-02-01,Midland Regional Hospital Portlaoise,new_ed_attendances,1841,True
2024,3,2024-03-01,Midland Regional Hospital Portlaoise,new_ed_attendances,1817,True
2024,4,2024-04-01,Midland Regional Hospital Portlaoise,new_ed_attendances,1570,True
2024,5,2024-05-01,Midland Regional Hospital Portlaoise,new_ed_attendances,1545,True
2024,6,2024-06-01,Midland Regional Hospital Portlaoise,new_ed_attendances,10877,False
2024,7,2024-07-01,Midland Regional Hospital Portlaoise,new_ed_attendances,21,False
2024,8,2024-08-01,Midland Regional Hospital Portlaoise,new_ed_attendances,13,False
2024,9,2024-09-01,Midland Regional Hospital Portlaoise,new_ed_attendances,8927,False
2022,1,2022-01-01,Midland Regional Hospital Portlaoise,return_ed_attendances,353,True
2022,2,2022-02-01,Midland Regional Hospital Portlaoise,return_ed_attendances,343,True
2022,3,2022-03-01,Midland Regional Hospital Portlaoise,return_ed_attendances,311,True
2022,4,2022-04-01,Midland Regional Hospital Portlaoise,return_ed_attendances,286,True
2022,5,2022-05-01,Midland Regional Hospital Portlaoise,return_ed_attendances,285,True
2022,6,2022-06-01,Midland Regional Hospital Portlaoise,return_ed_attendances,281,True
2022,7,2022-07-01,Midland Regional Hospital Portlaoise,return_ed_attendances,291,True
2022,8,2022-08-01,Midland Regional Hospital Portlaoise,return_ed_attendances,287,True
2022,9,2022-09-01,Midland Regional Hospital Portlaoise,return_ed_attendances,300,True
2022,10,2022-10-01,Midland Regional Hospital Portlaoise,return_ed_attendances,304,True
2022,11,2022-11-01,Midland Regional Hospital Portlaoise,return_ed_attendances,328,True
2022,12,2022-12-01,Midland Regional Hospital Portlaoise,return_ed_attendances,331,True
2023,1,2023-01-01,Midland Regional Hospital Portlaoise,return_ed_attendances,441,True
2023,2,2023-02-01,Midland Regional Hospital Portlaoise,return_ed_attendances,397,True
2023,3,2023-03-01,Midland Regional Hospital Portlaoise,return_ed_attendances,382,True
2023,4,2023-04-01,Midland Regional Hospital Portlaoise,return_ed_attendances,363,True
2023,5,2023-05-01,Midland Regional Hospital Portlaoise,return_ed_attendances,351,True
2023,6,2023-06-01,Midland Regional Hospital Portlaoise,return_ed_attendances,365,True
2023,7,2023-07-01,Midland Regional Hospital Portlaoise,return_ed_attendances,349,True
2023,8,2023-08-01,Midland Regional Hospital Portlaoise,return_ed_attendances,342,True
2023,9,2023-09-01,Midland Regional Hospital Portlaoise,return_ed_attendances,366,True
2023,10,2023-10-01,Midland Regional Hospital Portlaoise,return_ed_attendances,358,True
2023,11,2023-11-01,Midland Regional Hospital Portlaoise,return_ed_attendances,396,True
2023,12,2023-12-01,Midland Regional Hospital Portlaoise,return_ed_attendances,401,True
2024,1,2024-01-01,Midland Regional Hospital Portlaoise,return_ed_attendances,539,True
2024,2,2024-02-01,Midland Regional Hospital Portlaoise,return_ed_attendances,499,True
2024,3,2024-03-01,Midland Regional Hospital Portlaoise,return_ed_attendances,465,True
2024,4,2024-04-01,Midland Regional Hospital Portlaoise,return_ed_attendances,428,True
2024,5,2024-05-01,Midland Regional Hospital Portlaoise,return_ed_attendances,445,True
2024,6,2024-06-01,Midland Regional Hospital Portlaoise,return_ed_attendances,427,False
2024,7,2024-07-01,Midland Regional Hospital Portlaoise,return_ed_attendances,483,False
2024,8,2024-08-01,Midland Regional Hospital Portlaoise,return_ed_attendances,433,False
2024,9,2024-09-01,Midland Regional Hospital Portlaoise,return_ed_attendances,424,False
2022,1,2022-01-01,Midland Regional Hospital Tullamore,all_emergency_presentations,3658,True
2022,2,2022-02-01,Midland Regional Hospital Tullamore,all_emergency_presentations,3712,True
2022,3,2022-03-01,Midland Regional Hospital Tullamore,all_emergency_presentations,3564,True
2022,4,2022-04-01,Midland Regional Hospital Tullamore,all_emergency_presentations,3135,True
2022,5,2022-05-01,Midland Regional Hospital Tullamore,all_emergency_presentations,2971,True
2022,6,2022-06-01,Midland Regional Hospital Tullamore,all_emergency_presentations,2925,True
2022,7,2022-07-01,Midland Regional Hospital Tullamore,all_emergency_presentations,3129,True
2022,8,2022-08-01,Midland Regional Hospital Tullamore,all_emergency_presentations,3009,True
2022,9,2022-09-01,Midland Regional Hospital Tullamore,all_emergency_presentations,3120,True
2022,10,2022-10-01,Midland Regional Hospital Tullamore,all_emergency_presentations,3245,True
2022,11,2022-11-01,Midland Regional Hospital Tullamore,all_emergency_presentations,3354,True
2022,12,2022-12-01,Midland Regional Hospital Tullamore,all_emergency_presentations,3593,True
2023,1,2023-01-01,Midland Regional Hospital Tullamore,all_emergency_presentations,4288,True
2023,2,2023-02-01,Midland Regional Hospital Tullamore,all_emergency_presentations,3988,True
2023,3,2023-03-01,Midland Regional Hospital Tullamore,all_emergency_presentations,3611,True
2023,4,2023-04-01,Midland Regional Hospital Tullamore,all_emergency_presentations,3366,True
2023,5,2023-05-01,Midland Regional Hospital Tullamore,all_emergency_presentations,3137,True
2023,6,2023-06-01,Midland Regional Hospital Tullamore,all_emergency_presentations,3272,True
2023,7,2023-07-01,Midland Regional Hospital Tullamore,all_emergency_presentations,3250,True
2023,8,2023-08-01,Midland Regional Hospital Tullamore,all_emergency_presentations,3308,True
2023,9,2023-09-01,Midland Regional Hospital Tullamore,all_emergency_presentations,3797,True
2023,10,2023-10-01,Midland Regional Hospital Tullamore,all_emergency_presentations,3601,True
2023,11,2023-11-01,Midland Regional Hospital Tullamore,all_emergency_presentations,3658,True
2023,12,2023-12-01,Midland Regional Hospital Tullamore,all_emergency_presentations,3831,True
2024,1,2024-01-01,Midland Regional Hospital Tullamore,all_emergency_presentations,4585,True
2024,2,2024-02-01,Midland Regional Hospital Tullamore,all_emergency_presentations,4296,True
2024,3,2024-03-01,Midland Regional Hospital Tullamore,all_emergency_presentations,3774,True
2024,4,2024-04-01,Midland Regional Hospital Tullamore,all_emergency_presentations,3782,True
2024,5,2024-05-01,Midland Regional Hospital Tullamore,all_emergency_presentations,3497,True
2024,6,2024-06-01,Midland Regional Hospital Tullamore,all_emergency_presentations,3584,False
2024,7,2024-07-01,Midland Regional Hospital Tullamore,all_emergency_presentations,3842,False
2024,8,2024-08-01,Midland Regional Hospital Tullamore,all_emergency_presentations,3658,False
2024,9,2024-09-01,Midland Regional Hospital Tullamore,all_emergency_presentations,3852,False
2022,1,2022-01-01,Midland Regional Hospital Tullamore,new_ed_attendances,963,True
2022,2,2022-02-01,Midland Regional Hospital Tullamore,new_ed_attendances,899,True
2022,3,2022-03-01,Midland Regional Hospital Tullamore,new_ed_attendances,887,True
2022,4,2022-04-01,Midland Regional Hospital Tullamore,new_ed_attendances,819,True
2022,5,2022-05-01,Midland Regional Hospital Tullamore,new_ed_attendances,795,True
2022,6,2022-06-01,Midland Regional Hospital Tullamore,new_ed_attendances,731,True
2022,7,2022-07-01,Midland Regional Hospital Tullamore,new_ed_attendances,800,True
2022,8,2022-08-01,Midland Regional Hospital Tullamore,new_ed_attendances,751,True
2022,9,2022-09-01,Midland Regional Hospital Tullamore,new_ed_attendances,831,True
2022,10,2022-10-01,Midland Regional Hospital Tullamore,new_ed_attendances,897,True
2022,11,2022-11-01,Midland Regional Hospital Tullamore,new_ed_attendances,856,True
2022,12,2022-12-01,Midland Regional Hospital Tullamore,new_ed_attendances,899,True
2023,1,2023-01-01,Midland Regional Hospital Tullamore,new_ed_attendances,1354,True
2023,2,2023-02-01,Midland Regional Hospital Tullamore,new_ed_attendances,1284,True
2023,3,2023-03-01,Midland Regional Hospital Tullamore,new_ed_attendances,1145,True
2023,4,2023-04-01,Midland Regional Hospital Tullamore,new_ed_attendances,1123,True
2023,5,2023-05-01,Midland Regional Hospital Tullamore,new_ed_attendances,1052,True
2023,6,2023-06-01,Midland Regional Hospital Tullamore,new_ed_attendances,1067,True
2023,7,2023-07-01,Midland Regional Hospital Tullamore,new_ed_attendances,1045,True
2023,8,2023-08-01,Midland Regional Hospital Tullamore,new_ed_attendances,1149,True
2023,9,2023-09-01,Midland Regional Hospital Tullamore,new_ed_attendances,1117,True
2023,10,2023-10-01,Midland Regional Hospital Tullamore,new_ed_attendances,1167,True
2023,11,2023-11-01,Midland Regional Hospital Tullamore,new_ed_attendances,1265,True
2023,12,2023-12-01,Midland Regional Hospital Tullamore,new_ed_attendances,1234,True
2024,1,2024-01-01,Midland Regional Hospital Tullamore,new_ed_attendances,3636,True
2024,2,2024-02-01,Midland Regional Hospital Tullamore,new_ed_attendances,3625,True
2024,3,2024-03-01,Midland Regional Hospital Tullamore,new_ed_attendances,3058,True
2024,4,2024-04-01,Midland Regional Hospital Tullamore,new_ed_attendances,3016,True
2024,5,2024-05-01,Midland Regional Hospital Tullamore,new_ed_attendances,2930,True
2024,6,2024-06-01,Midland Regional Hospital Tullamore,new_ed_attendances,20687,False
2024,7,2024-07-01,Midland Regional Hospital Tullamore,new_ed_attendances,8,False
2024,8,2024-08-01,Midland Regional Hospital Tullamore,new_ed_attendances,13,False
2024,9,2024-09-01,Midland Regional Hospital Tullamore,new_ed_attendances,9108,False
2022,1,2022-01-01,Midland Regional Hospital Tullamore,return_ed_attendances,178,True
2022,2,2022-02-01,Midland Regional Hospital Tullamore,return_ed_attendances,183,True
2022,3,2022-03-01,Midland Regional Hospital Tullamore,return_ed_attendances,163,True
2022,4,2022-04-01,Midland Regional Hospital Tullamore,return_ed_attendances,151,True
2022,5,2022-05-01,Midland Regional Hospital Tullamore,return_ed_attendances,146,True
2022,6,2022-06-01,Midland Regional Hospital Tullamore,return_ed_attendances,141,True
2022,7,2022-07-01,Midland Regional Hospital Tullamore,return_ed_attendances,135,True
2022,8,2022-08-01,Midland Regional Hospital Tullamore,return_ed_attendances,145,True
2022,9,2022-09-01,Midland Regional Hospital Tullamore,return_ed_attendances,156,True
2022,10,2022-10-01,Midland Regional Hospital Tullamore,return_ed_attendances,156,True
2022,11,2022-11-01,Midland Regional Hospital Tullamore,return_ed_attendances,157,True
2022,12,2022-12-01,Midland Regional Hospital Tullamore,return_ed_attendances,170,True
2023,1,2023-01-01,Midland Regional Hospital Tullamore,return_ed_attendances,239,True
2023,2,2023-02-01,Midland Regional Hospital Tullamore,return_ed_attendances,228,True
2023,3,2023-03-01,Midland Regional Hospital Tullamore,return_ed_attendances,202,True
2023,4,2023-04-01,Midland Regional Hospital Tullamore,return_ed_attendances,194,True
2023,5,2023-05-01,Midland Regional Hospital Tullamore,return_ed_attendances,181,True
2023,6,2023-06-01,Midland Regional Hospital Tullamore,return_ed_attendances,168,True
2023,7,2023-07-01,Midland Regional Hospital Tullamore,return_ed_attendances,176,True
2023,8,2023-08-01,Midland Regional Hospital Tullamore,return_ed_attendances,194,True
2023,9,2023-09-01,Midland Regional Hospital Tullamore,return_ed_attendances,191,True
2023,10,2023-10-01,Midland Regional Hospital Tullamore,return_ed_attendances,197,True
2023,11,2023-11-01,Midland Regional Hospital Tullamore,return_ed_attendances,206,True
2023,12,2023-12-01,Midland Regional Hospital Tullamore,return_ed_attendances,228,True
2024,1,2024-01-01,Midland Regional Hospital Tullamore,return_ed_attendances,303,True
2024,2,2024-02-01,Midland Regional Hospital Tullamore,return_ed_attendances,298,True
2024,3,2024-03-01,Midland Regional Hospital Tullamore,return_ed_attendances,256,True
2024,4,2024-04-01,Midland Regional Hospital Tullamore,return_ed_attendances,242,True
2024,5,2024-05-01,Midland Regional Hospital Tullamore,return_ed_attendances,222,True
2024,6,2024-06-01,Midland Regional Hospital Tullamore,return_ed_attendances,208,False
2024,7,2024-07-01,Midland Regional Hospital Tullamore,return_ed_attendances,321,False
2024,8,2024-08-01,Midland Regional Hospital Tullamore,return_ed_attendances,253,False
2024,9,2024-09-01,Midland Regional Hospital Tullamore,return_ed_attendances,296,False
2022,1,2022-01-01,Mallow General Hospital,all_emergency_presentations,863,True
2022,2,2022-02-01,Mallow General Hospital,all_emergency_presentations,858,True
2022,3,2022-03-01,Mallow General Hospital,all_emergency_presentations,761,True
2022,4,2022-04-01,Mallow General Hospital,all_emergency_presentations,685,True
2022,5,2022-05-01,Mallow General Hospital,all_emergency_presentations,734,True
2022,6,2022-06-01,Mallow General Hospital,all_emergency_presentations,703,True
2022,7,2022-07-01,Mallow General Hospital,all_emergency_presentations,663,True
2022,8,2022-08-01,Mallow General Hospital,all_emergency_presentations,719,True
2022,9,2022-09-01,Mallow General Hospital,all_emergency_presentations,723,True
2022,10,2022-10-01,Mallow General Hospital,all_emergency_presentations,762,True
2022,11,2022-11-01,Mallow General Hospital,all_emergency_presentations,800,True
2022,12,2022-12-01,Mallow General Hospital,all_emergency_presentations,816,True
2023,1,2023-01-01,Mallow General Hospital,all_emergency_presentations,949,True
2023,2,2023-02-01,Mallow General Hospital,all_emergency_presentations,919,True
2023,3,2023-03-01,Mallow General Hospital,all_emergency_presentations,841,True
2023,4,2023-04-01,Mallow General Hospital,all_emergency_presentations,787,True
2023,5,2023-05-01,Mallow General Hospital,all_emergency_presentations,781,True
2023,6,2023-06-01,Mallow General Hospital,all_emergency_presentations,741,True
2023,7,2023-07-01,Mallow General Hospital,all_emergency_presentations,790,True
2023,8,2023-08-01,Mallow General Hospital,all_emergency_presentations,826,True
2023,9,2023-09-01,Mallow General Hospital,all_emergency_presentations,809,True
2023,10,2023-10-01,Mallow General Hospital,all_emergency_presentations,854,True
2023,11,2023-11-01,Mallow General Hospital,all_emergency_presentations,903,True
2023,12,2023-12-01,Mallow General Hospital,all_emergency_presentations,935,True
2024,1,2024-01-01,Mallow General Hospital,all_emergency_presentations,1093,True
2024,2,2024-02-01,Mallow General Hospital,all_emergency_presentations,1077,True
2024,3,2024-03-01,Mallow General Hospital,all_emergency_presentations,984,True
2024,4,2024-04-01,Mallow General Hospital,all_emergency_presentations,872,True
2024,5,2024-05-01,Mallow General Hospital,all_emergency_presentations,900,True
2024,6,2024-06-01,Mallow General Hospital,all_emergency_presentations,958,False
2024,7,2024-07-01,Mallow General Hospital,all_emergency_presentations,891,False
2024,8,2024-08-01,Mallow General Hospital,all_emergency_presentations,1023,False
2024,9,2024-09-01,Mallow General Hospital,all_emergency_presentations,1051,False
2022,1,2022-01-01,Mallow General Hospital,new_ed_attendances,253,True
2022,2,2022-02-01,Mallow General Hospital,new_ed_attendances,262,True
2022,3,2022-03-01,Mallow General Hospital,new_ed_attendances,231,True
2022,4,2022-04-01,Mallow General Hospital,new_ed_attendances,208,True
2022,5,2022-05-01,Mallow General Hospital,new_ed_attendances,209,True
2022,6,2022-06-01,Mallow General Hospital,new_ed_attendances,215,True
2022,7,2022-07-01,Mallow General Hospital,new_ed_attendances,215,True
2022,8,2022-08-01,Mallow General Hospital,new_ed_attendances,212,True
2022,9,2022-09-01,Mallow General Hospital,new_ed_attendances,221,True
2022,10,2022-10-01,Mallow General Hospital,new_ed_attendances,228,True
2022,11,2022-11-01,Mallow General Hospital,new_ed_attendances,256,True
2022,12,2022-12-01,Mallow General Hospital,new_ed_attendances,253,True
2023,1,2023-01-01,Mallow General Hospital,new_ed_attendances,373,True
2023,2,2023-02-01,Mallow General Hospital,new_ed_attendances,367,True
2023,3,2023-03-01,Mallow General Hospital,new_ed_attendances,330,True
2023,4,2023-04-01,Mallow General Hospital,new_ed_attendances,304,True
2023,5,2023-05-01,Mallow General Hospital,new_ed_attendances,295,True
2023,6,2023-06-01,Mallow General Hospital,new_ed_attendances,287,True
2023,7,2023-07-01,Mallow General Hospital,new_ed_attendances,293,True
2023,8,2023-08-01,Mallow General Hospital,new_ed_attendances,306,True
2023,9,2023-09-01,Mallow General Hospital,new_ed_attendances,313,True
2023,10,2023-10-01,Mallow General Hospital,new_ed_attendances,329,True
2023,11,2023-11-01,Mallow General Hospital,new_ed_attendances,337,True
2023,12,2023-12-01,Mallow General Hospital,new_ed_attendances,351,True
2024,1,2024-01-01,Mallow General Hospital,new_ed_attendances,650,True
2024,2,2024-02-01,Mallow General Hospital,new_ed_attendances,687,True
2024,3,2024-03-01,Mallow General Hospital,new_ed_attendances,622,True
2024,4,2024-04-01,Mallow General Hospital,new_ed_attendances,592,True
2024,5,2024-05-01,Mallow General Hospital,new_ed_attendances,509,True
2024,6,2024-06-01,Mallow General Hospital,new_ed_attendances,3833,False
2024,7,2024-07-01,Mallow General Hospital,new_ed_attendances,3,False
2024,8,2024-08-01,Mallow General Hospital,new_ed_attendances,11,False
2024,9,2024-09-01,Mallow General Hospital,new_ed_attendances,2427,False
2022,1,2022-01-01,Mallow General Hospital,return_ed_attendances,897,True
2022,2,2022-02-01,Mallow General Hospital,return_ed_attendances,849,True
2022,3,2022-03-01,Mallow General Hospital,return_ed_attendances,766,True
2022,4,2022-04-01,Mallow General Hospital,return_ed_attendances,708,True
2022,5,2022-05-01,Mallow General Hospital,return_ed_attendances,719,True
2022,6,2022-06-01,Mallow General Hospital,return_ed_attendances,647,True
2022,7,2022-07-01,Mallow General Hospital,return_ed_attendances,670,True
2022,8,2022-08-01,Mallow General Hospital,return_ed_attendances,696,True
2022,9,2022-09-01,Mallow General Hospital,return_ed_attendances,761,True
2022,10,2022-10-01,Mallow General Hospital,return_ed_attendances,765,True
2022,11,2022-11-01,Mallow General Hospital,return_ed_attendances,770,True
2022,12,2022-12-01,Mallow General Hospital,return_ed_attendances,815,True
2023,1,2023-01-01,Mallow General Hospital,return_ed_attendances,954,True
2023,2,2023-02-01,Mallow General Hospital,return_ed_attendances,919,True
2023,3,2023-03-01,Mallow General Hospital,return_ed_attendances,890,True
2023,4,2023-04-01,Mallow General Hospital,return_ed_attendances,774,True
2023,5,2023-05-01,Mallow General Hospital,return_ed_attendances,820,True
2023,6,2023-06-01,Mallow General Hospital,return_ed_attendances,776,True
2023,7,2023-07-01,Mallow General Hospital,return_ed_attendances,799,True
2023,8,2023-08-01,Mallow General Hospital,return_ed_attendances,780,True
2023,9,2023-09-01,Mallow General Hospital,return_ed_attendances,820,True
2023,10,2023-10-01,Mallow General Hospital,return_ed_attendances,812,True
2023,11,2023-11-01,Mallow General Hospital,return_ed_attendances,875,True
2023,12,2023-12-01,Mallow General Hospital,return_ed_attendances,936,True
2024,1,2024-01-01,Mallow General Hospital,return_ed_attendances,1132,True
2024,2,2024-02-01,Mallow General Hospital,return_ed_attendances,1018,True
2024,3,2024-03-01,Mallow General Hospital,return_ed_attendances,959,True
2024,4,2024-04-01,Mallow General Hospital,return_ed_attendances,901,True
2024,5,2024-05-01,Mallow General Hospital,return_ed_attendances,841,True
2024,6,2024-06-01,Mallow General Hospital,return_ed_attendances,958,False
2024,7,2024-07-01,Mallow General Hospital,return_ed_attendances,891,False
2024,8,2024-08-01,Mallow General Hospital,return_ed_attendances,1023,False
2024,9,2024-09-01,Mallow General Hospital,return_ed_attendances,1051,False
2022,1,2022-01-01,Mater Misericordiae University Hospital,all_emergency_presentations,8786,True
2022,2,2022-02-01,Mater Misericordiae University Hospital,all_emergency_presentations,8472,True
2022,3,2022-03-01,Mater Misericordiae University Hospital,all_emergency_presentations,7859,True
2022,4,2022-04-01,Mater Misericordiae University Hospital,all_emergency_presentations,7575,True
2022,5,2022-05-01,Mater Misericordiae University Hospital,all_emergency_presentations,6898,True
2022,6,2022-06-01,Mater Misericordiae University Hospital,all_emergency_presentations,6921,True
2022,7,2022-07-01,Mater Misericordiae University Hospital,all_emergency_presentations,7226,True
2022,8,2022-08-01,Mater Misericordiae University Hospital,all_emergency_presentations,7278,True
2022,9,2022-09-01,Mater Misericordiae University Hospital,all_emergency_presentations,7512,True
2022,10,2022-10-01,Mater Misericordiae University Hospital,all_emergency_presentations,7924,True
2022,11,2022-11-01,Mater Misericordiae University Hospital,all_emergency_presentations,7413,True
2022,12,2022-12-01,Mater Misericordiae University Hospital,all_emergency_presentations,8536,True
2023,1,2023-01-01,Mater Misericordiae University Hospital,all_emergency_presentations,9276,True
2023,2,2023-02-01,Mater Misericordiae University Hospital,all_emergency_presentations,8639,True
2023,3,2023-03-01,Mater Misericordiae University Hospital,all_emergency_presentations,8548,True
2023,4,2023-04-01,Mater Misericordiae University Hospital,all_emergency_presentations,8182,True
2023,5,2023-05-01,Mater Misericordiae University Hospital,all_emergency_presentations,7586,True
2023,6,2023-06-01,Mater Misericordiae University Hospital,all_emergency_presentations,7588,True
2023,7,2023-07-01,Mater Misericordiae University Hospital,all_emergency_presentations,7902,True
2023,8,2023-08-01,Mater Misericordiae University Hospital,all_emergency_presentations,8001,True
2023,9,2023-09-01,Mater Misericordiae University Hospital,all_emergency_presentations,8413,True
2023,10,2023-10-01,Mater Misericordiae University Hospital,all_emergency_presentations,8443,True
2023,11,2023-11-01,Mater Misericordiae University Hospital,all_emergency_presentations,8679,True
2023,12,2023-12-01,Mater Misericordiae University Hospital,all_emergency_presentations,8549,True
2024,1,2024-01-01,Mater Misericordiae University Hospital,all_emergency_presentations,10082,True
2024,2,2024-02-01,Mater Misericordiae University Hospital,all_emergency_presentations,9565,True
2024,3,2024-03-01,Mater Misericordiae University Hospital,all_emergency_presentations,9627,True
2024,4,2024-04-01,Mater Misericordiae University Hospital,all_emergency_presentations,8391,True
2024,5,2024-05-01,Mater Misericordiae University Hospital,all_emergency_presentations,8208,True
2024,6,2024-06-01,Mater Misericordiae University Hospital,all_emergency_presentations,8528,False
2024,7,2024-07-01,Mater Misericordiae University Hospital,all_emergency_presentations,8809,False
2024,8,2024-08-01,Mater Misericordiae University Hospital,all_emergency_presentations,8703,False
2024,9,2024-09-01,Mater Misericordiae University Hospital,all_emergency_presentations,8675,False
2022,1,2022-01-01,Mater Misericordiae University Hospital,new_ed_attendances,1652,True
2022,2,2022-02-01,Mater Misericordiae University Hospital,new_ed_attendances,1443,True
2022,3,2022-03-01,Mater Misericordiae University Hospital,new_ed_attendances,1427,True
2022,4,2022-04-01,Mater Misericordiae University Hospital,new_ed_attendances,1364,True
2022,5,2022-05-01,Mater Misericordiae University Hospital,new_ed_attendances,1282,True
2022,6,2022-06-01,Mater Misericordiae University Hospital,new_ed_attendances,1353,True
2022,7,2022-07-01,Mater Misericordiae University Hospital,new_ed_attendances,1261,True
2022,8,2022-08-01,Mater Misericordiae University Hospital,new_ed_attendances,1328,True
2022,9,2022-09-01,Mater Misericordiae University Hospital,new_ed_attendances,1408,True
2022,10,2022-10-01,Mater Misericordiae University Hospital,new_ed_attendances,1507,True
2022,11,2022-11-01,Mater Misericordiae University Hospital,new_ed_attendances,1449,True
2022,12,2022-12-01,Mater Misericordiae University Hospital,new_ed_attendances,1625,True
2023,1,2023-01-01,Mater Misericordiae University Hospital,new_ed_attendances,2317,True
2023,2,2023-02-01,Mater Misericordiae University Hospital,new_ed_attendances,2172,True
2023,3,2023-03-01,Mater Misericordiae University Hospital,new_ed_attendances,2090,True
2023,4,2023-04-01,Mater Misericordiae University Hospital,new_ed_attendances,1935,True
2023,5,2023-05-01,Mater Misericordiae University Hospital,new_ed_attendances,1831,True
2023,6,2023-06-01,Mater Misericordiae University Hospital,new_ed_attendances,1810,True
2023,7,2023-07-01,Mater Misericordiae University Hospital,new_ed_attendances,1824,True
2023,8,2023-08-01,Mater Misericordiae University Hospital,new_ed_attendances,1891,True
2023,9,2023-09-01,Mater Misericordiae University Hospital,new_ed_attendances,2002,True
2023,10,2023-10-01,Mater Misericordiae University Hospital,new_ed_attendances,2118,True
2023,11,2023-11-01,Mater Misericordiae University Hospital,new_ed_attendances,2041,True
2023,12,2023-12-01,Mater Misericordiae University Hospital,new_ed_attendances,2339,True
2024,1,2024-01-01,Mater Misericordiae University Hospital,new_ed_attendances,11363,True
2024,2,2024-02-01,Mater Misericordiae University Hospital,new_ed_attendances,11607,True
2024,3,2024-03-01,Mater Misericordiae University Hospital,new_ed_attendances,10929,True
2024,4,2024-04-01,Mater Misericordiae University Hospital,new_ed_attendances,10108,True
2024,5,2024-05-01,Mater Misericordiae University Hospital,new_ed_attendances,9535,True
2024,6,2024-06-01,Mater Misericordiae University Hospital,new_ed_attendances,63382,False
2024,7,2024-07-01,Mater Misericordiae University Hospital,new_ed_attendances,5,False
2024,8,2024-08-01,Mater Misericordiae University Hospital,new_ed_attendances,2,False
2024,9,2024-09-01,Mater Misericordiae University Hospital,new_ed_attendances,15765,False
2022,1,2022-01-01,Mater Misericordiae University Hospital,return_ed_attendances,591,True
2022,2,2022-02-01,Mater Misericordiae University Hospital,return_ed_attendances,534,True
2022,3,2022-03-01,Mater Misericordiae University Hospital,return_ed_attendances,496,True
2022,4,2022-04-01,Mater Misericordiae University Hospital,return_ed_attendances,466,True
2022,5,2022-05-01,Mater Misericordiae University Hospital,return_ed_attendances,453,True
2022,6,2022-06-01,Mater Misericordiae University Hospital,return_ed_attendances,431,True
2022,7,2022-07-01,Mater Misericordiae University Hospital,return_ed_attendances,472,True
2022,8,2022-08-01,Mater Misericordiae University Hospital,return_ed_attendances,461,True
2022,9,2022-09-01,Mater Misericordiae University Hospital,return_ed_attendances,489,True
2022,10,2022-10-01,Mater Misericordiae University Hospital,return_ed_attendances,490,True
2022,11,2022-11-01,Mater Misericordiae University Hospital,return_ed_attendances,494,True
2022,12,2022-12-01,Mater Misericordiae University Hospital,return_ed_attendances,547,True
2023,1,2023-01-01,Mater Misericordiae University Hospital,return_ed_attendances,588,True
2023,2,2023-02-01,Mater Misericordiae University Hospital,return_ed_attendances,601,True
2023,3,2023-03-01,Mater Misericordiae University Hospital,return_ed_attendances,532,True
2023,4,2023-04-01,Mater Misericordiae University Hospital,return_ed_attendances,549,True
2023,5,2023-05-01,Mater Misericordiae University Hospital,return_ed_attendances,516,True
2023,6,2023-06-01,Mater Misericordiae University Hospital,return_ed_attendances,488,True
2023,7,2023-07-01,Mater Misericordiae University Hospital,return_ed_attendances,516,True
2023,8,2023-08-01,Mater Misericordiae University Hospital,return_ed_attendances,494,True
2023,9,2023-09-01,Mater Misericordiae University Hospital,return_ed_attendances,537,True
2023,10,2023-10-01,Mater Misericordiae University Hospital,return_ed_attendances,548,True
2023,11,2023-11-01,Mater Misericordiae University Hospital,return_ed_attendances,575,True
2023,12,2023-12-01,Mater Misericordiae University Hospital,return_ed_attendances,615,True
2024,1,2024-01-01,Mater Misericordiae University Hospital,return_ed_attendances,696,True
2024,2,2024-02-01,Mater Misericordiae University Hospital,return_ed_attendances,663,True
2024,3,2024-03-01,Mater Misericordiae University Hospital,return_ed_attendances,576,True
2024,4,2024-04-01,Mater Misericordiae University Hospital,return_ed_attendances,549,True
2024,5,2024-05-01,Mater Misericordiae University Hospital,return_ed_attendances,546,True
2024,6,2024-06-01,Mater Misericordiae University Hospital,return_ed_attendances,580,False
2024,7,2024-07-01,Mater Misericordiae University Hospital,return_ed_attendances,532,False
2024,8,2024-08-01,Mater Misericordiae University Hospital,return_ed_attendances,559,False
2024,9,2024-09-01,Mater Misericordiae University Hospital,return_ed_attendances,588,False
2022,1,2022-01-01,Mayo University Hospital,all_emergency_presentations,3866,True
2022,2,2022-02-01,Mayo University Hospital,all_emergency_presentations,3505,True
2022,3,2022-03-01,Mayo University Hospital,all_emergency_presentations,3423,True
2022,4,2022-04-01,Mayo University Hospital,all_emergency_presentations,3128,True
2022,5,2022-05-01,Mayo University Hospital,all_emergency_presentations,2944,True
2022,6,2022-06-01,Mayo University Hospital,all_emergency_presentations,2899,True
2022,7,2022-07-01,Mayo University Hospital,all_emergency_presentations,3061,True
2022,8,2022-08-01,Mayo University Hospital,all_emergency_presentations,3073,True
2022,9,2022-09-01,Mayo University Hospital,all_emergency_presentations,3246,True
2022,10,2022-10-01,Mayo University Hospital,all_emergency_presentations,3481,True
2022,11,2022-11-01,Mayo University Hospital,all_emergency_presentations,3284,True
2022,12,2022-12-01,Mayo University Hospital,all_emergency_presentations,3747,True
2023,1,2023-01-01,Mayo University Hospital,all_emergency_presentations,4113,True
2023,2,2023-02-01,Mayo University Hospital,all_emergency_presentations,3854,True
2023,3,2023-03-01,Mayo University Hospital,all_emergency_presentations,3503,True
2023,4,2023-04-01,Mayo University Hospital,all_emergency_presentations,3386,True
2023,5,2023-05-01,Mayo University Hospital,all_emergency_presentations,3392,True
2023,6,2023-06-01,Mayo University Hospital,all_emergency_presentations,3184,True
2023,7,2023-07-01,Mayo University Hospital,all_emergency_presentations,3414,True
2023,8,2023-08-01,Mayo University Hospital,all_emergency_presentations,3190,True
2023,9,2023-09-01,Mayo University Hospital,all_emergency_presentations,3473,True
2023,10,2023-10-01,Mayo University Hospital,all_emergency_presentations,3444,True
2023,11,2023-11-01,Mayo University Hospital,all_emergency_presentations,3793,True
2023,12,2023-12-01,Mayo University Hospital,all_emergency_presentations,3995,True
2024,1,2024-01-01,Mayo University Hospital,all_emergency_presentations,4408,True
2024,2,2024-02-01,Mayo University Hospital,all_emergency_presentations,3976,True
2024,3,2024-03-01,Mayo University Hospital,all_emergency_presentations,3997,True
2024,4,2024-04-01,Mayo University Hospital,all_emergency_presentations,3757,True
2024,5,2024-05-01,Mayo University Hospital,all_emergency_presentations,3638,True
2024,6,2024-06-01,Mayo University Hospital,all_emergency_presentations,3762,False
2024,7,2024-07-01,Mayo University Hospital,all_emergency_presentations,3839,False
2024,8,2024-08-01,Mayo University Hospital,all_emergency_presentations,3754,False
2024,9,2024-09-01,Mayo University Hospital,all_emergency_presentations,3742,False
2022,1,2022-01-01,Mayo University Hospital,new_ed_attendances,1251,True
2022,2,2022-02-01,Mayo University Hospital,new_ed_attendances,1145,True
2022,3,2022-03-01,Mayo University Hospital,new_ed_attendances,1104,True
2022,4,2022-04-01,Mayo University Hospital,new_ed_attendances,1023,True
2022,5,2022-05-01,Mayo University Hospital,new_ed_attendances,1002,True
2022,6,2022-06-01,Mayo University Hospital,new_ed_attendances,964,True
2022,7,2022-07-01,Mayo University Hospital,new_ed_attendances,1049,True
2022,8,2022-08-01,Mayo University Hospital,new_ed_attendances,978,True
2022,9,2022-09-01,Mayo University Hospital,new_ed_attendances,1023,True
2022,10,2022-10-01,Mayo University Hospital,new_ed_attendances,1050,True
2022,11,2022-11-01,Mayo University Hospital,new_ed_attendances,1104,True
2022,12,2022-12-01,Mayo University Hospital,new_ed_attendances,1142,True
2023,1,2023-01-01,Mayo University Hospital,new_ed_attendances,1778,True
2023,2,2023-02-01,Mayo University Hospital,new_ed_attendances,1729,True
2023,3,2023-03-01,Mayo University Hospital,new_ed_attendances,1501,True
2023,4,2023-04-01,Mayo University Hospital,new_ed_attendances,1390,True
2023,5,2023-05-01,Mayo University Hospital,new_ed_attendances,1402,True
2023,6,2023-06-01,Mayo University Hospital,new_ed_attendances,1316,True
2023,7,2023-07-01,Mayo University Hospital,new_ed_attendances,1393,True
2023,8,2023-08-01,Mayo University Hospital,new_ed_attendances,1405,True
2023,9,2023-09-01,Mayo University Hospital,new_ed_attendances,1389,True
2023,10,2023-10-01,Mayo University Hospital,new_ed_attendances,1568,True
2023,11,2023-11-01,Mayo University Hospital,new_ed_attendances,1656,True
2023,12,2023-12-01,Mayo University Hospital,new_ed_attendances,1599,True
2024,1,2024-01-01,Mayo University Hospital,new_ed_attendances,3838,True
2024,2,2024-02-01,Mayo University Hospital,new_ed_attendances,3784,True
2024,3,2024-03-01,Mayo University Hospital,new_ed_attendances,3490,True
2024,4,2024-04-01,Mayo University Hospital,new_ed_attendances,3289,True
2024,5,2024-05-01,Mayo University Hospital,new_ed_attendances,3315,True
2024,6,2024-06-01,Mayo University Hospital,new_ed_attendances,20249,False
2024,7,2024-07-01,Mayo University Hospital,new_ed_attendances,15,False
2024,8,2024-08-01,Mayo University Hospital,new_ed_attendances,6,False
2024,9,2024-09-01,Mayo University Hospital,new_ed_attendances,11578,False
2022,1,2022-01-01,Mayo University Hospital,return_ed_attendances,151,True
2022,2,2022-02-01,Mayo University Hospital,return_ed_attendances,157,True
2022,3,2022-03-01,Mayo University Hospital,return_ed_attendances,135,True
2022,4,2022-04-01,Mayo University Hospital,return_ed_attendances,128,True
2022,5,2022-05-01,Mayo University Hospital,return_ed_attendances,125,True
2022,6,2022-06-01,Mayo University Hospital,return_ed_attendances,120,True
2022,7,2022-07-01,Mayo University Hospital,return_ed_attendances,122,True
2022,8,2022-08-01,Mayo University Hospital,return_ed_attendances,121,True
2022,9,2022-09-01,Mayo University Hospital,return_ed_attendances,136,True
2022,10,2022-10-01,Mayo University Hospital,return_ed_attendances,142,True
2022,11,2022-11-01,Mayo University Hospital,return_ed_attendances,134,True
2022,12,2022-12-01,Mayo University Hospital,return_ed_attendances,142,True
2023,1,2023-01-01,Mayo University Hospital,return_ed_attendances,189,True
2023,2,2023-02-01,Mayo University Hospital,return_ed_attendances,179,True
2023,3,2023-03-01,Mayo University Hospital,return_ed_attendances,172,True
2023,4,2023-04-01,Mayo University Hospital,return_ed_attendances,155,True
2023,5,2023-05-01,Mayo University Hospital,return_ed_attendances,164,True
2023,6,2023-06-01,Mayo University Hospital,return_ed_attendances,154,True
2023,7,2023-07-01,Mayo University Hospital,return_ed_attendances,153,True
2023,8,2023-08-01,Mayo University Hospital,return_ed_attendances,160,True
2023,9,2023-09-01,Mayo University Hospital,return_ed_attendances,167,True
2023,10,2023-10-01,Mayo University Hospital,return_ed_attendances,164,True
2023,11,2023-11-01,Mayo University Hospital,return_ed_attendances,170,True
2023,12,2023-12-01,Mayo University Hospital,return_ed_attendances,182,True
2024,1,2024-01-01,Mayo University Hospital,return_ed_attendances,243,True
2024,2,2024-02-01,Mayo University Hospital,return_ed_attendances,230,True
2024,3,2024-03-01,Mayo University Hospital,return_ed_attendances,201,True
2024,4,2024-04-01,Mayo University Hospital,return_ed_attendances,192,True
2024,5,2024-05-01,Mayo University Hospital,return_ed_attendances,190,True
2024,6,2024-06-01,Mayo University Hospital,return_ed_attendances,202,False
2024,7,2024-07-01,Mayo University Hospital,return_ed_attendances,232,False
2024,8,2024-08-01,Mayo University Hospital,return_ed_attendances,207,False
2024,9,2024-09-01,Mayo University Hospital,return_ed_attendances,198,False
2022,1,2022-01-01,Mercy University Hospital,all_emergency_presentations,4957,True
2022,2,2022-02-01,Mercy University Hospital,all_emergency_presentations,4558,True
2022,3,2022-03-01,Mercy University Hospital,all_emergency_presentations,4302,True
2022,4,2022-04-01,Mercy University Hospital,all_emergency_presentations,4092,True
2022,5,2022-05-01,Mercy University Hospital,all_emergency_presentations,3863,True
2022,6,2022-06-01,Mercy University Hospital,all_emergency_presentations,3886,True
2022,7,2022-07-01,Mercy University Hospital,all_emergency_presentations,4119,True
2022,8,2022-08-01,Mercy University Hospital,all_emergency_presentations,3836,True
2022,9,2022-09-01,Mercy University Hospital,all_emergency_presentations,3922,True
2022,10,2022-10-01,Mercy University Hospital,all_emergency_presentations,4253,True
2022,11,2022-11-01,Mercy University Hospital,all_emergency_presentations,4515,True
2022,12,2022-12-01,Mercy University Hospital,all_emergency_presentations,4551,True
2023,1,2023-01-01,Mercy University Hospital,all_emergency_presentations,5221,True
2023,2,2023-02-01,Mercy University Hospital,all_emergency_presentations,4639,True
2023,3,2023-03-01,Mercy University Hospital,all_emergency_presentations,4545,True
2023,4,2023-04-01,Mercy University Hospital,all_emergency_presentations,4080,True
2023,5,2023-05-01,Mercy University Hospital,all_emergency_presentations,4236,True
2023,6,2023-06-01,Mercy University Hospital,all_emergency_presentations,4134,True
2023,7,2023-07-01,Mercy University Hospital,all_emergency_presentations,3894,True
2023,8,2023-08-01,Mercy University Hospital,all_emergency_presentations,4003,True
2023,9,2023-09-01,Mercy University Hospital,all_emergency_presentations,4349,True
2023,10,2023-10-01,Mercy University Hospital,all_emergency_presentations,4316,True
2023,11,2023-11-01,Mercy University Hospital,all_emergency_presentations,4573,True
2023,12,2023-12-01,Mercy University Hospital,all_emergency_presentations,4752,True
2024,1,2024-01-01,Mercy University Hospital,all_emergency_presentations,4886,True
2024,2,2024-02-01,Mercy University Hospital,all_emergency_presentations,5006,True
2024,3,2024-03-01,Mercy University Hospital,all_emergency_presentations,4518,True
2024,4,2024-04-01,Mercy University Hospital,all_emergency_presentations,4242,True
2024,5,2024-05-01,Mercy University Hospital,all_emergency_presentations,4354,True
2024,6,2024-06-01,Mercy University Hospital,all_emergency_presentations,4446,False
2024,7,2024-07-01,Mercy University Hospital,all_emergency_presentations,4291,False
2024,8,2024-08-01,Mercy University Hospital,all_emergency_presentations,4212,False
2024,9,2024-09-01,Mercy University Hospital,all_emergency_presentations,4350,False
2022,1,2022-01-01,Mercy University Hospital,new_ed_attendances,728,True
2022,2,2022-02-01,Mercy University Hospital,new_ed_attendances,659,True
2022,3,2022-03-01,Mercy University Hospital,new_ed_attendances,630,True
2022,4,2022-04-01,Mercy University Hospital,new_ed_attendances,551,True
2022,5,2022-05-01,Mercy University Hospital,new_ed_attendances,562,True
2022,6,2022-06-01,Mercy University Hospital,new_ed_attendances,517,True
2022,7,2022-07-01,Mercy University Hospital,new_ed_attendances,535,True
2022,8,2022-08-01,Mercy University Hospital,new_ed_attendances,589,True
2022,9,2022-09-01,Mercy University Hospital,new_ed_attendances,577,True
2022,10,2022-10-01,Mercy University Hospital,new_ed_attendances,602,True
2022,11,2022-11-01,Mercy University Hospital,new_ed_attendances,643,True
2022,12,2022-12-01,Mercy University Hospital,new_ed_attendances,660,True
2023,1,2023-01-01,Mercy University Hospital,new_ed_attendances,963,True
2023,2,2023-02-01,Mercy University Hospital,new_ed_attendances,937,True
2023,3,2023-03-01,Mercy University Hospital,new_ed_attendances,915,True
2023,4,2023-04-01,Mercy University Hospital,new_ed_attendances,795,True
2023,5,2023-05-01,Mercy University Hospital,new_ed_attendances,777,True
2023,6,2023-06-01,Mercy University Hospital,new_ed_attendances,771,True
2023,7,2023-07-01,Mercy University Hospital,new_ed_attendances,789,True
2023,8,2023-08-01,Mercy University Hospital,new_ed_attendances,808,True
2023,9,2023-09-01,Mercy University Hospital,new_ed_attendances,828,True
2023,10,2023-10-01,Mercy University Hospital,new_ed_attendances,808,True
2023,11,2023-11-01,Mercy University Hospital,new_ed_attendances,921,True
2023,12,2023-12-01,Mercy University Hospital,new_ed_attendances,879,True
2024,1,2024-01-01,Mercy University Hospital,new_ed_attendances,3758,True
2024,2,2024-02-01,Mercy University Hospital,new_ed_attendances,3516,True
2024,3,2024-03-01,Mercy University Hospital,new_ed_attendances,3307,True
2024,4,2024-04-01,Mercy University Hospital,new_ed_attendances,3123,True
2024,5,2024-05-01,Mercy University Hospital,new_ed_attendances,3027,True
2024,6,2024-06-01,Mercy University Hospital,new_ed_attendances,20062,False
2024,7,2024-07-01,Mercy University Hospital,new_ed_attendances,10,False
2024,8,2024-08-01,Mercy University Hospital,new_ed_attendances,4,False
2024,9,2024-09-01,Mercy University Hospital,new_ed_attendances,6349,False
2022,1,2022-01-01,Mercy University Hospital,return_ed_attendances,243,True
2022,2,2022-02-01,Mercy University Hospital,return_ed_attendances,247,True
2022,3,2022-03-01,Mercy University Hospital,return_ed_attendances,214,True
2022,4,2022-04-01,Mercy University Hospital,return_ed_attendances,215,True
2022,5,2022-05-01,Mercy University Hospital,return_ed_attendances,188,True
2022,6,2022-06-01,Mercy University Hospital,return_ed_attendances,195,True
2022,7,2022-07-01,Mercy University Hospital,return_ed_attendances,199,True
2022,8,2022-08-01,Mercy University Hospital,return_ed_attendances,196,True
2022,9,2022-09-01,Mercy University Hospital,return_ed_attendances,212,True
2022,10,2022-10-01,Mercy University Hospital,return_ed_attendances,223,True
2022,11,2022-11-01,Mercy University Hospital,return_ed_attendances,211,True
2022,12,2022-12-01,Mercy University Hospital,return_ed_attendances,238,True
2023,1,2023-01-01,Mercy University Hospital,return_ed_attendances,229,True
2023,2,2023-02-01,Mercy University Hospital,return_ed_attendances,232,True
2023,3,2023-03-01,Mercy University Hospital,return_ed_attendances,231,True
2023,4,2023-04-01,Mercy University Hospital,return_ed_attendances,202,True
2023,5,2023-05-01,Mercy University Hospital,return_ed_attendances,192,True
2023,6,2023-06-01,Mercy University Hospital,return_ed_attendances,192,True
2023,7,2023-07-01,Mercy University Hospital,return_ed_attendances,209,True
2023,8,2023-08-01,Mercy University Hospital,return_ed_attendances,190,True
2023,9,2023-09-01,Mercy University Hospital,return_ed_attendances,203,True
2023,10,2023-10-01,Mercy University Hospital,return_ed_attendances,226,True
2023,11,2023-11-01,Mercy University Hospital,return_ed_attendances,239,True
2023,12,2023-12-01,Mercy University Hospital,return_ed_attendances,234,True
2024,1,2024-01-01,Mercy University Hospital,return_ed_attendances,239,True
2024,2,2024-02-01,Mercy University Hospital,return_ed_attendances,255,True
2024,3,2024-03-01,Mercy University Hospital,return_ed_attendances,232,True
2024,4,2024-04-01,Mercy University Hospital,return_ed_attendances,211,True
2024,5,2024-05-01,Mercy University Hospital,return_ed_attendances,195,True
2024,6,2024-06-01,Mercy University Hospital,return_ed_attendances,213,False
2024,7,2024-07-01,Mercy University Hospital,return_ed_attendances,194,False
2024,8,2024-08-01,Mercy University Hospital,return_ed_attendances,210,False
2024,9,2024-09-01,Mercy University Hospital,return_ed_attendances,190,False
2022,1,2022-01-01,Monaghan Hospital,all_emergency_presentations,785,True
2022,2,2022-02-01,Monaghan Hospital,all_emergency_presentations,802,True
2022,3,2022-03-01,Monaghan Hospital,all_emergency_presentations,715,True
2022,4,2022-04-01,Monaghan Hospital,all_emergency_presentations,667,True
2022,5,2022-05-01,Monaghan Hospital,all_emergency_presentations,652,True
2022,6,2022-06-01,Monaghan Hospital,all_emergency_presentations,599,True
2022,7,2022-07-01,Monaghan Hospital,all_emergency_presentations,653,True
2022,8,2022-08-01,Monaghan Hospital,all_emergency_presentations,646,True
2022,9,2022-09-01,Monaghan Hospital,all_emergency_presentations,688,True
2022,10,2022-10-01,Monaghan Hospital,all_emergency_presentations,672,True
2022,11,2022-11-01,Monaghan Hospital,all_emergency_presentations,694,True
2022,12,2022-12-01,Monaghan Hospital,all_emergency_presentations,774,True
2023,1,2023-01-01,Monaghan Hospital,all_emergency_presentations,1055,True
2023,2,2023-02-01,Monaghan Hospital,all_emergency_presentations,980,True
2023,3,2023-03-01,Monaghan Hospital,all_emergency_presentations,904,True
2023,4,2023-04-01,Monaghan Hospital,all_emergency_presentations,895,True
2023,5,2023-05-01,Monaghan Hospital,all_emergency_presentations,810,True
2023,6,2023-06-01,Monaghan Hospital,all_emergency_presentations,853,True
2023,7,2023-07-01,Monaghan Hospital,all_emergency_presentations,808,True
2023,8,2023-08-01,Monaghan Hospital,all_emergency_presentations,865,True
2023,9,2023-09-01,Monaghan Hospital,all_emergency_presentations,875,True
2023,10,2023-10-01,Monaghan Hospital,all_emergency_presentations,927,True
2023,11,2023-11-01,Monaghan Hospital,all_emergency_presentations,939,True
2023,12,2023-12-01,Monaghan Hospital,all_emergency_presentations,985,True
2024,1,2024-01-01,Monaghan Hospital,all_emergency_presentations,1369,True
2024,2,2024-02-01,Monaghan Hospital,all_emergency_presentations,1282,True
2024,3,2024-03-01,Monaghan Hospital,all_emergency_presentations,1244,True
2024,4,2024-04-01,Monaghan Hospital,all_emergency_presentations,1118,True
2024,5,2024-05-01,Monaghan Hospital,all_emergency_presentations,1093,True
2024,6,2024-06-01,Monaghan Hospital,all_emergency_presentations,1160,False
2024,7,2024-07-01,Monaghan Hospital,all_emergency_presentations,1264,False
2024,8,2024-08-01,Monaghan Hospital,all_emergency_presentations,1223,False
2024,9,2024-09-01,Monaghan Hospital,all_emergency_presentations,1288,False
2022,1,2022-01-01,Monaghan Hospital,new_ed_attendances,858,True
2022,2,2022-02-01,Monaghan Hospital,new_ed_attendances,858,True
2022,3,2022-03-01,Monaghan Hospital,new_ed_attendances,765,True
2022,4,2022-04-01,Monaghan Hospital,new_ed_attendances,759,True
2022,5,2022-05-01,Monaghan Hospital,new_ed_attendances,692,True
2022,6,2022-06-01,Monaghan Hospital,new_ed_attendances,682,True
2022,7,2022-07-01,Monaghan Hospital,new_ed_attendances,712,True
2022,8,2022-08-01,Monaghan Hospital,new_ed_attendances,677,True
2022,9,2022-09-01,Monaghan Hospital,new_ed_attendances,698,True
2022,10,2022-10-01,Monaghan Hospital,new_ed_attendances,724,True
2022,11,2022-11-01,Monaghan Hospital,new_ed_attendances,826,True
2022,12,2022-12-01,Monaghan Hospital,new_ed_attendances,812,True
2023,1,2023-01-01,Monaghan Hospital,new_ed_attendances,655,True
2023,2,2023-02-01,Monaghan Hospital,new_ed_attendances,578,True
2023,3,2023-03-01,Monaghan Hospital,new_ed_attendances,545,True
2023,4,2023-04-01,Monaghan Hospital,new_ed_attendances,529,True
2023,5,2023-05-01,Monaghan Hospital,new_ed_attendances,519,True
2023,6,2023-06-01,Monaghan Hospital,new_ed_attendances,504,True
2023,7,2023-07-01,Monaghan Hospital,new_ed_attendances,502,True
2023,8,2023-08-01,Monaghan Hospital,new_ed_attendances,510,True
2023,9,2023-09-01,Monaghan Hospital,new_ed_attendances,525,True
2023,10,2023-10-01,Monaghan Hospital,new_ed_attendances,544,True
2023,11,2023-11-01,Monaghan Hospital,new_ed_attendances,548,True
2023,12,2023-12-01,Monaghan Hospital,new_ed_attendances,563,True
2024,1,2024-01-01,Monaghan Hospital,new_ed_attendances,208,True
2024,2,2024-02-01,Monaghan Hospital,new_ed_attendances,200,True
2024,3,2024-03-01,Monaghan Hospital,new_ed_attendances,183,True
2024,4,2024-04-01,Monaghan Hospital,new_ed_attendances,177,True
2024,5,2024-05-01,Monaghan Hospital,new_ed_attendances,172,True
2024,6,2024-06-01,Monaghan Hospital,new_ed_attendances,762,False
2024,9,2024-09-01,Monaghan Hospital,new_ed_attendances,4330,False
2022,1,2022-01-01,Monaghan Hospital,return_ed_attendances,808,True
2022,2,2022-02-01,Monaghan Hospital,return_ed_attendances,776,True
2022,3,2022-03-01,Monaghan Hospital,return_ed_attendances,711,True
2022,4,2022-04-01,Monaghan Hospital,return_ed_attendances,641,True
2022,5,2022-05-01,Monaghan Hospital,return_ed_attendances,637,True
2022,6,2022-06-01,Monaghan Hospital,return_ed_attendances,580,True
2022,7,2022-07-01,Monaghan Hospital,return_ed_attendances,637,True
2022,8,2022-08-01,Monaghan Hospital,return_ed_attendances,675,True
2022,9,2022-09-01,Monaghan Hospital,return_ed_attendances,644,True
2022,10,2022-10-01,Monaghan Hospital,return_ed_attendances,682,True
2022,11,2022-11-01,Monaghan Hospital,return_ed_attendances,735,True
2022,12,2022-12-01,Monaghan Hospital,return_ed_attendances,783,True
2023,1,2023-01-01,Monaghan Hospital,return_ed_attendances,1029,True
2023,2,2023-02-01,Monaghan Hospital,return_ed_attendances,987,True
2023,3,2023-03-01,Monaghan Hospital,return_ed_attendances,873,True
2023,4,2023-04-01,Monaghan Hospital,return_ed_attendances,869,True
2023,5,2023-05-01,Monaghan Hospital,return_ed_attendances,891,True
2023,6,2023-06-01,Monaghan Hospital,return_ed_attendances,820,True
2023,7,2023-07-01,Monaghan Hospital,return_ed_attendances,830,True
2023,8,2023-08-01,Monaghan Hospital,return_ed_attendances,857,True
2023,9,2023-09-01,Monaghan Hospital,return_ed_attendances,884,True
2023,10,2023-10-01,Monaghan Hospital,return_ed_attendances,888,True
2023,11,2023-11-01,Monaghan Hospital,return_ed_attendances,978,True
2023,12,2023-12-01,Monaghan Hospital,return_ed_attendances,997,True
2024,1,2024-01-01,Monaghan Hospital,return_ed_attendances,1368,True
2024,2,2024-02-01,Monaghan Hospital,return_ed_attendances,1283,True
2024,3,2024-03-01,Monaghan Hospital,return_ed_attendances,1265,True
2024,4,2024-04-01,Monaghan Hospital,return_ed_attendances,1158,True
2024,5,2024-05-01,Monaghan Hospital,return_ed_attendances,1083,True
2024,6,2024-06-01,Monaghan Hospital,return_ed_attendances,1160,False
2024,7,2024-07-01,Monaghan Hospital,return_ed_attendances,1264,False
2024,8,2024-08-01,Monaghan Hospital,return_ed_attendances,1223,False
2024,9,2024-09-01,Monaghan Hospital,return_ed_attendances,1288,False
2022,1,2022-01-01,Naas General Hospital,all_emergency_presentations,2377,True
2022,2,2022-02-01,Naas General Hospital,all_emergency_presentations,2245,True
2022,3,2022-03-01,Naas General Hospital,all_emergency_presentations,1976,True
2022,4,2022-04-01,Naas General Hospital,all_emergency_presentations,1941,True
2022,5,2022-05-01,Naas General Hospital,all_emergency_presentations,1816,True
2022,6,2022-06-01,Naas General Hospital,all_emergency_presentations,1800,True
2022,7,2022-07-01,Naas General Hospital,all_emergency_presentations,1819,True
2022,8,2022-08-01,Naas General Hospital,all_emergency_presentations,1785,True
2022,9,2022-09-01,Naas General Hospital,all_emergency_presentations,1871,True
2022,10,2022-10-01,Naas General Hospital,all_emergency_presentations,2025,True
2022,11,2022-11-01,Naas General Hospital,all_emergency_presentations,2039,True
2022,12,2022-12-01,Naas General Hospital,all_emergency_presentations,2110,True
2023,1,2023-01-01,Naas General Hospital,all_emergency_presentations,2983,True
2023,2,2023-02-01,Naas General Hospital,all_emergency_presentations,3004,True
2023,3,2023-03-01,Naas General Hospital,all_emergency_presentations,2901,True
2023,4,2023-04-01,Naas General Hospital,all_emergency_presentations,2469,True
2023,5,2023-05-01,Naas General Hospital,all_emergency_presentations,2474,True
2023,6,2023-06-01,Naas General Hospital,all_emergency_presentations,2495,True
2023,7,2023-07-01,Naas General Hospital,all_emergency_presentations,2440,True
2023,8,2023-08-01,Naas General Hospital,all_emergency_presentations,2532,True
2023,9,2023-09-01,Naas General Hospital,all_emergency_presentations,2519,True
2023,10,2023-10-01,Naas General Hospital,all_emergency_presentations,2715,True
2023,11,2023-11-01,Naas General Hospital,all_emergency_presentations,2795,True
2023,12,2023-12-01,Naas General Hospital,all_emergency_presentations,3001,True
2024,1,2024-01-01,Naas General Hospital,all_emergency_presentations,4339,True
2024,2,2024-02-01,Naas General Hospital,all_emergency_presentations,4362,True
2024,3,2024-03-01,Naas General Hospital,all_emergency_presentations,3793,True
2024,4,2024-04-01,Naas General Hospital,all_emergency_presentations,3513,True
2024,5,2024-05-01,Naas General Hospital,all_emergency_presentations,3392,True
2024,6,2024-06-01,Naas General Hospital,all_emergency_presentations,3582,False
2024,7,2024-07-01,Naas General Hospital,all_emergency_presentations,3727,False
2024,8,2024-08-01,Naas General Hospital,all_emergency_presentations,3645,False
2024,9,2024-09-01,Naas General Hospital,all_emergency_presentations,3814,False
2022,1,2022-01-01,Naas General Hospital,new_ed_attendances,780,True
2022,2,2022-02-01,Naas General Hospital,new_ed_attendances,709,True
2022,3,2022-03-01,Naas General Hospital,new_ed_attendances,651,True
2022,4,2022-04-01,Naas General Hospital,new_ed_attendances,643,True
2022,5,2022-05-01,Naas General Hospital,new_ed_attendances,619,True
2022,6,2022-06-01,Naas General Hospital,new_ed_attendances,599,True
2022,7,2022-07-01,Naas General Hospital,new_ed_attendances,613,True
2022,8,2022-08-01,Naas General Hospital,new_ed_attendances,607,True
2022,9,2022-09-01,Naas General Hospital,new_ed_attendances,650,True
2022,10,2022-10-01,Naas General Hospital,new_ed_attendances,671,True
2022,11,2022-11-01,Naas General Hospital,new_ed_attendances,682,True
2022,12,2022-12-01,Naas General Hospital,new_ed_attendances,764,True
2023,1,2023-01-01,Naas General Hospital,new_ed_attendances,1082,True
2023,2,2023-02-01,Naas General Hospital,new_ed_attendances,994,True
2023,3,2023-03-01,Naas General Hospital,new_ed_attendances,968,True
2023,4,2023-04-01,Naas General Hospital,new_ed_attendances,860,True
2023,5,2023-05-01,Naas General Hospital,new_ed_attendances,879,True
2023,6,2023-06-01,Naas General Hospital,new_ed_attendances,861,True
2023,7,2023-07-01,Naas General Hospital,new_ed_attendances,829,True
2023,8,2023-08-01,Naas General Hospital,new_ed_attendances,893,True
2023,9,2023-09-01,Naas General Hospital,new_ed_attendances,915,True
2023,10,2023-10-01,Naas General Hospital,new_ed_attendances,954,True
2023,11,2023-11-01,Naas General Hospital,new_ed_attendances,1032,True
2023,12,2023-12-01,Naas General Hospital,new_ed_attendances,1005,True
2024,1,2024-01-01,Naas General Hospital,new_ed_attendances,2666,True
2024,2,2024-02-01,Naas General Hospital,new_ed_attendances,2565,True
2024,3,2024-03-01,Naas General Hospital,new_ed_attendances,2368,True
2024,4,2024-04-01,Naas General Hospital,new_ed_attendances,2260,True
2024,5,2024-05-01,Naas General Hospital,new_ed_attendances,2219,True
2024,6,2024-06-01,Naas General Hospital,new_ed_attendances,15674,False
2024,7,2024-07-01,Naas General Hospital,new_ed_attendances,21,False
2024,8,2024-08-01,Naas General Hospital,new_ed_attendances,10,False
2024,9,2024-09-01,Naas General Hospital,new_ed_attendances,7244,False
2022,1,2022-01-01,Naas General Hospital,return_ed_attendances,173,True
2022,2,2022-02-01,Naas General Hospital,return_ed_attendances,154,True
2022,3,2022-03-01,Naas General Hospital,return_ed_attendances,148,True
2022,4,2022-04-01,Naas General Hospital,return_ed_attendances,133,True
2022,5,2022-05-01,Naas General Hospital,return_ed_attendances,131,True
2022,6,2022-06-01,Naas General Hospital,return_ed_attendances,126,True
2022,7,2022-07-01,Naas General Hospital,return_ed_attendances,130,True
2022,8,2022-08-01,Naas General Hospital,return_ed_attendances,133,True
2022,9,2022-09-01,Naas General Hospital,return_ed_attendances,138,True
2022,10,2022-10-01,Naas General Hospital,return_ed_attendances,148,True
2022,11,2022-11-01,Naas General Hospital,return_ed_attendances,147,True
2022,12,2022-12-01,Naas General Hospital,return_ed_attendances,158,True
2023,1,2023-01-01,Naas General Hospital,return_ed_attendances,234,True
2023,2,2023-02-01,Naas General Hospital,return_ed_attendances,215,True
2023,3,2023-03-01,Naas General Hospital,return_ed_attendances,197,True
2023,4,2023-04-01,Naas General Hospital,return_ed_attendances,186,True
2023,5,2023-05-01,Naas General Hospital,return_ed_attendances,188,True
2023,6,2023-06-01,Naas General Hospital,return_ed_attendances,177,True
2023,7,2023-07-01,Naas General Hospital,return_ed_attendances,177,True
2023,8,2023-08-01,Naas General Hospital,return_ed_attendances,186,True
2023,9,2023-09-01,Naas General Hospital,return_ed_attendances,185,True
2023,10,2023-10-01,Naas General Hospital,return_ed_attendances,201,True
2023,11,2023-11-01,Naas General Hospital,return_ed_attendances,209,True
2023,12,2023-12-01,Naas General Hospital,return_ed_attendances,212,True
2024,1,2024-01-01,Naas General Hospital,return_ed_attendances,300,True
2024,2,2024-02-01,Naas General Hospital,return_ed_attendances,290,True
2024,3,2024-03-01,Naas General Hospital,return_ed_attendances,278,True
2024,4,2024-04-01,Naas General Hospital,return_ed_attendances,265,True
2024,5,2024-05-01,Naas General Hospital,return_ed_attendances,243,True
2024,6,2024-06-01,Naas General Hospital,return_ed_attendances,242,False
2024,7,2024-07-01,Naas General Hospital,return_ed_attendances,224,False
2024,8,2024-08-01,Naas General Hospital,return_ed_attendances,216,False
2024,9,2024-09-01,Naas General Hospital,return_ed_attendances,233,False
2022,1,2022-01-01,National Maternity Hospital,new_ed_attendances,880,True
2022,2,2022-02-01,National Maternity Hospital,new_ed_attendances,843,True
2022,3,2022-03-01,National Maternity Hospital,new_ed_attendances,774,True
2022,4,2022-04-01,National Maternity Hospital,new_ed_attendances,754,True
2022,5,2022-05-01,National Maternity Hospital,new_ed_attendances,721,True
2022,6,2022-06-01,National Maternity Hospital,new_ed_attendances,676,True
2022,7,2022-07-01,National Maternity Hospital,new_ed_attendances,724,True
2022,8,2022-08-01,National Maternity Hospital,new_ed_attendances,727,True
2022,9,2022-09-01,National Maternity Hospital,new_ed_attendances,769,True
2022,10,2022-10-01,National Maternity Hospital,new_ed_attendances,788,True
2022,11,2022-11-01,National Maternity Hospital,new_ed_attendances,790,True
2022,12,2022-12-01,National Maternity Hospital,new_ed_attendances,826,True
2023,1,2023-01-01,National Maternity Hospital,new_ed_attendances,1267,True
2023,2,2023-02-01,National Maternity Hospital,new_ed_attendances,1220,True
2023,3,2023-03-01,National Maternity Hospital,new_ed_attendances,1102,True
2023,4,2023-04-01,National Maternity Hospital,new_ed_attendances,1033,True
2023,5,2023-05-01,National Maternity Hospital,new_ed_attendances,1036,True
2023,6,2023-06-01,National Maternity Hospital,new_ed_attendances,949,True
2023,7,2023-07-01,National Maternity Hospital,new_ed_attendances,1004,True
2023,8,2023-08-01,National Maternity Hospital,new_ed_attendances,1002,True
2023,9,2023-09-01,National Maternity Hospital,new_ed_attendances,1044,True
2023,10,2023-10-01,National Maternity Hospital,new_ed_attendances,1118,True
2023,11,2023-11-01,National Maternity Hospital,new_ed_attendances,1163,True
2023,12,2023-12-01,National Maternity Hospital,new_ed_attendances,1205,True
2024,1,2024-01-01,National Maternity Hospital,new_ed_attendances,2731,True
2024,2,2024-02-01,National Maternity Hospital,new_ed_attendances,2540,True
2024,3,2024-03-01,National Maternity Hospital,new_ed_attendances,2386,True
2024,4,2024-04-01,National Maternity Hospital,new_ed_attendances,2162,True
2024,5,2024-05-01,National Maternity Hospital,new_ed_attendances,2136,True
2024,6,2024-06-01,National Maternity Hospital,new_ed_attendances,13593,False
2024,7,2024-07-01,National Maternity Hospital,new_ed_attendances,6,False
2024,8,2024-08-01,National Maternity Hospital,new_ed_attendances,3,False
2024,9,2024-09-01,National Maternity Hospital,new_ed_attendances,8273,False
2022,1,2022-01-01,National Maternity Hospital,return_ed_attendances,703,True
2022,2,2022-02-01,National Maternity Hospital,return_ed_attendances,685,True
2022,3,2022-03-01,National Maternity Hospital,return_ed_attendances,628,True
2022,4,2022-04-01,National Maternity Hospital,return_ed_attendances,591,True
2022,5,2022-05-01,National Maternity Hospital,return_ed_attendances,589,True
2022,6,2022-06-01,National Maternity Hospital,return_ed_attendances,556,True
2022,7,2022-07-01,National Maternity Hospital,return_ed_attendances,541,True
2022,8,2022-08-01,National Maternity Hospital,return_ed_attendances,594,True
2022,9,2022-09-01,National Maternity Hospital,return_ed_attendances,624,True
2022,10,2022-10-01,National Maternity Hospital,return_ed_attendances,670,True
2022,11,2022-11-01,National Maternity Hospital,return_ed_attendances,620,True
2022,12,2022-12-01,National Maternity Hospital,return_ed_attendances,671,True
2023,1,2023-01-01,National Maternity Hospital,return_ed_attendances,632,True
2023,2,2023-02-01,National Maternity Hospital,return_ed_attendances,662,True
2023,3,2023-03-01,National Maternity Hospital,return_ed_attendances,590,True
2023,4,2023-04-01,National Maternity Hospital,return_ed_attendances,592,True
2023,5,2023-05-01,National Maternity Hospital,return_ed_attendances,530,True
2023,6,2023-06-01,National Maternity Hospital,return_ed_attendances,499,True
2023,7,2023-07-01,National Maternity Hospital,return_ed_attendances,529,True
2023,8,2023-08-01,National Maternity Hospital,return_ed_attendances,516,True
2023,9,2023-09-01,National Maternity Hospital,return_ed_attendances,584,True
2023,10,2023-10-01,National Maternity Hospital,return_ed_attendances,552,True
2023,11,2023-11-01,National Maternity Hospital,return_ed_attendances,618,True
2023,12,2023-12-01,National Maternity Hospital,return_ed_attendances,600,True
2024,1,2024-01-01,National Maternity Hospital,return_ed_attendances,642,True
2024,2,2024-02-01,National Maternity Hospital,return_ed_attendances,657,True
2024,3,2024-03-01,National Maternity Hospital,return_ed_attendances,583,True
2024,4,2024-04-01,National Maternity Hospital,return_ed_attendances,524,True
2024,5,2024-05-01,National Maternity Hospital,return_ed_attendances,521,True
2024,6,2024-06-01,National Maternity Hospital,return_ed_attendances,553,False
2024,7,2024-07-01,National Maternity Hospital,return_ed_attendances,595,False
2024,8,2024-08-01,National Maternity Hospital,return_ed_attendances,576,False
2024,9,2024-09-01,National Maternity Hospital,return_ed_attendances,566,False
2022,1,2022-01-01,National Orthopaedic Hospital Cappagh,new_ed_attendances,169,True
2022,2,2022-02-01,National Orthopaedic Hospital Cappagh,new_ed_attendances,164,True
2022,3,2022-03-01,National Orthopaedic Hospital Cappagh,new_ed_attendances,153,True
2022,4,2022-04-01,National Orthopaedic Hospital Cappagh,new_ed_attendances,137,True
2022,5,2022-05-01,National Orthopaedic Hospital Cappagh,new_ed_attendances,145,True
2022,6,2022-06-01,National Orthopaedic Hospital Cappagh,new_ed_attendances,128,True
2022,7,2022-07-01,National Orthopaedic Hospital Cappagh,new_ed_attendances,130,True
2022,8,2022-08-01,National Orthopaedic Hospital Cappagh,new_ed_attendances,143,True
2022,9,2022-09-01,National Orthopaedic Hospital Cappagh,new_ed_attendances,147,True
2022,10,2022-10-01,National Orthopaedic Hospital Cappagh,new_ed_attendances,151,True
2022,11,2022-11-01,National Orthopaedic Hospital Cappagh,new_ed_attendances,158,True
2022,12,2022-12-01,National Orthopaedic Hospital Cappagh,new_ed_attendances,161,True
2023,1,2023-01-01,National Orthopaedic Hospital Cappagh,new_ed_attendances,231,True
2023,2,2023-02-01,National Orthopaedic Hospital Cappagh,new_ed_attendances,230,True
2023,3,2023-03-01,National Orthopaedic Hospital Cappagh,new_ed_attendances,207,True
2023,4,2023-04-01,National Orthopaedic Hospital Cappagh,new_ed_attendances,203,True
2023,5,2023-05-01,National Orthopaedic Hospital Cappagh,new_ed_attendances,190,True
2023,6,2023-06-01,National Orthopaedic Hospital Cappagh,new_ed_attendances,180,True
2023,7,2023-07-01,National Orthopaedic Hospital Cappagh,new_ed_attendances,187,True
2023,8,2023-08-01,National Orthopaedic Hospital Cappagh,new_ed_attendances,195,True
2023,9,2023-09-01,National Orthopaedic Hospital Cappagh,new_ed_attendances,198,True
2023,10,2023-10-01,National Orthopaedic Hospital Cappagh,new_ed_attendances,202,True
2023,11,2023-11-01,National Orthopaedic Hospital Cappagh,new_ed_attendances,219,True
2023,12,2023-12-01,National Orthopaedic Hospital Cappagh,new_ed_attendances,227,True
2024,1,2024-01-01,National Orthopaedic Hospital Cappagh,new_ed_attendances,1202,True
2024,2,2024-02-01,National Orthopaedic Hospital Cappagh,new_ed_attendances,1162,True
2024,3,2024-03-01,National Orthopaedic Hospital Cappagh,new_ed_attendances,1093,True
2024,4,2024-04-01,National Orthopaedic Hospital Cappagh,new_ed_attendances,970,True
2024,5,2024-05-01,National Orthopaedic Hospital Cappagh,new_ed_attendances,941,True
2024,6,2024-06-01,National Orthopaedic Hospital Cappagh,new_ed_attendances,5786,False
2024,9,2024-09-01,National Orthopaedic Hospital Cappagh,new_ed_attendances,1650,False
2022,1,2022-01-01,National Orthopaedic Hospital Cappagh,return_ed_attendances,1517,True
2022,2,2022-02-01,National Orthopaedic Hospital Cappagh,return_ed_attendances,1434,True
2022,3,2022-03-01,National Orthopaedic Hospital Cappagh,return_ed_attendances,1424,True
2022,4,2022-04-01,National Orthopaedic Hospital Cappagh,return_ed_attendances,1271,True
2022,5,2022-05-01,National Orthopaedic Hospital Cappagh,return_ed_attendances,1244,True
2022,6,2022-06-01,National Orthopaedic Hospital Cappagh,return_ed_attendances,1241,True
2022,7,2022-07-01,National Orthopaedic Hospital Cappagh,return_ed_attendances,1185,True
2022,8,2022-08-01,National Orthopaedic Hospital Cappagh,return_ed_attendances,1271,True
2022,9,2022-09-01,National Orthopaedic Hospital Cappagh,return_ed_attendances,1278,True
2022,10,2022-10-01,National Orthopaedic Hospital Cappagh,return_ed_attendances,1335,True
2022,11,2022-11-01,National Orthopaedic Hospital Cappagh,return_ed_attendances,1408,True
2022,12,2022-12-01,National Orthopaedic Hospital Cappagh,return_ed_attendances,1392,True
2023,1,2023-01-01,National Orthopaedic Hospital Cappagh,return_ed_attendances,1050,True
2023,2,2023-02-01,National Orthopaedic Hospital Cappagh,return_ed_attendances,1080,True
2023,3,2023-03-01,National Orthopaedic Hospital Cappagh,return_ed_attendances,982,True
2023,4,2023-04-01,National Orthopaedic Hospital Cappagh,return_ed_attendances,891,True
2023,5,2023-05-01,National Orthopaedic Hospital Cappagh,return_ed_attendances,872,True
2023,6,2023-06-01,National Orthopaedic Hospital Cappagh,return_ed_attendances,830,True
2023,7,2023-07-01,National Orthopaedic Hospital Cappagh,return_ed_attendances,891,True
2023,8,2023-08-01,National Orthopaedic Hospital Cappagh,return_ed_attendances,869,True
2023,9,2023-09-01,National Orthopaedic Hospital Cappagh,return_ed_attendances,917,True
2023,10,2023-10-01,National Orthopaedic Hospital Cappagh,return_ed_attendances,970,True
2023,11,2023-11-01,National Orthopaedic Hospital Cappagh,return_ed_attendances,961,True
2023,12,2023-12-01,National Orthopaedic Hospital Cappagh,return_ed_attendances,1068,True
2024,1,2024-01-01,National Orthopaedic Hospital Cappagh,return_ed_attendances,0,True
2024,2,2024-02-01,National Orthopaedic Hospital Cappagh,return_ed_attendances,0,True
2024,3,2024-03-01,National Orthopaedic Hospital Cappagh,return_ed_attendances,0,True
2024,4,2024-04-01,National Orthopaedic Hospital Cappagh,return_ed_attendances,0,True
2024,5,2024-05-01,National Orthopaedic Hospital Cappagh,return_ed_attendances,0,True
2024,6,2024-06-01,National Orthopaedic Hospital Cappagh,return_ed_attendances,1,False
2024,9,2024-09-01,National Orthopaedic Hospital Cappagh,return_ed_attendances,8214,False
2022,1,2022-01-01,National Rehabilitation Hospital,new_ed_attendances,35,True
2022,2,2022-02-01,National Rehabilitation Hospital,new_ed_attendances,35,True
2022,3,2022-03-01,National Rehabilitation Hospital,new_ed_attendances,33,True
2022,4,2022-04-01,National Rehabilitation Hospital,new_ed_attendances,31,True
2022,5,2022-05-01,National Rehabilitation Hospital,new_ed_attendances,30,True
2022,6,2022-06-01,National Rehabilitation Hospital,new_ed_attendances,28,True
2022,7,2022-07-01,National Rehabilitation Hospital,new_ed_attendances,29,True
2022,8,2022-08-01,National Rehabilitation Hospital,new_ed_attendances,29,True
2022,9,2022-09-01,National Rehabilitation Hospital,new_ed_attendances,31,True
2022,10,2022-10-01,National Rehabilitation Hospital,new_ed_attendances,31,True
2022,11,2022-11-01,National Rehabilitation Hospital,new_ed_attendances,33,True
2022,12,2022-12-01,National Rehabilitation Hospital,new_ed_attendances,34,True
2023,1,2023-01-01,National Rehabilitation Hospital,new_ed_attendances,52,True
2023,2,2023-02-01,National Rehabilitation Hospital,new_ed_attendances,51,True
2023,3,2023-03-01,National Rehabilitation Hospital,new_ed_attendances,45,True
2023,4,2023-04-01,National Rehabilitation Hospital,new_ed_attendances,43,True
2023,5,2023-05-01,National Rehabilitation Hospital,new_ed_attendances,42,True
2023,6,2023-06-01,National Rehabilitation Hospital,new_ed_attendances,39,True
2023,7,2023-07-01,National Rehabilitation Hospital,new_ed_attendances,41,True
2023,8,2023-08-01,National Rehabilitation Hospital,new_ed_attendances,41,True
2023,9,2023-09-01,National Rehabilitation Hospital,new_ed_attendances,43,True
2023,10,2023-10-01,National Rehabilitation Hospital,new_ed_attendances,43,True
2023,11,2023-11-01,National Rehabilitation Hospital,new_ed_attendances,46,True
2023,12,2023-12-01,National Rehabilitation Hospital,new_ed_attendances,49,True
2024,1,2024-01-01,National Rehabilitation Hospital,new_ed_attendances,1342,True
2024,2,2024-02-01,National Rehabilitation Hospital,new_ed_attendances,1278,True
2024,3,2024-03-01,National Rehabilitation Hospital,new_ed_attendances,1218,True
2024,4,2024-04-01,National Rehabilitation Hospital,new_ed_attendances,1043,True
2024,5,2024-05-01,National Rehabilitation Hospital,new_ed_attendances,1062,True
2024,6,2024-06-01,National Rehabilitation Hospital,new_ed_attendances,7577,False
2024,8,2024-08-01,National Rehabilitation Hospital,new_ed_attendances,8,False
2024,9,2024-09-01,National Rehabilitation Hospital,new_ed_attendances,352,False
2022,1,2022-01-01,National Rehabilitation Hospital,return_ed_attendances,388,True
2022,2,2022-02-01,National Rehabilitation Hospital,return_ed_attendances,368,True
2022,3,2022-03-01,National Rehabilitation Hospital,return_ed_attendances,344,True
2022,4,2022-04-01,National Rehabilitation Hospital,return_ed_attendances,325,True
2022,5,2022-05-01,National Rehabilitation Hospital,return_ed_attendances,326,True
2022,6,2022-06-01,National Rehabilitation Hospital,return_ed_attendances,309,True
2022,7,2022-07-01,National Rehabilitation Hospital,return_ed_attendances,316,True
2022,8,2022-08-01,National Rehabilitation Hospital,return_ed_attendances,310,True
2022,9,2022-09-01,National Rehabilitation Hospital,return_ed_attendances,325,True
2022,10,2022-10-01,National Rehabilitation Hospital,return_ed_attendances,362,True
2022,11,2022-11-01,National Rehabilitation Hospital,return_ed_attendances,352,True
2022,12,2022-12-01,National Rehabilitation Hospital,return_ed_attendances,392,True
2023,1,2023-01-01,National Rehabilitation Hospital,return_ed_attendances,273,True
2023,2,2023-02-01,National Rehabilitation Hospital,return_ed_attendances,266,True
2023,3,2023-03-01,National Rehabilitation Hospital,return_ed_attendances,253,True
2023,4,2023-04-01,National Rehabilitation Hospital,return_ed_attendances,237,True
2023,5,2023-05-01,National Rehabilitation Hospital,return_ed_attendances,221,True
2023,6,2023-06-01,National Rehabilitation Hospital,return_ed_attendances,212,True
2023,7,2023-07-01,National Rehabilitation Hospital,return_ed_attendances,219,True
2023,8,2023-08-01,National Rehabilitation Hospital,return_ed_attendances,226,True
2023,9,2023-09-01,National Rehabilitation Hospital,return_ed_attendances,240,True
2023,10,2023-10-01,National Rehabilitation Hospital,return_ed_attendances,240,True
2023,11,2023-11-01,National Rehabilitation Hospital,return_ed_attendances,257,True
2023,12,2023-12-01,National Rehabilitation Hospital,return_ed_attendances,274,True
2024,1,2024-01-01,National Rehabilitation Hospital,return_ed_attendances,0,True
2024,2,2024-02-01,National Rehabilitation Hospital,return_ed_attendances,0,True
2024,3,2024-03-01,National Rehabilitation Hospital,return_ed_attendances,0,True
2024,4,2024-04-01,National Rehabilitation Hospital,return_ed_attendances,0,True
2024,5,2024-05-01,National Rehabilitation Hospital,return_ed_attendances,0,True
2024,6,2024-06-01,National Rehabilitation Hospital,return_ed_attendances,2,False
2024,9,2024-09-01,National Rehabilitation Hospital,return_ed_attendances,2203,False
2022,1,2022-01-01,Nenagh Hospital,all_emergency_presentations,1158,True
2022,2,2022-02-01,Nenagh Hospital,all_emergency_presentations,1166,True
2022,3,2022-03-01,Nenagh Hospital,all_emergency_presentations,1012,True
2022,4,2022-04-01,Nenagh Hospital,all_emergency_presentations,926,True
2022,5,2022-05-01,Nenagh Hospital,all_emergency_presentations,903,True
2022,6,2022-06-01,Nenagh Hospital,all_emergency_presentations,863,True
2022,7,2022-07-01,Nenagh Hospital,all_emergency_presentations,890,True
2022,8,2022-08-01,Nenagh Hospital,all_emergency_presentations,921,True
2022,9,2022-09-01,Nenagh Hospital,all_emergency_presentations,929,True
2022,10,2022-10-01,Nenagh Hospital,all_emergency_presentations,999,True
2022,11,2022-11-01,Nenagh Hospital,all_emergency_presentations,1076,True
2022,12,2022-12-01,Nenagh Hospital,all_emergency_presentations,1057,True
2023,1,2023-01-01,Nenagh Hospital,all_emergency_presentations,1328,True
2023,2,2023-02-01,Nenagh Hospital,all_emergency_presentations,1246,True
2023,3,2023-03-01,Nenagh Hospital,all_emergency_presentations,1165,True
2023,4,2023-04-01,Nenagh Hospital,all_emergency_presentations,1034,True
2023,5,2023-05-01,Nenagh Hospital,all_emergency_presentations,1049,True
2023,6,2023-06-01,Nenagh Hospital,all_emergency_presentations,958,True
2023,7,2023-07-01,Nenagh Hospital,all_emergency_presentations,1039,True
2023,8,2023-08-01,Nenagh Hospital,all_emergency_presentations,1039,True
2023,9,2023-09-01,Nenagh Hospital,all_emergency_presentations,1094,True
2023,10,2023-10-01,Nenagh Hospital,all_emergency_presentations,1069,True
2023,11,2023-11-01,Nenagh Hospital,all_emergency_presentations,1131,True
2023,12,2023-12-01,Nenagh Hospital,all_emergency_presentations,1227,True
2024,1,2024-01-01,Nenagh Hospital,all_emergency_presentations,1369,True
2024,2,2024-02-01,Nenagh Hospital,all_emergency_presentations,1381,True
2024,3,2024-03-01,Nenagh Hospital,all_emergency_presentations,1203,True
2024,4,2024-04-01,Nenagh Hospital,all_emergency_presentations,1200,True
2024,5,2024-05-01,Nenagh Hospital,all_emergency_presentations,1093,True
2024,6,2024-06-01,Nenagh Hospital,all_emergency_presentations,1167,False
2024,7,2024-07-01,Nenagh Hospital,all_emergency_presentations,1276,False
2024,8,2024-08-01,Nenagh Hospital,all_emergency_presentations,1353,False
2024,9,2024-09-01,Nenagh Hospital,all_emergency_presentations,1408,False
2022,1,2022-01-01,Nenagh Hospital,new_ed_attendances,453,True
2022,2,2022-02-01,Nenagh Hospital,new_ed_attendances,431,True
2022,3,2022-03-01,Nenagh Hospital,new_ed_attendances,394,True
2022,4,2022-04-01,Nenagh Hospital,new_ed_attendances,371,True
2022,5,2022-05-01,Nenagh Hospital,new_ed_attendances,359,True
2022,6,2022-06-01,Nenagh Hospital,new_ed_attendances,353,True
2022,7,2022-07-01,Nenagh Hospital,new_ed_attendances,361,True
2022,8,2022-08-01,Nenagh Hospital,new_ed_attendances,367,True
2022,9,2022-09-01,Nenagh Hospital,new_ed_attendances,387,True
2022,10,2022-10-01,Nenagh Hospital,new_ed_attendances,408,True
2022,11,2022-11-01,Nenagh Hospital,new_ed_attendances,425,True
2022,12,2022-12-01,Nenagh Hospital,new_ed_attendances,409,True
2023,1,2023-01-01,Nenagh Hospital,new_ed_attendances,458,True
2023,2,2023-02-01,Nenagh Hospital,new_ed_attendances,492,True
2023,3,2023-03-01,Nenagh Hospital,new_ed_attendances,423,True
2023,4,2023-04-01,Nenagh Hospital,new_ed_attendances,409,True
2023,5,2023-05-01,Nenagh Hospital,new_ed_attendances,385,True
2023,6,2023-06-01,Nenagh Hospital,new_ed_attendances,365,True
2023,7,2023-07-01,Nenagh Hospital,new_ed_attendances,401,True
2023,8,2023-08-01,Nenagh Hospital,new_ed_attendances,412,True
2023,9,2023-09-01,Nenagh Hospital,new_ed_attendances,413,True
2023,10,2023-10-01,Nenagh Hospital,new_ed_attendances,399,True
2023,11,2023-11-01,Nenagh Hospital,new_ed_attendances,446,True
2023,12,2023-12-01,Nenagh Hospital,new_ed_attendances,476,True
2024,1,2024-01-01,Nenagh Hospital,new_ed_attendances,520,True
2024,2,2024-02-01,Nenagh Hospital,new_ed_attendances,529,True
2024,3,2024-03-01,Nenagh Hospital,new_ed_attendances,484,True
2024,4,2024-04-01,Nenagh Hospital,new_ed_attendances,460,True
2024,5,2024-05-01,Nenagh Hospital,new_ed_attendances,440,True
2024,6,2024-06-01,Nenagh Hospital,new_ed_attendances,2807,False
2024,7,2024-07-01,Nenagh Hospital,new_ed_attendances,26,False
2024,9,2024-09-01,Nenagh Hospital,new_ed_attendances,3250,False
2022,1,2022-01-01,Nenagh Hospital,return_ed_attendances,1069,True
2022,2,2022-02-01,Nenagh Hospital,return_ed_attendances,1100,True
2022,3,2022-03-01,Nenagh Hospital,return_ed_attendances,1023,True
2022,4,2022-04-01,Nenagh Hospital,return_ed_attendances,975,True
2022,5,2022-05-01,Nenagh Hospital,return_ed_attendances,940,True
2022,6,2022-06-01,Nenagh Hospital,return_ed_attendances,908,True
2022,7,2022-07-01,Nenagh Hospital,return_ed_attendances,890,True
2022,8,2022-08-01,Nenagh Hospital,return_ed_attendances,878,True
2022,9,2022-09-01,Nenagh Hospital,return_ed_attendances,958,True
2022,10,2022-10-01,Nenagh Hospital,return_ed_attendances,1029,True
2022,11,2022-11-01,Nenagh Hospital,return_ed_attendances,1091,True
2022,12,2022-12-01,Nenagh Hospital,return_ed_attendances,1109,True
2023,1,2023-01-01,Nenagh Hospital,return_ed_attendances,1286,True
2023,2,2023-02-01,Nenagh Hospital,return_ed_attendances,1241,True
2023,3,2023-03-01,Nenagh Hospital,return_ed_attendances,1111,True
2023,4,2023-04-01,Nenagh Hospital,return_ed_attendances,1051,True
2023,5,2023-05-01,Nenagh Hospital,return_ed_attendances,1074,True
2023,6,2023-06-01,Nenagh Hospital,return_ed_attendances,962,True
2023,7,2023-07-01,Nenagh Hospital,return_ed_attendances,1061,True
2023,8,2023-08-01,Nenagh Hospital,return_ed_attendances,1023,True
2023,9,2023-09-01,Nenagh Hospital,return_ed_attendances,1119,True
2023,10,2023-10-01,Nenagh Hospital,return_ed_attendances,1062,True
2023,11,2023-11-01,Nenagh Hospital,return_ed_attendances,1183,True
2023,12,2023-12-01,Nenagh Hospital,return_ed_attendances,1179,True
2024,1,2024-01-01,Nenagh Hospital,return_ed_attendances,1350,True
2024,2,2024-02-01,Nenagh Hospital,return_ed_attendances,1371,True
2024,3,2024-03-01,Nenagh Hospital,return_ed_attendances,1292,True
2024,4,2024-04-01,Nenagh Hospital,return_ed_attendances,1141,True
2024,5,2024-05-01,Nenagh Hospital,return_ed_attendances,1084,True
2024,6,2024-06-01,Nenagh Hospital,return_ed_attendances,1167,False
2024,7,2024-07-01,Nenagh Hospital,return_ed_attendances,1276,False
2024,8,2024-08-01,Nenagh Hospital,return_ed_attendances,1353,False
2024,9,2024-09-01,Nenagh Hospital,return_ed_attendances,1408,False
2022,1,2022-01-01,Our Lady of Lourdes Hospital,all_emergency_presentations,6723,True
2022,2,2022-02-01,Our Lady of Lourdes Hospital,all_emergency_presentations,6181,True
2022,3,2022-03-01,Our Lady of Lourdes Hospital,all_emergency_presentations,6131,True
2022,4,2022-04-01,Our Lady of Lourdes Hospital,all_emergency_presentations,6172,True
2022,5,2022-05-01,Our Lady of Lourdes Hospital,all_emergency_presentations,5711,True
2022,6,2022-06-01,Our Lady of Lourdes Hospital,all_emergency_presentations,5400,True
2022,7,2022-07-01,Our Lady of Lourdes Hospital,all_emergency_presentations,5477,True
2022,8,2022-08-01,Our Lady of Lourdes Hospital,all_emergency_presentations,5642,True
2022,9,2022-09-01,Our Lady of Lourdes Hospital,all_emergency_presentations,5969,True
2022,10,2022-10-01,Our Lady of Lourdes Hospital,all_emergency_presentations,5835,True
2022,11,2022-11-01,Our Lady of Lourdes Hospital,all_emergency_presentations,6555,True
2022,12,2022-12-01,Our Lady of Lourdes Hospital,all_emergency_presentations,6719,True
2023,1,2023-01-01,Our Lady of Lourdes Hospital,all_emergency_presentations,7136,True
2023,2,2023-02-01,Our Lady of Lourdes Hospital,all_emergency_presentations,6838,True
2023,3,2023-03-01,Our Lady of Lourdes Hospital,all_emergency_presentations,6220,True
2023,4,2023-04-01,Our Lady of Lourdes Hospital,all_emergency_presentations,5919,True
2023,5,2023-05-01,Our Lady of Lourdes Hospital,all_emergency_presentations,5724,True
2023,6,2023-06-01,Our Lady of Lourdes Hospital,all_emergency_presentations,5389,True
2023,7,2023-07-01,Our Lady of Lourdes Hospital,all_emergency_presentations,5469,True
2023,8,2023-08-01,Our Lady of Lourdes Hospital,all_emergency_presentations,5701,True
2023,9,2023-09-01,Our Lady of Lourdes Hospital,all_emergency_presentations,6195,True
2023,10,2023-10-01,Our Lady of Lourdes Hospital,all_emergency_presentations,5871,True
2023,11,2023-11-01,Our Lady of Lourdes Hospital,all_emergency_presentations,6112,True
2023,12,2023-12-01,Our Lady of Lourdes Hospital,all_emergency_presentations,6663,True
2024,1,2024-01-01,Our Lady of Lourdes Hospital,all_emergency_presentations,7053,True
2024,2,2024-02-01,Our Lady of Lourdes Hospital,all_emergency_presentations,6839,True
2024,3,2024-03-01,Our Lady of Lourdes Hospital,all_emergency_presentations,6312,True
2024,4,2024-04-01,Our Lady of Lourdes Hospital,all_emergency_presentations,5809,True
2024,5,2024-05-01,Our Lady of Lourdes Hospital,all_emergency_presentations,5923,True
2024,6,2024-06-01,Our Lady of Lourdes Hospital,all_emergency_presentations,5811,False
2024,7,2024-07-01,Our Lady of Lourdes Hospital,all_emergency_presentations,5754,False
2024,8,2024-08-01,Our Lady of Lourdes Hospital,all_emergency_presentations,5475,False
2024,9,2024-09-01,Our Lady of Lourdes Hospital,all_emergency_presentations,6030,False
2022,1,2022-01-01,Our Lady of Lourdes Hospital,new_ed_attendances,2321,True
2022,2,2022-02-01,Our Lady of Lourdes Hospital,new_ed_attendances,2137,True
2022,3,2022-03-01,Our Lady of Lourdes Hospital,new_ed_attendances,2102,True
2022,4,2022-04-01,Our Lady of Lourdes Hospital,new_ed_attendances,1898,True
2022,5,2022-05-01,Our Lady of Lourdes Hospital,new_ed_attendances,1822,True
2022,6,2022-06-01,Our Lady of Lourdes Hospital,new_ed_attendances,1849,True
2022,7,2022-07-01,Our Lady of Lourdes Hospital,new_ed_attendances,1792,True
2022,8,2022-08-01,Our Lady of Lourdes Hospital,new_ed_attendances,1791,True
2022,9,2022-09-01,Our Lady of Lourdes Hospital,new_ed_attendances,1857,True
2022,10,2022-10-01,Our Lady of Lourdes Hospital,new_ed_attendances,2043,True
2022,11,2022-11-01,Our Lady of Lourdes Hospital,new_ed_attendances,2023,True
2022,12,2022-12-01,Our Lady of Lourdes Hospital,new_ed_attendances,2297,True
2023,1,2023-01-01,Our Lady of Lourdes Hospital,new_ed_attendances,3017,True
2023,2,2023-02-01,Our Lady of Lourdes Hospital,new_ed_attendances,3267,True
2023,3,2023-03-01,Our Lady of Lourdes Hospital,new_ed_attendances,2882,True
2023,4,2023-04-01,Our Lady of Lourdes Hospital,new_ed_attendances,2665,True
2023,5,2023-05-01,Our Lady of Lourdes Hospital,new_ed_attendances,2549,True
2023,6,2023-06-01,Our Lady of Lourdes Hospital,new_ed_attendances,2539,True
2023,7,2023-07-01,Our Lady of Lourdes Hospital,new_ed_attendances,2561,True
2023,8,2023-08-01,Our Lady of Lourdes Hospital,new_ed_attendances,2705,True
2023,9,2023-09-01,Our Lady of Lourdes Hospital,new_ed_attendances,2737,True
2023,10,2023-10-01,Our Lady of Lourdes Hospital,new_ed_attendances,2822,True
2023,11,2023-11-01,Our Lady of Lourdes Hospital,new_ed_attendances,2913,True
2023,12,2023-12-01,Our Lady of Lourdes Hospital,new_ed_attendances,3049,True
2024,1,2024-01-01,Our Lady of Lourdes Hospital,new_ed_attendances,6798,True
2024,2,2024-02-01,Our Lady of Lourdes Hospital,new_ed_attendances,6174,True
2024,3,2024-03-01,Our Lady of Lourdes Hospital,new_ed_attendances,5752,True
2024,4,2024-04-01,Our Lady of Lourdes Hospital,new_ed_attendances,5719,True
2024,5,2024-05-01,Our Lady of Lourdes Hospital,new_ed_attendances,5451,True
2024,6,2024-06-01,Our Lady of Lourdes Hospital,new_ed_attendances,36141,False
2024,8,2024-08-01,Our Lady of Lourdes Hospital,new_ed_attendances,4,False
2024,9,2024-09-01,Our Lady of Lourdes Hospital,new_ed_attendances,21907,False
2022,1,2022-01-01,Our Lady of Lourdes Hospital,return_ed_attendances,593,True
2022,2,2022-02-01,Our Lady of Lourdes Hospital,return_ed_attendances,538,True
2022,3,2022-03-01,Our Lady of Lourdes Hospital,return_ed_attendances,534,True
2022,4,2022-04-01,Our Lady of Lourdes Hospital,return_ed_attendances,494,True
2022,5,2022-05-01,Our Lady of Lourdes Hospital,return_ed_attendances,483,True
2022,6,2022-06-01,Our Lady of Lourdes Hospital,return_ed_attendances,474,True
2022,7,2022-07-01,Our Lady of Lourdes Hospital,return_ed_attendances,475,True
2022,8,2022-08-01,Our Lady of Lourdes Hospital,return_ed_attendances,481,True
2022,9,2022-09-01,Our Lady of Lourdes Hospital,return_ed_attendances,486,True
2022,10,2022-10-01,Our Lady of Lourdes Hospital,return_ed_attendances,503,True
2022,11,2022-11-01,Our Lady of Lourdes Hospital,return_ed_attendances,558,True
2022,12,2022-12-01,Our Lady of Lourdes Hospital,return_ed_attendances,583,True
2023,1,2023-01-01,Our Lady of Lourdes Hospital,return_ed_attendances,624,True
2023,2,2023-02-01,Our Lady of Lourdes Hospital,return_ed_attendances,608,True
2023,3,2023-03-01,Our Lady of Lourdes Hospital,return_ed_attendances,544,True
2023,4,2023-04-01,Our Lady of Lourdes Hospital,return_ed_attendances,540,True
2023,5,2023-05-01,Our Lady of Lourdes Hospital,return_ed_attendances,516,True
2023,6,2023-06-01,Our Lady of Lourdes Hospital,return_ed_attendances,519,True
2023,7,2023-07-01,Our Lady of Lourdes Hospital,return_ed_attendances,488,True
2023,8,2023-08-01,Our Lady of Lourdes Hospital,return_ed_attendances,506,True
2023,9,2023-09-01,Our Lady of Lourdes Hospital,return_ed_attendances,536,True
2023,10,2023-10-01,Our Lady of Lourdes Hospital,return_ed_attendances,559,True
2023,11,2023-11-01,Our Lady of Lourdes Hospital,return_ed_attendances,572,True
2023,12,2023-12-01,Our Lady of Lourdes Hospital,return_ed_attendances,581,True
2024,1,2024-01-01,Our Lady of Lourdes Hospital,return_ed_attendances,688,True
2024,2,2024-02-01,Our Lady of Lourdes Hospital,return_ed_attendances,662,True
2024,3,2024-03-01,Our Lady of Lourdes Hospital,return_ed_attendances,580,True
2024,4,2024-04-01,Our Lady of Lourdes Hospital,return_ed_attendances,580,True
2024,5,2024-05-01,Our Lady of Lourdes Hospital,return_ed_attendances,559,True
2024,6,2024-06-01,Our Lady of Lourdes Hospital,return_ed_attendances,581,False
2024,7,2024-07-01,Our Lady of Lourdes Hospital,return_ed_attendances,507,False
2024,8,2024-08-01,Our Lady of Lourdes Hospital,return_ed_attendances,504,False
2024,9,2024-09-01,Our Lady of Lourdes Hospital,return_ed_attendances,587,False
2022,1,2022-01-01,Our Lady's Hospital Navan,all_emergency_presentations,2245,True
2022,2,2022-02-01,Our Lady's Hospital Navan,all_emergency_presentations,2137,True
2022,3,2022-03-01,Our Lady's Hospital Navan,all_emergency_presentations,2065,True
2022,4,2022-04-01,Our Lady's Hospital Navan,all_emergency_presentations,1800,True
2022,5,2022-05-01,Our Lady's Hospital Navan,all_emergency_presentations,1789,True
2022,6,2022-06-01,Our Lady's Hospital Navan,all_emergency_presentations,1684,True
2022,7,2022-07-01,Our Lady's Hospital Navan,all_emergency_presentations,1690,True
2022,8,2022-08-01,Our Lady's Hospital Navan,all_emergency_presentations,1764,True
2022,9,2022-09-01,Our Lady's Hospital Navan,all_emergency_presentations,1870,True
2022,10,2022-10-01,Our Lady's Hospital Navan,all_emergency_presentations,1903,True
2022,11,2022-11-01,Our Lady's Hospital Navan,all_emergency_presentations,1980,True
2022,12,2022-12-01,Our Lady's Hospital Navan,all_emergency_presentations,2008,True
2023,1,2023-01-01,Our Lady's Hospital Navan,all_emergency_presentations,2440,True
2023,2,2023-02-01,Our Lady's Hospital Navan,all_emergency_presentations,2257,True
2023,3,2023-03-01,Our Lady's Hospital Navan,all_emergency_presentations,2227,True
2023,4,2023-04-01,Our Lady's Hospital Navan,all_emergency_presentations,2037,True
2023,5,2023-05-01,Our Lady's Hospital Navan,all_emergency_presentations,1883,True
2023,6,2023-06-01,Our Lady's Hospital Navan,all_emergency_presentations,1890,True
2023,7,2023-07-01,Our Lady's Hospital Navan,all_emergency_presentations,1905,True
2023,8,2023-08-01,Our Lady's Hospital Navan,all_emergency_presentations,2009,True
2023,9,2023-09-01,Our Lady's Hospital Navan,all_emergency_presentations,2157,True
2023,10,2023-10-01,Our Lady's Hospital Navan,all_emergency_presentations,2015,True
2023,11,2023-11-01,Our Lady's Hospital Navan,all_emergency_presentations,2247,True
2023,12,2023-12-01,Our Lady's Hospital Navan,all_emergency_presentations,2311,True
2024,1,2024-01-01,Our Lady's Hospital Navan,all_emergency_presentations,2764,True
2024,2,2024-02-01,Our Lady's Hospital Navan,all_emergency_presentations,2635,True
2024,3,2024-03-01,Our Lady's Hospital Navan,all_emergency_presentations,2357,True
2024,4,2024-04-01,Our Lady's Hospital Navan,all_emergency_presentations,2229,True
2024,5,2024-05-01,Our Lady's Hospital Navan,all_emergency_presentations,2129,True
2024,6,2024-06-01,Our Lady's Hospital Navan,all_emergency_presentations,2190,False
2024,7,2024-07-01,Our Lady's Hospital Navan,all_emergency_presentations,2362,False
2024,8,2024-08-01,Our Lady's Hospital Navan,all_emergency_presentations,2296,False
2024,9,2024-09-01,Our Lady's Hospital Navan,all_emergency_presentations,2280,False
2022,1,2022-01-01,Our Lady's Hospital Navan,new_ed_attendances,499,True
2022,2,2022-02-01,Our Lady's Hospital Navan,new_ed_attendances,511,True
2022,3,2022-03-01,Our Lady's Hospital Navan,new_ed_attendances,431,True
2022,4,2022-04-01,Our Lady's Hospital Navan,new_ed_attendances,402,True
2022,5,2022-05-01,Our Lady's Hospital Navan,new_ed_attendances,393,True
2022,6,2022-06-01,Our Lady's Hospital Navan,new_ed_attendances,363,True
2022,7,2022-07-01,Our Lady's Hospital Navan,new_ed_attendances,389,True
2022,8,2022-08-01,Our Lady's Hospital Navan,new_ed_attendances,395,True
2022,9,2022-09-01,Our Lady's Hospital Navan,new_ed_attendances,423,True
2022,10,2022-10-01,Our Lady's Hospital Navan,new_ed_attendances,438,True
2022,11,2022-11-01,Our Lady's Hospital Navan,new_ed_attendances,480,True
2022,12,2022-12-01,Our Lady's Hospital Navan,new_ed_attendances,485,True
2023,1,2023-01-01,Our Lady's Hospital Navan,new_ed_attendances,683,True
2023,2,2023-02-01,Our Lady's Hospital Navan,new_ed_attendances,654,True
2023,3,2023-03-01,Our Lady's Hospital Navan,new_ed_attendances,628,True
2023,4,2023-04-01,Our Lady's Hospital Navan,new_ed_attendances,555,True
2023,5,2023-05-01,Our Lady's Hospital Navan,new_ed_attendances,591,True
2023,6,2023-06-01,Our Lady's Hospital Navan,new_ed_attendances,561,True
2023,7,2023-07-01,Our Lady's Hospital Navan,new_ed_attendances,546,True
2023,8,2023-08-01,Our Lady's Hospital Navan,new_ed_attendances,537,True
2023,9,2023-09-01,Our Lady's Hospital Navan,new_ed_attendances,613,True
2023,10,2023-10-01,Our Lady's Hospital Navan,new_ed_attendances,605,True
2023,11,2023-11-01,Our Lady's Hospital Navan,new_ed_attendances,660,True
2023,12,2023-12-01,Our Lady's Hospital Navan,new_ed_attendances,628,True
2024,1,2024-01-01,Our Lady's Hospital Navan,new_ed_attendances,1564,True
2024,2,2024-02-01,Our Lady's Hospital Navan,new_ed_attendances,1538,True
2024,3,2024-03-01,Our Lady's Hospital Navan,new_ed_attendances,1419,True
2024,4,2024-04-01,Our Lady's Hospital Navan,new_ed_attendances,1304,True
2024,5,2024-05-01,Our Lady's Hospital Navan,new_ed_attendances,1306,True
2024,6,2024-06-01,Our Lady's Hospital Navan,new_ed_attendances,7935,False
2024,7,2024-07-01,Our Lady's Hospital Navan,new_ed_attendances,9,False
2024,9,2024-09-01,Our Lady's Hospital Navan,new_ed_attendances,4744,False
2022,1,2022-01-01,Our Lady's Hospital Navan,return_ed_attendances,374,True
2022,2,2022-02-01,Our Lady's Hospital Navan,return_ed_attendances,348,True
2022,3,2022-03-01,Our Lady's Hospital Navan,return_ed_attendances,356,True
2022,4,2022-04-01,Our Lady's Hospital Navan,return_ed_attendances,324,True
2022,5,2022-05-01,Our Lady's Hospital Navan,return_ed_attendances,305,True
2022,6,2022-06-01,Our Lady's Hospital Navan,return_ed_attendances,291,True
2022,7,2022-07-01,Our Lady's Hospital Navan,return_ed_attendances,295,True
2022,8,2022-08-01,Our Lady's Hospital Navan,return_ed_attendances,294,True
2022,9,2022-09-01,Our Lady's Hospital Navan,return_ed_attendances,317,True
2022,10,2022-10-01,Our Lady's Hospital Navan,return_ed_attendances,328,True
2022,11,2022-11-01,Our Lady's Hospital Navan,return_ed_attendances,328,True
2022,12,2022-12-01,Our Lady's Hospital Navan,return_ed_attendances,357,True
2023,1,2023-01-01,Our Lady's Hospital Navan,return_ed_attendances,395,True
2023,2,2023-02-01,Our Lady's Hospital Navan,return_ed_attendances,361,True
2023,3,2023-03-01,Our Lady's Hospital Navan,return_ed_attendances,344,True
2023,4,2023-04-01,Our Lady's Hospital Navan,return_ed_attendances,325,True
2023,5,2023-05-01,Our Lady's Hospital Navan,return_ed_attendances,337,True
2023,6,2023-06-01,Our Lady's Hospital Navan,return_ed_attendances,314,True
2023,7,2023-07-01,Our Lady's Hospital Navan,return_ed_attendances,303,True
2023,8,2023-08-01,Our Lady's Hospital Navan,return_ed_attendances,327,True
2023,9,2023-09-01,Our Lady's Hospital Navan,return_ed_attendances,320,True
2023,10,2023-10-01,Our Lady's Hospital Navan,return_ed_attendances,357,True
2023,11,2023-11-01,Our Lady's Hospital Navan,return_ed_attendances,358,True
2023,12,2023-12-01,Our Lady's Hospital Navan,return_ed_attendances,375,True
2024,1,2024-01-01,Our Lady's Hospital Navan,return_ed_attendances,438,True
2024,2,2024-02-01,Our Lady's Hospital Navan,return_ed_attendances,392,True
2024,3,2024-03-01,Our Lady's Hospital Navan,return_ed_attendances,359,True
2024,4,2024-04-01,Our Lady's Hospital Navan,return_ed_attendances,344,True
2024,5,2024-05-01,Our Lady's Hospital Navan,return_ed_attendances,350,True
2024,6,2024-06-01,Our Lady's Hospital Navan,return_ed_attendances,327,False
2024,7,2024-07-01,Our Lady's Hospital Navan,return_ed_attendances,378,False
2024,8,2024-08-01,Our Lady's Hospital Navan,return_ed_attendances,342,False
2024,9,2024-09-01,Our Lady's Hospital Navan,return_ed_attendances,284,False
2022,1,2022-01-01,Portiuncula University Hospital,all_emergency_presentations,3047,True
2022,2,2022-02-01,Portiuncula University Hospital,all_emergency_presentations,2747,True
2022,3,2022-03-01,Portiuncula University Hospital,all_emergency_presentations,2667,True
2022,4,2022-04-01,Portiuncula University Hospital,all_emergency_presentations,2527,True
2022,5,2022-05-01,Portiuncula University Hospital,all_emergency_presentations,2239,True
2022,6,2022-06-01,Portiuncula University Hospital,all_emergency_presentations,2312,True
2022,7,2022-07-01,Portiuncula University Hospital,all_emergency_presentations,2305,True
2022,8,2022-08-01,Portiuncula University Hospital,all_emergency_presentations,2384,True
2022,9,2022-09-01,Portiuncula University Hospital,all_emergency_presentations,2516,True
2022,10,2022-10-01,Portiuncula University Hospital,all_emergency_presentations,2527,True
2022,11,2022-11-01,Portiuncula University Hospital,all_emergency_presentations,2634,True
2022,12,2022-12-01,Portiuncula University Hospital,all_emergency_presentations,2791,True
2023,1,2023-01-01,Portiuncula University Hospital,all_emergency_presentations,3014,True
2023,2,2023-02-01,Portiuncula University Hospital,all_emergency_presentations,2912,True
2023,3,2023-03-01,Portiuncula University Hospital,all_emergency_presentations,2829,True
2023,4,2023-04-01,Portiuncula University Hospital,all_emergency_presentations,2499,True
2023,5,2023-05-01,Portiuncula University Hospital,all_emergency_presentations,2559,True
2023,6,2023-06-01,Portiuncula University Hospital,all_emergency_presentations,2463,True
2023,7,2023-07-01,Portiuncula University Hospital,all_emergency_presentations,2354,True
2023,8,2023-08-01,Portiuncula University Hospital,all_emergency_presentations,2483,True
2023,9,2023-09-01,Portiuncula University Hospital,all_emergency_presentations,2735,True
2023,10,2023-10-01,Portiuncula University Hospital,all_emergency_presentations,2640,True
2023,11,2023-11-01,Portiuncula University Hospital,all_emergency_presentations,2812,True
2023,12,2023-12-01,Portiuncula University Hospital,all_emergency_presentations,2998,True
2024,1,2024-01-01,Portiuncula University Hospital,all_emergency_presentations,3383,True
2024,2,2024-02-01,Portiuncula University Hospital,all_emergency_presentations,3169,True
2024,3,2024-03-01,Portiuncula University Hospital,all_emergency_presentations,2888,True
2024,4,2024-04-01,Portiuncula University Hospital,all_emergency_presentations,2862,True
2024,5,2024-05-01,Portiuncula University Hospital,all_emergency_presentations,2800,True
2024,6,2024-06-01,Portiuncula University Hospital,all_emergency_presentations,2735,False
2024,7,2024-07-01,Portiuncula University Hospital,all_emergency_presentations,2659,False
2024,8,2024-08-01,Portiuncula University Hospital,all_emergency_presentations,2671,False
2024,9,2024-09-01,Portiuncula University Hospital,all_emergency_presentations,2725,False
2022,1,2022-01-01,Portiuncula University Hospital,new_ed_attendances,857,True
2022,2,2022-02-01,Portiuncula University Hospital,new_ed_attendances,812,True
2022,3,2022-03-01,Portiuncula University Hospital,new_ed_attendances,735,True
2022,4,2022-04-01,Portiuncula University Hospital,new_ed_attendances,700,True
2022,5,2022-05-01,Portiuncula University Hospital,new_ed_attendances,693,True
2022,6,2022-06-01,Portiuncula University Hospital,new_ed_attendances,708,True
2022,7,2022-07-01,Portiuncula University Hospital,new_ed_attendances,675,True
2022,8,2022-08-01,Portiuncula University Hospital,new_ed_attendances,705,True
2022,9,2022-09-01,Portiuncula University Hospital,new_ed_attendances,730,True
2022,10,2022-10-01,Portiuncula University Hospital,new_ed_attendances,779,True
2022,11,2022-11-01,Portiuncula University Hospital,new_ed_attendances,848,True
2022,12,2022-12-01,Portiuncula University Hospital,new_ed_attendances,804,True
2023,1,2023-01-01,Portiuncula University Hospital,new_ed_attendances,1188,True
2023,2,2023-02-01,Portiuncula University Hospital,new_ed_attendances,1201,True
2023,3,2023-03-01,Portiuncula University Hospital,new_ed_attendances,1095,True
2023,4,2023-04-01,Portiuncula University Hospital,new_ed_attendances,1057,True
2023,5,2023-05-01,Portiuncula University Hospital,new_ed_attendances,988,True
2023,6,2023-06-01,Portiuncula University Hospital,new_ed_attendances,930,True
2023,7,2023-07-01,Portiuncula University Hospital,new_ed_attendances,978,True
2023,8,2023-08-01,Portiuncula University Hospital,new_ed_attendances,1014,True
2023,9,2023-09-01,Portiuncula University Hospital,new_ed_attendances,1047,True
2023,10,2023-10-01,Portiuncula University Hospital,new_ed_attendances,1069,True
2023,11,2023-11-01,Portiuncula University Hospital,new_ed_attendances,1139,True
2023,12,2023-12-01,Portiuncula University Hospital,new_ed_attendances,1185,True
2024,1,2024-01-01,Portiuncula University Hospital,new_ed_attendances,2623,True
2024,2,2024-02-01,Portiuncula University Hospital,new_ed_attendances,2481,True
2024,3,2024-03-01,Portiuncula University Hospital,new_ed_attendances,2230,True
2024,4,2024-04-01,Portiuncula University Hospital,new_ed_attendances,2101,True
2024,5,2024-05-01,Portiuncula University Hospital,new_ed_attendances,2101,True
2024,6,2024-06-01,Portiuncula University Hospital,new_ed_attendances,12388,False
2024,7,2024-07-01,Portiuncula University Hospital,new_ed_attendances,5,False
2024,9,2024-09-01,Portiuncula University Hospital,new_ed_attendances,8082,False
2022,1,2022-01-01,Portiuncula University Hospital,return_ed_attendances,180,True
2022,2,2022-02-01,Portiuncula University Hospital,return_ed_attendances,185,True
2022,3,2022-03-01,Portiuncula University Hospital,return_ed_attendances,154,True
2022,4,2022-04-01,Portiuncula University Hospital,return_ed_attendances,152,True
2022,5,2022-05-01,Portiuncula University Hospital,return_ed_attendances,152,True
2022,6,2022-06-01,Portiuncula University Hospital,return_ed_attendances,150,True
2022,7,2022-07-01,Portiuncula University Hospital,return_ed_attendances,142,True
2022,8,2022-08-01,Portiuncula University Hospital,return_ed_attendances,149,True
2022,9,2022-09-01,Portiuncula University Hospital,return_ed_attendances,156,True
2022,10,2022-10-01,Portiuncula University Hospital,return_ed_attendances,158,True
2022,11,2022-11-01,Portiuncula University Hospital,return_ed_attendances,165,True
2022,12,2022-12-01,Portiuncula University Hospital,return_ed_attendances,173,True
2023,1,2023-01-01,Portiuncula University Hospital,return_ed_attendances,177,True
2023,2,2023-02-01,Portiuncula University Hospital,return_ed_attendances,189,True
2023,3,2023-03-01,Portiuncula University Hospital,return_ed_attendances,171,True
2023,4,2023-04-01,Portiuncula University Hospital,return_ed_attendances,158,True
2023,5,2023-05-01,Portiuncula University Hospital,return_ed_attendances,164,True
2023,6,2023-06-01,Portiuncula University Hospital,return_ed_attendances,147,True
2023,7,2023-07-01,Portiuncula University Hospital,return_ed_attendances,151,True
2023,8,2023-08-01,Portiuncula University Hospital,return_ed_attendances,165,True
2023,9,2023-09-01,Portiuncula University Hospital,return_ed_attendances,159,True
2023,10,2023-10-01,Portiuncula University Hospital,return_ed_attendances,165,True
2023,11,2023-11-01,Portiuncula University Hospital,return_ed_attendances,175,True
2023,12,2023-12-01,Portiuncula University Hospital,return_ed_attendances,187,True
2024,1,2024-01-01,Portiuncula University Hospital,return_ed_attendances,205,True
2024,2,2024-02-01,Portiuncula University Hospital,return_ed_attendances,189,True
2024,3,2024-03-01,Portiuncula University Hospital,return_ed_attendances,179,True
2024,4,2024-04-01,Portiuncula University Hospital,return_ed_attendances,166,True
2024,5,2024-05-01,Portiuncula University Hospital,return_ed_attendances,164,True
2024,6,2024-06-01,Portiuncula University Hospital,return_ed_attendances,188,False
2024,7,2024-07-01,Portiuncula University Hospital,return_ed_attendances,158,False
2024,8,2024-08-01,Portiuncula University Hospital,return_ed_attendances,187,False
2024,9,2024-09-01,Portiuncula University Hospital,return_ed_attendances,151,False
2022,1,2022-01-01,RCSI Hospitals Group,all_emergency_presentations,23702,True
2022,2,2022-02-01,RCSI Hospitals Group,all_emergency_presentations,23569,True
2022,3,2022-03-01,RCSI Hospitals Group,all_emergency_presentations,21074,True
2022,4,2022-04-01,RCSI Hospitals Group,all_emergency_presentations,20115,True
2022,5,2022-05-01,RCSI Hospitals Group,all_emergency_presentations,19264,True
2022,6,2022-06-01,RCSI Hospitals Group,all_emergency_presentations,19303,True
2022,7,2022-07-01,RCSI Hospitals Group,all_emergency_presentations,19049,True
2022,8,2022-08-01,RCSI Hospitals Group,all_emergency_presentations,18448,True
2022,9,2022-09-01,RCSI Hospitals Group,all_emergency_presentations,21064,True
2022,10,2022-10-01,RCSI Hospitals Group,all_emergency_presentations,20337,True
2022,11,2022-11-01,RCSI Hospitals Group,all_emergency_presentations,21489,True
2022,12,2022-12-01,RCSI Hospitals Group,all_emergency_presentations,22325,True
2023,1,2023-01-01,RCSI Hospitals Group,all_emergency_presentations,26381,True
2023,2,2023-02-01,RCSI Hospitals Group,all_emergency_presentations,22909,True
2023,3,2023-03-01,RCSI Hospitals Group,all_emergency_presentations,24667,True
2023,4,2023-04-01,RCSI Hospitals Group,all_emergency_presentations,21708,True
2023,5,2023-05-01,RCSI Hospitals Group,all_emergency_presentations,20534,True
2023,6,2023-06-01,RCSI Hospitals Group,all_emergency_presentations,19721,True
2023,7,2023-07-01,RCSI Hospitals Group,all_emergency_presentations,20356,True
2023,8,2023-08-01,RCSI Hospitals Group,all_emergency_presentations,20935,True
2023,9,2023-09-01,RCSI Hospitals Group,all_emergency_presentations,21887,True
2023,10,2023-10-01,RCSI Hospitals Group,all_emergency_presentations,22484,True
2023,11,2023-11-01,RCSI Hospitals Group,all_emergency_presentations,23251,True
2023,12,2023-12-01,RCSI Hospitals Group,all_emergency_presentations,23905,True
2024,1,2024-01-01,RCSI Hospitals Group,all_emergency_presentations,26682,True
2024,2,2024-02-01,RCSI Hospitals Group,all_emergency_presentations,25743,True
2024,3,2024-03-01,RCSI Hospitals Group,all_emergency_presentations,24662,True
2024,4,2024-04-01,RCSI Hospitals Group,all_emergency_presentations,22657,True
2024,5,2024-05-01,RCSI Hospitals Group,all_emergency_presentations,19675,True
2024,6,2024-06-01,RCSI Hospitals Group,all_emergency_presentations,21957,False
2024,7,2024-07-01,RCSI Hospitals Group,all_emergency_presentations,22479,False
2024,8,2024-08-01,RCSI Hospitals Group,all_emergency_presentations,21964,False
2024,9,2024-09-01,RCSI Hospitals Group,all_emergency_presentations,22649,False
2022,1,2022-01-01,RCSI Hospitals Group,new_ed_attendances,7362,True
2022,2,2022-02-01,RCSI Hospitals Group,new_ed_attendances,6954,True
2022,3,2022-03-01,RCSI Hospitals Group,new_ed_attendances,6608,True
2022,4,2022-04-01,RCSI Hospitals Group,new_ed_attendances,6465,True
2022,5,2022-05-01,RCSI Hospitals Group,new_ed_attendances,5900,True
2022,6,2022-06-01,RCSI Hospitals Group,new_ed_attendances,5725,True
2022,7,2022-07-01,RCSI Hospitals Group,new_ed_attendances,5726,True
2022,8,2022-08-01,RCSI Hospitals Group,new_ed_attendances,5778,True
2022,9,2022-09-01,RCSI Hospitals Group,new_ed_attendances,6330,True
2022,10,2022-10-01,RCSI Hospitals Group,new_ed_attendances,6198,True
2022,11,2022-11-01,RCSI Hospitals Group,new_ed_attendances,6685,True
2022,12,2022-12-01,RCSI Hospitals Group,new_ed_attendances,6819,True
2023,1,2023-01-01,RCSI Hospitals Group,new_ed_attendances,10350,True
2023,2,2023-02-01,RCSI Hospitals Group,new_ed_attendances,9956,True
2023,3,2023-03-01,RCSI Hospitals Group,new_ed_attendances,9362,True
2023,4,2023-04-01,RCSI Hospitals Group,new_ed_attendances,8345,True
2023,5,2023-05-01,RCSI Hospitals Group,new_ed_attendances,8148,True
2023,6,2023-06-01,RCSI Hospitals Group,new_ed_attendances,7722,True
2023,7,2023-07-01,RCSI Hospitals Group,new_ed_attendances,8020,True
2023,8,2023-08-01,RCSI Hospitals Group,new_ed_attendances,8395,True
2023,9,2023-09-01,RCSI Hospitals Group,new_ed_attendances,8844,True
2023,10,2023-10-01,RCSI Hospitals Group,new_ed_attendances,8660,True
2023,11,2023-11-01,RCSI Hospitals Group,new_ed_attendances,9583,True
2023,12,2023-12-01,RCSI Hospitals Group,new_ed_attendances,10079,True
2024,1,2024-01-01,RCSI Hospitals Group,new_ed_attendances,31287,True
2024,2,2024-02-01,RCSI Hospitals Group,new_ed_attendances,31537,True
2024,3,2024-03-01,RCSI Hospitals Group,new_ed_attendances,26860,True
2024,4,2024-04-01,RCSI Hospitals Group,new_ed_attendances,24707,True
2024,5,2024-05-01,RCSI Hospitals Group,new_ed_attendances,23552,True
2024,6,2024-06-01,RCSI Hospitals Group,new_ed_attendances,165641,False
2024,7,2024-07-01,RCSI Hospitals Group,new_ed_attendances,3,False
2024,8,2024-08-01,RCSI Hospitals Group,new_ed_attendances,5,False
2024,9,2024-09-01,RCSI Hospitals Group,new_ed_attendances,68941,False
2022,1,2022-01-01,RCSI Hospitals Group,return_ed_attendances,1233,True
2022,2,2022-02-01,RCSI Hospitals Group,return_ed_attendances,1312,True
2022,3,2022-03-01,RCSI Hospitals Group,return_ed_attendances,1158,True
2022,4,2022-04-01,RCSI Hospitals Group,return_ed_attendances,1094,True
2022,5,2022-05-01,RCSI Hospitals Group,return_ed_attendances,1077,True
2022,6,2022-06-01,RCSI Hospitals Group,return_ed_attendances,983,True
2022,7,2022-07-01,RCSI Hospitals Group,return_ed_attendances,1050,True
2022,8,2022-08-01,RCSI Hospitals Group,return_ed_attendances,1049,True
2022,9,2022-09-01,RCSI Hospitals Group,return_ed_attendances,1130,True
2022,10,2022-10-01,RCSI Hospitals Group,return_ed_attendances,1062,True
2022,11,2022-11-01,RCSI Hospitals Group,return_ed_attendances,1186,True
2022,12,2022-12-01,RCSI Hospitals Group,return_ed_attendances,1212,True
2023,1,2023-01-01,RCSI Hospitals Group,return_ed_attendances,1322,True
2023,2,2023-02-01,RCSI Hospitals Group,return_ed_attendances,1279,True
2023,3,2023-03-01,RCSI Hospitals Group,return_ed_attendances,1137,True
2023,4,2023-04-01,RCSI Hospitals Group,return_ed_attendances,1061,True
2023,5,2023-05-01,RCSI Hospitals Group,return_ed_attendances,1047,True
2023,6,2023-06-01,RCSI Hospitals Group,return_ed_attendances,990,True
2023,7,2023-07-01,RCSI Hospitals Group,return_ed_attendances,1066,True
2023,8,2023-08-01,RCSI Hospitals Group,return_ed_attendances,1050,True
2023,9,2023-09-01,RCSI Hospitals Group,return_ed_attendances,1010,True
2023,10,2023-10-01,RCSI Hospitals Group,return_ed_attendances,1126,True
2023,11,2023-11-01,RCSI Hospitals Group,return_ed_attendances,1157,True
2023,12,2023-12-01,RCSI Hospitals Group,return_ed_attendances,1178,True
2024,1,2024-01-01,RCSI Hospitals Group,return_ed_attendances,1262,True
2024,2,2024-02-01,RCSI Hospitals Group,return_ed_attendances,1270,True
2024,3,2024-03-01,RCSI Hospitals Group,return_ed_attendances,1212,True
2024,4,2024-04-01,RCSI Hospitals Group,return_ed_attendances,1098,True
2024,5,2024-05-01,RCSI Hospitals Group,return_ed_attendances,1036,True
2024,6,2024-06-01,RCSI Hospitals Group,return_ed_attendances,1129,False
2024,7,2024-07-01,RCSI Hospitals Group,return_ed_attendances,1119,False
2024,8,2024-08-01,RCSI Hospitals Group,return_ed_attendances,1079,False
2024,9,2024-09-01,RCSI Hospitals Group,return_ed_attendances,997,False
2022,1,2022-01-01,Roscommon University Hospital,all_emergency_presentations,1429,True
2022,2,2022-02-01,Roscommon University Hospital,all_emergency_presentations,1345,True
2022,3,2022-03-01,Roscommon University Hospital,all_emergency_presentations,1205,True
2022,4,2022-04-01,Roscommon University Hospital,all_emergency_presentations,1124,True
2022,5,2022-05-01,Roscommon University Hospital,all_emergency_presentations,1135,True
2022,6,2022-06-01,Roscommon University Hospital,all_emergency_presentations,1096,True
2022,7,2022-07-01,Roscommon University Hospital,all_emergency_presentations,1152,True
2022,8,2022-08-01,Roscommon University Hospital,all_emergency_presentations,1151,True
2022,9,2022-09-01,Roscommon University Hospital,all_emergency_presentations,1123,True
2022,10,2022-10-01,Roscommon University Hospital,all_emergency_presentations,1250,True
2022,11,2022-11-01,Roscommon University Hospital,all_emergency_presentations,1233,True
2022,12,2022-12-01,Roscommon University Hospital,all_emergency_presentations,1302,True
2023,1,2023-01-01,Roscommon University Hospital,all_emergency_presentations,1519,True
2023,2,2023-02-01,Roscommon University Hospital,all_emergency_presentations,1544,True
2023,3,2023-03-01,Roscommon University Hospital,all_emergency_presentations,1467,True
2023,4,2023-04-01,Roscommon University Hospital,all_emergency_presentations,1275,True
2023,5,2023-05-01,Roscommon University Hospital,all_emergency_presentations,1208,True
2023,6,2023-06-01,Roscommon University Hospital,all_emergency_presentations,1195,True
2023,7,2023-07-01,Roscommon University Hospital,all_emergency_presentations,1233,True
2023,8,2023-08-01,Roscommon University Hospital,all_emergency_presentations,1215,True
2023,9,2023-09-01,Roscommon University Hospital,all_emergency_presentations,1347,True
2023,10,2023-10-01,Roscommon University Hospital,all_emergency_presentations,1326,True
2023,11,2023-11-01,Roscommon University Hospital,all_emergency_presentations,1401,True
2023,12,2023-12-01,Roscommon University Hospital,all_emergency_presentations,1460,True
2024,1,2024-01-01,Roscommon University Hospital,all_emergency_presentations,1659,True
2024,2,2024-02-01,Roscommon University Hospital,all_emergency_presentations,1623,True
2024,3,2024-03-01,Roscommon University Hospital,all_emergency_presentations,1431,True
2024,4,2024-04-01,Roscommon University Hospital,all_emergency_presentations,1338,True
2024,5,2024-05-01,Roscommon University Hospital,all_emergency_presentations,1275,True
2024,6,2024-06-01,Roscommon University Hospital,all_emergency_presentations,1416,False
2024,7,2024-07-01,Roscommon University Hospital,all_emergency_presentations,1458,False
2024,8,2024-08-01,Roscommon University Hospital,all_emergency_presentations,1414,False
2024,9,2024-09-01,Roscommon University Hospital,all_emergency_presentations,1478,False
2022,1,2022-01-01,Roscommon University Hospital,new_ed_attendances,134,True
2022,2,2022-02-01,Roscommon University Hospital,new_ed_attendances,134,True
2022,3,2022-03-01,Roscommon University Hospital,new_ed_attendances,120,True
2022,4,2022-04-01,Roscommon University Hospital,new_ed_attendances,114,True
2022,5,2022-05-01,Roscommon University Hospital,new_ed_attendances,114,True
2022,6,2022-06-01,Roscommon University Hospital,new_ed_attendances,107,True
2022,7,2022-07-01,Roscommon University Hospital,new_ed_attendances,109,True
2022,8,2022-08-01,Roscommon University Hospital,new_ed_attendances,107,True
2022,9,2022-09-01,Roscommon University Hospital,new_ed_attendances,119,True
2022,10,2022-10-01,Roscommon University Hospital,new_ed_attendances,122,True
2022,11,2022-11-01,Roscommon University Hospital,new_ed_attendances,133,True
2022,12,2022-12-01,Roscommon University Hospital,new_ed_attendances,129,True
2023,1,2023-01-01,Roscommon University Hospital,new_ed_attendances,193,True
2023,2,2023-02-01,Roscommon University Hospital,new_ed_attendances,187,True
2023,3,2023-03-01,Roscommon University Hospital,new_ed_attendances,179,True
2023,4,2023-04-01,Roscommon University Hospital,new_ed_attendances,159,True
2023,5,2023-05-01,Roscommon University Hospital,new_ed_attendances,156,True
2023,6,2023-06-01,Roscommon University Hospital,new_ed_attendances,152,True
2023,7,2023-07-01,Roscommon University Hospital,new_ed_attendances,154,True
2023,8,2023-08-01,Roscommon University Hospital,new_ed_attendances,154,True
2023,9,2023-09-01,Roscommon University Hospital,new_ed_attendances,163,True
2023,10,2023-10-01,Roscommon University Hospital,new_ed_attendances,173,True
2023,11,2023-11-01,Roscommon University Hospital,new_ed_attendances,170,True
2023,12,2023-12-01,Roscommon University Hospital,new_ed_attendances,183,True
2024,1,2024-01-01,Roscommon University Hospital,new_ed_attendances,439,True
2024,2,2024-02-01,Roscommon University Hospital,new_ed_attendances,449,True
2024,3,2024-03-01,Roscommon University Hospital,new_ed_attendances,381,True
2024,4,2024-04-01,Roscommon University Hospital,new_ed_attendances,366,True
2024,5,2024-05-01,Roscommon University Hospital,new_ed_attendances,365,True
2024,6,2024-06-01,Roscommon University Hospital,new_ed_attendances,2092,False
2024,7,2024-07-01,Roscommon University Hospital,new_ed_attendances,10,False
2024,9,2024-09-01,Roscommon University Hospital,new_ed_attendances,1324,False
2022,1,2022-01-01,Roscommon University Hospital,return_ed_attendances,1430,True
2022,2,2022-02-01,Roscommon University Hospital,return_ed_attendances,1321,True
2022,3,2022-03-01,Roscommon University Hospital,return_ed_attendances,1206,True
2022,4,2022-04-01,Roscommon University Hospital,return_ed_attendances,1127,True
2022,5,2022-05-01,Roscommon University Hospital,return_ed_attendances,1058,True
2022,6,2022-06-01,Roscommon University Hospital,return_ed_attendances,1098,True
2022,7,2022-07-01,Roscommon University Hospital,return_ed_attendances,1045,True
2022,8,2022-08-01,Roscommon University Hospital,return_ed_attendances,1088,True
2022,9,2022-09-01,Roscommon University Hospital,return_ed_attendances,1103,True
2022,10,2022-10-01,Roscommon University Hospital,return_ed_attendances,1209,True
2022,11,2022-11-01,Roscommon University Hospital,return_ed_attendances,1265,True
2022,12,2022-12-01,Roscommon University Hospital,return_ed_attendances,1305,True
2023,1,2023-01-01,Roscommon University Hospital,return_ed_attendances,1461,True
2023,2,2023-02-01,Roscommon University Hospital,return_ed_attendances,1406,True
2023,3,2023-03-01,Roscommon University Hospital,return_ed_attendances,1361,True
2023,4,2023-04-01,Roscommon University Hospital,return_ed_attendances,1232,True
2023,5,2023-05-01,Roscommon University Hospital,return_ed_attendances,1226,True
2023,6,2023-06-01,Roscommon University Hospital,return_ed_attendances,1145,True
2023,7,2023-07-01,Roscommon University Hospital,return_ed_attendances,1208,True
2023,8,2023-08-01,Roscommon University Hospital,return_ed_attendances,1275,True
2023,9,2023-09-01,Roscommon University Hospital,return_ed_attendances,1301,True
2023,10,2023-10-01,Roscommon University Hospital,return_ed_attendances,1300,True
2023,11,2023-11-01,Roscommon University Hospital,return_ed_attendances,1391,True
2023,12,2023-12-01,Roscommon University Hospital,return_ed_attendances,1421,True
2024,1,2024-01-01,Roscommon University Hospital,return_ed_attendances,1639,True
2024,2,2024-02-01,Roscommon University Hospital,return_ed_attendances,1567,True
2024,3,2024-03-01,Roscommon University Hospital,return_ed_attendances,1451,True
2024,4,2024-04-01,Roscommon University Hospital,return_ed_attendances,1369,True
2024,5,2024-05-01,Roscommon University Hospital,return_ed_attendances,1280,True
2024,6,2024-06-01,Roscommon University Hospital,return_ed_attendances,1416,False
2024,7,2024-07-01,Roscommon University Hospital,return_ed_attendances,1458,False
2024,8,2024-08-01,Roscommon University Hospital,return_ed_attendances,1414,False
2024,9,2024-09-01,Roscommon University Hospital,return_ed_attendances,1478,False
2022,1,2022-01-01,Rotunda Hospital,new_ed_attendances,952,True
2022,2,2022-02-01,Rotunda Hospital,new_ed_attendances,926,True
2022,3,2022-03-01,Rotunda Hospital,new_ed_attendances,861,True
2022,4,2022-04-01,Rotunda Hospital,new_ed_attendances,782,True
2022,5,2022-05-01,Rotunda Hospital,new_ed_attendances,753,True
2022,6,2022-06-01,Rotunda Hospital,new_ed_attendances,751,True
2022,7,2022-07-01,Rotunda Hospital,new_ed_attendances,741,True
2022,8,2022-08-01,Rotunda Hospital,new_ed_attendances,789,True
2022,9,2022-09-01,Rotunda Hospital,new_ed_attendances,770,True
2022,10,2022-10-01,Rotunda Hospital,new_ed_attendances,862,True
2022,11,2022-11-01,Rotunda Hospital,new_ed_attendances,889,True
2022,12,2022-12-01,Rotunda Hospital,new_ed_attendances,916,True
2023,1,2023-01-01,Rotunda Hospital,new_ed_attendances,1380,True
2023,2,2023-02-01,Rotunda Hospital,new_ed_attendances,1360,True
2023,3,2023-03-01,Rotunda Hospital,new_ed_attendances,1229,True
2023,4,2023-04-01,Rotunda Hospital,new_ed_attendances,1052,True
2023,5,2023-05-01,Rotunda Hospital,new_ed_attendances,1038,True
2023,6,2023-06-01,Rotunda Hospital,new_ed_attendances,1026,True
2023,7,2023-07-01,Rotunda Hospital,new_ed_attendances,1069,True
2023,8,2023-08-01,Rotunda Hospital,new_ed_attendances,1108,True
2023,9,2023-09-01,Rotunda Hospital,new_ed_attendances,1112,True
2023,10,2023-10-01,Rotunda Hospital,new_ed_attendances,1177,True
2023,11,2023-11-01,Rotunda Hospital,new_ed_attendances,1199,True
2023,12,2023-12-01,Rotunda Hospital,new_ed_attendances,1249,True
2024,1,2024-01-01,Rotunda Hospital,new_ed_attendances,3038,True
2024,2,2024-02-01,Rotunda Hospital,new_ed_attendances,2979,True
2024,3,2024-03-01,Rotunda Hospital,new_ed_attendances,2708,True
2024,4,2024-04-01,Rotunda Hospital,new_ed_attendances,2557,True
2024,5,2024-05-01,Rotunda Hospital,new_ed_attendances,2634,True
2024,6,2024-06-01,Rotunda Hospital,new_ed_attendances,17161,False
2024,7,2024-07-01,Rotunda Hospital,new_ed_attendances,5,False
2024,8,2024-08-01,Rotunda Hospital,new_ed_attendances,6,False
2024,9,2024-09-01,Rotunda Hospital,new_ed_attendances,8948,False
2022,1,2022-01-01,Rotunda Hospital,return_ed_attendances,834,True
2022,2,2022-02-01,Rotunda Hospital,return_ed_attendances,816,True
2022,3,2022-03-01,Rotunda Hospital,return_ed_attendances,711,True
2022,4,2022-04-01,Rotunda Hospital,return_ed_attendances,704,True
2022,5,2022-05-01,Rotunda Hospital,return_ed_attendances,616,True
2022,6,2022-06-01,Rotunda Hospital,return_ed_attendances,637,True
2022,7,2022-07-01,Rotunda Hospital,return_ed_attendances,654,True
2022,8,2022-08-01,Rotunda Hospital,return_ed_attendances,691,True
2022,9,2022-09-01,Rotunda Hospital,return_ed_attendances,707,True
2022,10,2022-10-01,Rotunda Hospital,return_ed_attendances,697,True
2022,11,2022-11-01,Rotunda Hospital,return_ed_attendances,740,True
2022,12,2022-12-01,Rotunda Hospital,return_ed_attendances,796,True
2023,1,2023-01-01,Rotunda Hospital,return_ed_attendances,828,True
2023,2,2023-02-01,Rotunda Hospital,return_ed_attendances,788,True
2023,3,2023-03-01,Rotunda Hospital,return_ed_attendances,728,True
2023,4,2023-04-01,Rotunda Hospital,return_ed_attendances,704,True
2023,5,2023-05-01,Rotunda Hospital,return_ed_attendances,658,True
2023,6,2023-06-01,Rotunda Hospital,return_ed_attendances,646,True
2023,7,2023-07-01,Rotunda Hospital,return_ed_attendances,704,True
2023,8,2023-08-01,Rotunda Hospital,return_ed_attendances,647,True
2023,9,2023-09-01,Rotunda Hospital,return_ed_attendances,664,True
2023,10,2023-10-01,Rotunda Hospital,return_ed_attendances,742,True
2023,11,2023-11-01,Rotunda Hospital,return_ed_attendances,744,True
2023,12,2023-12-01,Rotunda Hospital,return_ed_attendances,780,True
2024,1,2024-01-01,Rotunda Hospital,return_ed_attendances,808,True
2024,2,2024-02-01,Rotunda Hospital,return_ed_attendances,793,True
2024,3,2024-03-01,Rotunda Hospital,return_ed_attendances,771,True
2024,4,2024-04-01,Rotunda Hospital,return_ed_attendances,703,True
2024,5,2024-05-01,Rotunda Hospital,return_ed_attendances,683,True
2024,6,2024-06-01,Rotunda Hospital,return_ed_attendances,660,False
2024,7,2024-07-01,Rotunda Hospital,return_ed_attendances,765,False
2024,8,2024-08-01,Rotunda Hospital,return_ed_attendances,754,False
2024,9,2024-09-01,Rotunda Hospital,return_ed_attendances,691,False
2022,1,2022-01-01,Royal Victoria Eye and Ear Hospital,new_ed_attendances,161,True
2022,2,2022-02-01,Royal Victoria Eye and Ear Hospital,new_ed_attendances,160,True
2022,3,2022-03-01,Royal Victoria Eye and Ear Hospital,new_ed_attendances,149,True
2022,4,2022-04-01,Royal Victoria Eye and Ear Hospital,new_ed_attendances,141,True
2022,5,2022-05-01,Royal Victoria Eye and Ear Hospital,new_ed_attendances,137,True
2022,6,2022-06-01,Royal Victoria Eye and Ear Hospital,new_ed_attendances,126,True
2022,7,2022-07-01,Royal Victoria Eye and Ear Hospital,new_ed_attendances,127,True
2022,8,2022-08-01,Royal Victoria Eye and Ear Hospital,new_ed_attendances,141,True
2022,9,2022-09-01,Royal Victoria Eye and Ear Hospital,new_ed_attendances,143,True
2022,10,2022-10-01,Royal Victoria Eye and Ear Hospital,new_ed_attendances,142,True
2022,11,2022-11-01,Royal Victoria Eye and Ear Hospital,new_ed_attendances,160,True
2022,12,2022-12-01,Royal Victoria Eye and Ear Hospital,new_ed_attendances,159,True
2023,1,2023-01-01,Royal Victoria Eye and Ear Hospital,new_ed_attendances,242,True
2023,2,2023-02-01,Royal Victoria Eye and Ear Hospital,new_ed_attendances,226,True
2023,3,2023-03-01,Royal Victoria Eye and Ear Hospital,new_ed_attendances,221,True
2023,4,2023-04-01,Royal Victoria Eye and Ear Hospital,new_ed_attendances,204,True
2023,5,2023-05-01,Royal Victoria Eye and Ear Hospital,new_ed_attendances,187,True
2023,6,2023-06-01,Royal Victoria Eye and Ear Hospital,new_ed_attendances,187,True
2023,7,2023-07-01,Royal Victoria Eye and Ear Hospital,new_ed_attendances,190,True
2023,8,2023-08-01,Royal Victoria Eye and Ear Hospital,new_ed_attendances,198,True
2023,9,2023-09-01,Royal Victoria Eye and Ear Hospital,new_ed_attendances,192,True
2023,10,2023-10-01,Royal Victoria Eye and Ear Hospital,new_ed_attendances,208,True
2023,11,2023-11-01,Royal Victoria Eye and Ear Hospital,new_ed_attendances,221,True
2023,12,2023-12-01,Royal Victoria Eye and Ear Hospital,new_ed_attendances,210,True
2024,1,2024-01-01,Royal Victoria Eye and Ear Hospital,new_ed_attendances,608,True
2024,2,2024-02-01,Royal Victoria Eye and Ear Hospital,new_ed_attendances,572,True
2024,3,2024-03-01,Royal Victoria Eye and Ear Hospital,new_ed_attendances,556,True
2024,4,2024-04-01,Royal Victoria Eye and Ear Hospital,new_ed_attendances,535,True
2024,5,2024-05-01,Royal Victoria Eye and Ear Hospital,new_ed_attendances,530,True
2024,6,2024-06-01,Royal Victoria Eye and Ear Hospital,new_ed_attendances,3095,False
2024,9,2024-09-01,Royal Victoria Eye and Ear Hospital,new_ed_attendances,1610,False
2022,1,2022-01-01,Royal Victoria Eye and Ear Hospital,return_ed_attendances,6178,True
2022,2,2022-02-01,Royal Victoria Eye and Ear Hospital,return_ed_attendances,5893,True
2022,3,2022-03-01,Royal Victoria Eye and Ear Hospital,return_ed_attendances,5553,True
2022,4,2022-04-01,Royal Victoria Eye and Ear Hospital,return_ed_attendances,5136,True
2022,5,2022-05-01,Royal Victoria Eye and Ear Hospital,return_ed_attendances,5156,True
2022,6,2022-06-01,Royal Victoria Eye and Ear Hospital,return_ed_attendances,4843,True
2022,7,2022-07-01,Royal Victoria Eye and Ear Hospital,return_ed_attendances,4825,True
2022,8,2022-08-01,Royal Victoria Eye and Ear Hospital,return_ed_attendances,5190,True
2022,9,2022-09-01,Royal Victoria Eye and Ear Hospital,return_ed_attendances,5216,True
2022,10,2022-10-01,Royal Victoria Eye and Ear Hospital,return_ed_attendances,5493,True
2022,11,2022-11-01,Royal Victoria Eye and Ear Hospital,return_ed_attendances,5589,True
2022,12,2022-12-01,Royal Victoria Eye and Ear Hospital,return_ed_attendances,5766,True
2023,1,2023-01-01,Royal Victoria Eye and Ear Hospital,return_ed_attendances,4348,True
2023,2,2023-02-01,Royal Victoria Eye and Ear Hospital,return_ed_attendances,4191,True
2023,3,2023-03-01,Royal Victoria Eye and Ear Hospital,return_ed_attendances,3914,True
2023,4,2023-04-01,Royal Victoria Eye and Ear Hospital,return_ed_attendances,3573,True
2023,5,2023-05-01,Royal Victoria Eye and Ear Hospital,return_ed_attendances,3299,True
2023,6,2023-06-01,Royal Victoria Eye and Ear Hospital,return_ed_attendances,3337,True
2023,7,2023-07-01,Royal Victoria Eye and Ear Hospital,return_ed_attendances,3537,True
2023,8,2023-08-01,Royal Victoria Eye and Ear Hospital,return_ed_attendances,3497,True
2023,9,2023-09-01,Royal Victoria Eye and Ear Hospital,return_ed_attendances,3648,True
2023,10,2023-10-01,Royal Victoria Eye and Ear Hospital,return_ed_attendances,3897,True
2023,11,2023-11-01,Royal Victoria Eye and Ear Hospital,return_ed_attendances,3884,True
2023,12,2023-12-01,Royal Victoria Eye and Ear Hospital,return_ed_attendances,3926,True
2024,1,2024-01-01,Royal Victoria Eye and Ear Hospital,return_ed_attendances,0,True
2024,2,2024-02-01,Royal Victoria Eye and Ear Hospital,return_ed_attendances,0,True
2024,3,2024-03-01,Royal Victoria Eye and Ear Hospital,return_ed_attendances,0,True
2024,4,2024-04-01,Royal Victoria Eye and Ear Hospital,return_ed_attendances,0,True
2024,5,2024-05-01,Royal Victoria Eye and Ear Hospital,return_ed_attendances,0,True
2024,6,2024-06-01,Royal Victoria Eye and Ear Hospital,return_ed_attendances,2,False
2024,7,2024-07-01,Royal Victoria Eye and Ear Hospital,return_ed_attendances,10,False
2024,8,2024-08-01,Royal Victoria Eye and Ear Hospital,return_ed_attendances,22,False
2024,9,2024-09-01,Royal Victoria Eye and Ear Hospital,return_ed_attendances,32818,False
2022,1,2022-01-01,Saolta University Health Care Group,all_emergency_presentations,23677,True
2022,2,2022-02-01,Saolta University Health Care Group,all_emergency_presentations,23431,True
2022,3,2022-03-01,Saolta University Health Care Group,all_emergency_presentations,22063,True
2022,4,2022-04-01,Saolta University Health Care Group,all_emergency_presentations,19638,True
2022,5,2022-05-01,Saolta University Health Care Group,all_emergency_presentations,19918,True
2022,6,2022-06-01,Saolta University Health Care Group,all_emergency_presentations,20358,True
2022,7,2022-07-01,Saolta University Health Care Group,all_emergency_presentations,19825,True
2022,8,2022-08-01,Saolta University Health Care Group,all_emergency_presentations,20375,True
2022,9,2022-09-01,Saolta University Health Care Group,all_emergency_presentations,20281,True
2022,10,2022-10-01,Saolta University Health Care Group,all_emergency_presentations,21309,True
2022,11,2022-11-01,Saolta University Health Care Group,all_emergency_presentations,22508,True
2022,12,2022-12-01,Saolta University Health Care Group,all_emergency_presentations,23382,True
2023,1,2023-01-01,Saolta University Health Care Group,all_emergency_presentations,27436,True
2023,2,2023-02-01,Saolta University Health Care Group,all_emergency_presentations,25951,True
2023,3,2023-03-01,Saolta University Health Care Group,all_emergency_presentations,22725,True
2023,4,2023-04-01,Saolta University Health Care Group,all_emergency_presentations,22104,True
2023,5,2023-05-01,Saolta University Health Care Group,all_emergency_presentations,21588,True
2023,6,2023-06-01,Saolta University Health Care Group,all_emergency_presentations,21303,True
2023,7,2023-07-01,Saolta University Health Care Group,all_emergency_presentations,22044,True
2023,8,2023-08-01,Saolta University Health Care Group,all_emergency_presentations,20840,True
2023,9,2023-09-01,Saolta University Health Care Group,all_emergency_presentations,21845,True
2023,10,2023-10-01,Saolta University Health Care Group,all_emergency_presentations,22191,True
2023,11,2023-11-01,Saolta University Health Care Group,all_emergency_presentations,24011,True
2023,12,2023-12-01,Saolta University Health Care Group,all_emergency_presentations,25427,True
2024,1,2024-01-01,Saolta University Health Care Group,all_emergency_presentations,28896,True
2024,2,2024-02-01,Saolta University Health Care Group,all_emergency_presentations,27052,True
2024,3,2024-03-01,Saolta University Health Care Group,all_emergency_presentations,24733,True
2024,4,2024-04-01,Saolta University Health Care Group,all_emergency_presentations,23414,True
2024,5,2024-05-01,Saolta University Health Care Group,all_emergency_presentations,22028,True
2024,6,2024-06-01,Saolta University Health Care Group,all_emergency_presentations,23012,False
2024,7,2024-07-01,Saolta University Health Care Group,all_emergency_presentations,24325,False
2024,8,2024-08-01,Saolta University Health Care Group,all_emergency_presentations,24015,False
2024,9,2024-09-01,Saolta University Health Care Group,all_emergency_presentations,23775,False
2022,1,2022-01-01,Saolta University Health Care Group,new_ed_attendances,7483,True
2022,2,2022-02-01,Saolta University Health Care Group,new_ed_attendances,8029,True
2022,3,2022-03-01,Saolta University Health Care Group,new_ed_attendances,6955,True
2022,4,2022-04-01,Saolta University Health Care Group,new_ed_attendances,6432,True
2022,5,2022-05-01,Saolta University Health Care Group,new_ed_attendances,6041,True
2022,6,2022-06-01,Saolta University Health Care Group,new_ed_attendances,6131,True
2022,7,2022-07-01,Saolta University Health Care Group,new_ed_attendances,6030,True
2022,8,2022-08-01,Saolta University Health Care Group,new_ed_attendances,6289,True
2022,9,2022-09-01,Saolta University Health Care Group,new_ed_attendances,7029,True
2022,10,2022-10-01,Saolta University Health Care Group,new_ed_attendances,6704,True
2022,11,2022-11-01,Saolta University Health Care Group,new_ed_attendances,7293,True
2022,12,2022-12-01,Saolta University Health Care Group,new_ed_attendances,7156,True
2023,1,2023-01-01,Saolta University Health Care Group,new_ed_attendances,10772,True
2023,2,2023-02-01,Saolta University Health Care Group,new_ed_attendances,10971,True
2023,3,2023-03-01,Saolta University Health Care Group,new_ed_attendances,9415,True
2023,4,2023-04-01,Saolta University Health Care Group,new_ed_attendances,9442,True
2023,5,2023-05-01,Saolta University Health Care Group,new_ed_attendances,8866,True
2023,6,2023-06-01,Saolta University Health Care Group,new_ed_attendances,8265,True
2023,7,2023-07-01,Saolta University Health Care Group,new_ed_attendances,8753,True
2023,8,2023-08-01,Saolta University Health Care Group,new_ed_attendances,9029,True
2023,9,2023-09-01,Saolta University Health Care Group,new_ed_attendances,9309,True
2023,10,2023-10-01,Saolta University Health Care Group,new_ed_attendances,8969,True
2023,11,2023-11-01,Saolta University Health Care Group,new_ed_attendances,9654,True
2023,12,2023-12-01,Saolta University Health Care Group,new_ed_attendances,10159,True
2024,1,2024-01-01,Saolta University Health Care Group,new_ed_attendances,29523,True
2024,2,2024-02-01,Saolta University Health Care Group,new_ed_attendances,29118,True
2024,3,2024-03-01,Saolta University Health Care Group,new_ed_attendances,26469,True
2024,4,2024-04-01,Saolta University Health Care Group,new_ed_attendances,23589,True
2024,5,2024-05-01,Saolta University Health Care Group,new_ed_attendances,24093,True
2024,6,2024-06-01,Saolta University Health Care Group,new_ed_attendances,152976,False
2024,7,2024-07-01,Saolta University Health Care Group,new_ed_attendances,4,False
2024,8,2024-08-01,Saolta University Health Care Group,new_ed_attendances,2,False
2024,9,2024-09-01,Saolta University Health Care Group,new_ed_attendances,73142,False
2022,1,2022-01-01,Saolta University Health Care Group,return_ed_attendances,1767,True
2022,2,2022-02-01,Saolta University Health Care Group,return_ed_attendances,1704,True
2022,3,2022-03-01,Saolta University Health Care Group,return_ed_attendances,1592,True
2022,4,2022-04-01,Saolta University Health Care Group,return_ed_attendances,1424,True
2022,5,2022-05-01,Saolta University Health Care Group,return_ed_attendances,1418,True
2022,6,2022-06-01,Saolta University Health Care Group,return_ed_attendances,1283,True
2022,7,2022-07-01,Saolta University Health Care Group,return_ed_attendances,1438,True
2022,8,2022-08-01,Saolta University Health Care Group,return_ed_attendances,1364,True
2022,9,2022-09-01,Saolta University Health Care Group,return_ed_attendances,1558,True
2022,10,2022-10-01,Saolta University Health Care Group,return_ed_attendances,1521,True
2022,11,2022-11-01,Saolta University Health Care Group,return_ed_attendances,1600,True
2022,12,2022-12-01,Saolta University Health Care Group,return_ed_attendances,1639,True
2023,1,2023-01-01,Saolta University Health Care Group,return_ed_attendances,1802,True
2023,2,2023-02-01,Saolta University Health Care Group,return_ed_attendances,1831,True
2023,3,2023-03-01,Saolta University Health Care Group,return_ed_attendances,1497,True
2023,4,2023-04-01,Saolta University Health Care Group,return_ed_attendances,1568,True
2023,5,2023-05-01,Saolta University Health Care Group,return_ed_attendances,1479,True
2023,6,2023-06-01,Saolta University Health Care Group,return_ed_attendances,1366,True
2023,7,2023-07-01,Saolta University Health Care Group,return_ed_attendances,1402,True
2023,8,2023-08-01,Saolta University Health Care Group,return_ed_attendances,1554,True
2023,9,2023-09-01,Saolta University Health Care Group,return_ed_attendances,1497,True
2023,10,2023-10-01,Saolta University Health Care Group,return_ed_attendances,1532,True
2023,11,2023-11-01,Saolta University Health Care Group,return_ed_attendances,1721,True
2023,12,2023-12-01,Saolta University Health Care Group,return_ed_attendances,1743,True
2024,1,2024-01-01,Saolta University Health Care Group,return_ed_attendances,1826,True
2024,2,2024-02-01,Saolta University Health Care Group,return_ed_attendances,1827,True
2024,3,2024-03-01,Saolta University Health Care Group,return_ed_attendances,1620,True
2024,4,2024-04-01,Saolta University Health Care Group,return_ed_attendances,1612,True
2024,5,2024-05-01,Saolta University Health Care Group,return_ed_attendances,1561,True
2024,6,2024-06-01,Saolta University Health Care Group,return_ed_attendances,1509,False
2024,7,2024-07-01,Saolta University Health Care Group,return_ed_attendances,1627,False
2024,8,2024-08-01,Saolta University Health Care Group,return_ed_attendances,1678,False
2024,9,2024-09-01,Saolta University Health Care Group,return_ed_attendances,1612,False
2022,1,2022-01-01,Saolta University Hospital Care,return_ed_attendances,747,True
2022,2,2022-02-01,Saolta University Hospital Care,return_ed_attendances,770,True
2022,3,2022-03-01,Saolta University Hospital Care,return_ed_attendances,703,True
2022,4,2022-04-01,Saolta University Hospital Care,return_ed_attendances,628,True
2022,5,2022-05-01,Saolta University Hospital Care,return_ed_attendances,648,True
2022,6,2022-06-01,Saolta University Hospital Care,return_ed_attendances,634,True
2022,7,2022-07-01,Saolta University Hospital Care,return_ed_attendances,638,True
2022,8,2022-08-01,Saolta University Hospital Care,return_ed_attendances,641,True
2022,9,2022-09-01,Saolta University Hospital Care,return_ed_attendances,686,True
2022,10,2022-10-01,Saolta University Hospital Care,return_ed_attendances,709,True
2022,11,2022-11-01,Saolta University Hospital Care,return_ed_attendances,735,True
2022,12,2022-12-01,Saolta University Hospital Care,return_ed_attendances,736,True
2023,1,2023-01-01,Saolta University Hospital Care,return_ed_attendances,1123,True
2023,2,2023-02-01,Saolta University Hospital Care,return_ed_attendances,1115,True
2023,3,2023-03-01,Saolta University Hospital Care,return_ed_attendances,973,True
2023,4,2023-04-01,Saolta University Hospital Care,return_ed_attendances,983,True
2023,5,2023-05-01,Saolta University Hospital Care,return_ed_attendances,883,True
2023,6,2023-06-01,Saolta University Hospital Care,return_ed_attendances,869,True
2023,7,2023-07-01,Saolta University Hospital Care,return_ed_attendances,869,True
2023,8,2023-08-01,Saolta University Hospital Care,return_ed_attendances,912,True
2023,9,2023-09-01,Saolta University Hospital Care,return_ed_attendances,895,True
2023,10,2023-10-01,Saolta University Hospital Care,return_ed_attendances,956,True
2023,11,2023-11-01,Saolta University Hospital Care,return_ed_attendances,986,True
2023,12,2023-12-01,Saolta University Hospital Care,return_ed_attendances,1061,True
2024,1,2024-01-01,Saolta University Hospital Care,return_ed_attendances,1608,True
2024,2,2024-02-01,Saolta University Hospital Care,return_ed_attendances,1538,True
2024,3,2024-03-01,Saolta University Hospital Care,return_ed_attendances,1291,True
2024,4,2024-04-01,Saolta University Hospital Care,return_ed_attendances,1376,True
2024,5,2024-05-01,Saolta University Hospital Care,return_ed_attendances,1268,True
2024,6,2024-06-01,Saolta University Hospital Care,return_ed_attendances,582,False
2024,7,2024-07-01,Saolta University Hospital Care,return_ed_attendances,2656,False
2024,8,2024-08-01,Saolta University Hospital Care,return_ed_attendances,5,False
2022,1,2022-01-01,Sligo University Hospital,all_emergency_presentations,4433,True
2022,2,2022-02-01,Sligo University Hospital,all_emergency_presentations,4326,True
2022,3,2022-03-01,Sligo University Hospital,all_emergency_presentations,3947,True
2022,4,2022-04-01,Sligo University Hospital,all_emergency_presentations,3816,True
2022,5,2022-05-01,Sligo University Hospital,all_emergency_presentations,3522,True
2022,6,2022-06-01,Sligo University Hospital,all_emergency_presentations,3480,True
2022,7,2022-07-01,Sligo University Hospital,all_emergency_presentations,3371,True
2022,8,2022-08-01,Sligo University Hospital,all_emergency_presentations,3518,True
2022,9,2022-09-01,Sligo University Hospital,all_emergency_presentations,3785,True
2022,10,2022-10-01,Sligo University Hospital,all_emergency_presentations,3916,True
2022,11,2022-11-01,Sligo University Hospital,all_emergency_presentations,3969,True
2022,12,2022-12-01,Sligo University Hospital,all_emergency_presentations,4144,True
2023,1,2023-01-01,Sligo University Hospital,all_emergency_presentations,4359,True
2023,2,2023-02-01,Sligo University Hospital,all_emergency_presentations,4365,True
2023,3,2023-03-01,Sligo University Hospital,all_emergency_presentations,4172,True
2023,4,2023-04-01,Sligo University Hospital,all_emergency_presentations,3858,True
2023,5,2023-05-01,Sligo University Hospital,all_emergency_presentations,3732,True
2023,6,2023-06-01,Sligo University Hospital,all_emergency_presentations,3566,True
2023,7,2023-07-01,Sligo University Hospital,all_emergency_presentations,3639,True
2023,8,2023-08-01,Sligo University Hospital,all_emergency_presentations,3642,True
2023,9,2023-09-01,Sligo University Hospital,all_emergency_presentations,3951,True
2023,10,2023-10-01,Sligo University Hospital,all_emergency_presentations,4037,True
2023,11,2023-11-01,Sligo University Hospital,all_emergency_presentations,4242,True
2023,12,2023-12-01,Sligo University Hospital,all_emergency_presentations,4266,True
2024,1,2024-01-01,Sligo University Hospital,all_emergency_presentations,4459,True
2024,2,2024-02-01,Sligo University Hospital,all_emergency_presentations,4757,True
2024,3,2024-03-01,Sligo University Hospital,all_emergency_presentations,4181,True
2024,4,2024-04-01,Sligo University Hospital,all_emergency_presentations,3857,True
2024,5,2024-05-01,Sligo University Hospital,all_emergency_presentations,3918,True
2024,6,2024-06-01,Sligo University Hospital,all_emergency_presentations,3939,False
2024,7,2024-07-01,Sligo University Hospital,all_emergency_presentations,4226,False
2024,8,2024-08-01,Sligo University Hospital,all_emergency_presentations,4011,False
2024,9,2024-09-01,Sligo University Hospital,all_emergency_presentations,4050,False
2022,1,2022-01-01,Sligo University Hospital,new_ed_attendances,1237,True
2022,2,2022-02-01,Sligo University Hospital,new_ed_attendances,1140,True
2022,3,2022-03-01,Sligo University Hospital,new_ed_attendances,1034,True
2022,4,2022-04-01,Sligo University Hospital,new_ed_attendances,1037,True
2022,5,2022-05-01,Sligo University Hospital,new_ed_attendances,910,True
2022,6,2022-06-01,Sligo University Hospital,new_ed_attendances,861,True
2022,7,2022-07-01,Sligo University Hospital,new_ed_attendances,954,True
2022,8,2022-08-01,Sligo University Hospital,new_ed_attendances,947,True
2022,9,2022-09-01,Sligo University Hospital,new_ed_attendances,971,True
2022,10,2022-10-01,Sligo University Hospital,new_ed_attendances,1054,True
2022,11,2022-11-01,Sligo University Hospital,new_ed_attendances,1090,True
2022,12,2022-12-01,Sligo University Hospital,new_ed_attendances,1103,True
2023,1,2023-01-01,Sligo University Hospital,new_ed_attendances,1591,True
2023,2,2023-02-01,Sligo University Hospital,new_ed_attendances,1641,True
2023,3,2023-03-01,Sligo University Hospital,new_ed_attendances,1501,True
2023,4,2023-04-01,Sligo University Hospital,new_ed_attendances,1370,True
2023,5,2023-05-01,Sligo University Hospital,new_ed_attendances,1406,True
2023,6,2023-06-01,Sligo University Hospital,new_ed_attendances,1249,True
2023,7,2023-07-01,Sligo University Hospital,new_ed_attendances,1258,True
2023,8,2023-08-01,Sligo University Hospital,new_ed_attendances,1318,True
2023,9,2023-09-01,Sligo University Hospital,new_ed_attendances,1400,True
2023,10,2023-10-01,Sligo University Hospital,new_ed_attendances,1455,True
2023,11,2023-11-01,Sligo University Hospital,new_ed_attendances,1504,True
2023,12,2023-12-01,Sligo University Hospital,new_ed_attendances,1587,True
2024,1,2024-01-01,Sligo University Hospital,new_ed_attendances,4207,True
2024,2,2024-02-01,Sligo University Hospital,new_ed_attendances,4406,True
2024,3,2024-03-01,Sligo University Hospital,new_ed_attendances,3880,True
2024,4,2024-04-01,Sligo University Hospital,new_ed_attendances,3752,True
2024,5,2024-05-01,Sligo University Hospital,new_ed_attendances,3555,True
2024,6,2024-06-01,Sligo University Hospital,new_ed_attendances,23529,False
2024,7,2024-07-01,Sligo University Hospital,new_ed_attendances,12,False
2024,8,2024-08-01,Sligo University Hospital,new_ed_attendances,8,False
2024,9,2024-09-01,Sligo University Hospital,new_ed_attendances,11007,False
2022,1,2022-01-01,Sligo University Hospital,return_ed_attendances,274,True
2022,2,2022-02-01,Sligo University Hospital,return_ed_attendances,264,True
2022,3,2022-03-01,Sligo University Hospital,return_ed_attendances,228,True
2022,4,2022-04-01,Sligo University Hospital,return_ed_attendances,232,True
2022,5,2022-05-01,Sligo University Hospital,return_ed_attendances,219,True
2022,6,2022-06-01,Sligo University Hospital,return_ed_attendances,219,True
2022,7,2022-07-01,Sligo University Hospital,return_ed_attendances,218,True
2022,8,2022-08-01,Sligo University Hospital,return_ed_attendances,227,True
2022,9,2022-09-01,Sligo University Hospital,return_ed_attendances,232,True
2022,10,2022-10-01,Sligo University Hospital,return_ed_attendances,245,True
2022,11,2022-11-01,Sligo University Hospital,return_ed_attendances,251,True
2022,12,2022-12-01,Sligo University Hospital,return_ed_attendances,256,True
2023,1,2023-01-01,Sligo University Hospital,return_ed_attendances,344,True
2023,2,2023-02-01,Sligo University Hospital,return_ed_attendances,320,True
2023,3,2023-03-01,Sligo University Hospital,return_ed_attendances,292,True
2023,4,2023-04-01,Sligo University Hospital,return_ed_attendances,257,True
2023,5,2023-05-01,Sligo University Hospital,return_ed_attendances,249,True
2023,6,2023-06-01,Sligo University Hospital,return_ed_attendances,254,True
2023,7,2023-07-01,Sligo University Hospital,return_ed_attendances,258,True
2023,8,2023-08-01,Sligo University Hospital,return_ed_attendances,257,True
2023,9,2023-09-01,Sligo University Hospital,return_ed_attendances,274,True
2023,10,2023-10-01,Sligo University Hospital,return_ed_attendances,295,True
2023,11,2023-11-01,Sligo University Hospital,return_ed_attendances,301,True
2023,12,2023-12-01,Sligo University Hospital,return_ed_attendances,295,True
2024,1,2024-01-01,Sligo University Hospital,return_ed_attendances,383,True
2024,2,2024-02-01,Sligo University Hospital,return_ed_attendances,362,True
2024,3,2024-03-01,Sligo University Hospital,return_ed_attendances,338,True
2024,4,2024-04-01,Sligo University Hospital,return_ed_attendances,315,True
2024,5,2024-05-01,Sligo University Hospital,return_ed_attendances,305,True
2024,6,2024-06-01,Sligo University Hospital,return_ed_attendances,317,False
2024,7,2024-07-01,Sligo University Hospital,return_ed_attendances,355,False
2024,8,2024-08-01,Sligo University Hospital,return_ed_attendances,330,False
2024,9,2024-09-01,Sligo University Hospital,return_ed_attendances,343,False
2022,1,2022-01-01,South Infirmary Victoria University Hospital,new_ed_attendances,310,True
2022,2,2022-02-01,South Infirmary Victoria University Hospital,new_ed_attendances,310,True
2022,3,2022-03-01,South Infirmary Victoria University Hospital,new_ed_attendances,276,True
2022,4,2022-04-01,South Infirmary Victoria University Hospital,new_ed_attendances,253,True
2022,5,2022-05-01,South Infirmary Victoria University Hospital,new_ed_attendances,254,True
2022,6,2022-06-01,South Infirmary Victoria University Hospital,new_ed_attendances,247,True
2022,7,2022-07-01,South Infirmary Victoria University Hospital,new_ed_attendances,235,True
2022,8,2022-08-01,South Infirmary Victoria University Hospital,new_ed_attendances,254,True
2022,9,2022-09-01,South Infirmary Victoria University Hospital,new_ed_attendances,265,True
2022,10,2022-10-01,South Infirmary Victoria University Hospital,new_ed_attendances,265,True
2022,11,2022-11-01,South Infirmary Victoria University Hospital,new_ed_attendances,292,True
2022,12,2022-12-01,South Infirmary Victoria University Hospital,new_ed_attendances,290,True
2023,1,2023-01-01,South Infirmary Victoria University Hospital,new_ed_attendances,431,True
2023,2,2023-02-01,South Infirmary Victoria University Hospital,new_ed_attendances,412,True
2023,3,2023-03-01,South Infirmary Victoria University Hospital,new_ed_attendances,382,True
2023,4,2023-04-01,South Infirmary Victoria University Hospital,new_ed_attendances,345,True
2023,5,2023-05-01,South Infirmary Victoria University Hospital,new_ed_attendances,330,True
2023,6,2023-06-01,South Infirmary Victoria University Hospital,new_ed_attendances,350,True
2023,7,2023-07-01,South Infirmary Victoria University Hospital,new_ed_attendances,333,True
2023,8,2023-08-01,South Infirmary Victoria University Hospital,new_ed_attendances,339,True
2023,9,2023-09-01,South Infirmary Victoria University Hospital,new_ed_attendances,340,True
2023,10,2023-10-01,South Infirmary Victoria University Hospital,new_ed_attendances,367,True
2023,11,2023-11-01,South Infirmary Victoria University Hospital,new_ed_attendances,377,True
2023,12,2023-12-01,South Infirmary Victoria University Hospital,new_ed_attendances,427,True
2024,1,2024-01-01,South Infirmary Victoria University Hospital,new_ed_attendances,1666,True
2024,2,2024-02-01,South Infirmary Victoria University Hospital,new_ed_attendances,1530,True
2024,3,2024-03-01,South Infirmary Victoria University Hospital,new_ed_attendances,1536,True
2024,4,2024-04-01,South Infirmary Victoria University Hospital,new_ed_attendances,1382,True
2024,5,2024-05-01,South Infirmary Victoria University Hospital,new_ed_attendances,1289,True
2024,6,2024-06-01,South Infirmary Victoria University Hospital,new_ed_attendances,9642,False
2024,7,2024-07-01,South Infirmary Victoria University Hospital,new_ed_attendances,29,False
2024,8,2024-08-01,South Infirmary Victoria University Hospital,new_ed_attendances,18,False
2024,9,2024-09-01,South Infirmary Victoria University Hospital,new_ed_attendances,2841,False
2022,1,2022-01-01,South Infirmary Victoria University Hospital,return_ed_attendances,10066,True
2022,2,2022-02-01,South Infirmary Victoria University Hospital,return_ed_attendances,10058,True
2022,3,2022-03-01,South Infirmary Victoria University Hospital,return_ed_attendances,8347,True
2022,4,2022-04-01,South Infirmary Victoria University Hospital,return_ed_attendances,8301,True
2022,5,2022-05-01,South Infirmary Victoria University Hospital,return_ed_attendances,7980,True
2022,6,2022-06-01,South Infirmary Victoria University Hospital,return_ed_attendances,7937,True
2022,7,2022-07-01,South Infirmary Victoria University Hospital,return_ed_attendances,8040,True
2022,8,2022-08-01,South Infirmary Victoria University Hospital,return_ed_attendances,8546,True
2022,9,2022-09-01,South Infirmary Victoria University Hospital,return_ed_attendances,8209,True
2022,10,2022-10-01,South Infirmary Victoria University Hospital,return_ed_attendances,8967,True
2022,11,2022-11-01,South Infirmary Victoria University Hospital,return_ed_attendances,9547,True
2022,12,2022-12-01,South Infirmary Victoria University Hospital,return_ed_attendances,10280,True
2023,1,2023-01-01,South Infirmary Victoria University Hospital,return_ed_attendances,7077,True
2023,2,2023-02-01,South Infirmary Victoria University Hospital,return_ed_attendances,7005,True
2023,3,2023-03-01,South Infirmary Victoria University Hospital,return_ed_attendances,6044,True
2023,4,2023-04-01,South Infirmary Victoria University Hospital,return_ed_attendances,5536,True
2023,5,2023-05-01,South Infirmary Victoria University Hospital,return_ed_attendances,5928,True
2023,6,2023-06-01,South Infirmary Victoria University Hospital,return_ed_attendances,5598,True
2023,7,2023-07-01,South Infirmary Victoria University Hospital,return_ed_attendances,5923,True
2023,8,2023-08-01,South Infirmary Victoria University Hospital,return_ed_attendances,5602,True
2023,9,2023-09-01,South Infirmary Victoria University Hospital,return_ed_attendances,6181,True
2023,10,2023-10-01,South Infirmary Victoria University Hospital,return_ed_attendances,6620,True
2023,11,2023-11-01,South Infirmary Victoria University Hospital,return_ed_attendances,6655,True
2023,12,2023-12-01,South Infirmary Victoria University Hospital,return_ed_attendances,6873,True
2024,1,2024-01-01,South Infirmary Victoria University Hospital,return_ed_attendances,0,True
2024,2,2024-02-01,South Infirmary Victoria University Hospital,return_ed_attendances,0,True
2024,3,2024-03-01,South Infirmary Victoria University Hospital,return_ed_attendances,0,True
2024,4,2024-04-01,South Infirmary Victoria University Hospital,return_ed_attendances,0,True
2024,5,2024-05-01,South Infirmary Victoria University Hospital,return_ed_attendances,0,True
2024,6,2024-06-01,South Infirmary Victoria University Hospital,return_ed_attendances,2,False
2024,7,2024-07-01,South Infirmary Victoria University Hospital,return_ed_attendances,11,False
2024,8,2024-08-01,South Infirmary Victoria University Hospital,return_ed_attendances,0,False
2024,9,2024-09-01,South Infirmary Victoria University Hospital,return_ed_attendances,54308,False
2022,1,2022-01-01,South/South West Hospital Group,all_emergency_presentations,28352,True
2022,2,2022-02-01,South/South West Hospital Group,all_emergency_presentations,28598,True
2022,3,2022-03-01,South/South West Hospital Group,all_emergency_presentations,26001,True
2022,4,2022-04-01,South/South West Hospital Group,all_emergency_presentations,24315,True
2022,5,2022-05-01,South/South West Hospital Group,all_emergency_presentations,22151,True
2022,6,2022-06-01,South/South West Hospital Group,all_emergency_presentations,23181,True
2022,7,2022-07-01,South/South West Hospital Group,all_emergency_presentations,23033,True
2022,8,2022-08-01,South/South West Hospital Group,all_emergency_presentations,23082,True
2022,9,2022-09-01,South/South West Hospital Group,all_emergency_presentations,24418,True
2022,10,2022-10-01,South/South West Hospital Group,all_emergency_presentations,23708,True
2022,11,2022-11-01,South/South West Hospital Group,all_emergency_presentations,26580,True
2022,12,2022-12-01,South/South West Hospital Group,all_emergency_presentations,26390,True
2023,1,2023-01-01,South/South West Hospital Group,all_emergency_presentations,29212,True
2023,2,2023-02-01,South/South West Hospital Group,all_emergency_presentations,28072,True
2023,3,2023-03-01,South/South West Hospital Group,all_emergency_presentations,27997,True
2023,4,2023-04-01,South/South West Hospital Group,all_emergency_presentations,24809,True
2023,5,2023-05-01,South/South West Hospital Group,all_emergency_presentations,25640,True
2023,6,2023-06-01,South/South West Hospital Group,all_emergency_presentations,23357,True
2023,7,2023-07-01,South/South West Hospital Group,all_emergency_presentations,23012,True
2023,8,2023-08-01,South/South West Hospital Group,all_emergency_presentations,23941,True
2023,9,2023-09-01,South/South West Hospital Group,all_emergency_presentations,26759,True
2023,10,2023-10-01,South/South West Hospital Group,all_emergency_presentations,26453,True
2023,11,2023-11-01,South/South West Hospital Group,all_emergency_presentations,27409,True
2023,12,2023-12-01,South/South West Hospital Group,all_emergency_presentations,29038,True
2024,1,2024-01-01,South/South West Hospital Group,all_emergency_presentations,32799,True
2024,2,2024-02-01,South/South West Hospital Group,all_emergency_presentations,32264,True
2024,3,2024-03-01,South/South West Hospital Group,all_emergency_presentations,30002,True
2024,4,2024-04-01,South/South West Hospital Group,all_emergency_presentations,26546,True
2024,5,2024-05-01,South/South West Hospital Group,all_emergency_presentations,24980,True
2024,6,2024-06-01,South/South West Hospital Group,all_emergency_presentations,27424,False
2024,7,2024-07-01,South/South West Hospital Group,all_emergency_presentations,27175,False
2024,8,2024-08-01,South/South West Hospital Group,all_emergency_presentations,27235,False
2024,9,2024-09-01,South/South West Hospital Group,all_emergency_presentations,27700,False
2022,1,2022-01-01,South/South West Hospital Group,new_ed_attendances,8223,True
2022,2,2022-02-01,South/South West Hospital Group,new_ed_attendances,7971,True
2022,3,2022-03-01,South/South West Hospital Group,new_ed_attendances,7315,True
2022,4,2022-04-01,South/South West Hospital Group,new_ed_attendances,6867,True
2022,5,2022-05-01,South/South West Hospital Group,new_ed_attendances,6791,True
2022,6,2022-06-01,South/South West Hospital Group,new_ed_attendances,6362,True
2022,7,2022-07-01,South/South West Hospital Group,new_ed_attendances,6600,True
2022,8,2022-08-01,South/South West Hospital Group,new_ed_attendances,6582,True
2022,9,2022-09-01,South/South West Hospital Group,new_ed_attendances,7172,True
2022,10,2022-10-01,South/South West Hospital Group,new_ed_attendances,6937,True
2022,11,2022-11-01,South/South West Hospital Group,new_ed_attendances,7826,True
2022,12,2022-12-01,South/South West Hospital Group,new_ed_attendances,7690,True
2023,1,2023-01-01,South/South West Hospital Group,new_ed_attendances,10869,True
2023,2,2023-02-01,South/South West Hospital Group,new_ed_attendances,11014,True
2023,3,2023-03-01,South/South West Hospital Group,new_ed_attendances,9899,True
2023,4,2023-04-01,South/South West Hospital Group,new_ed_attendances,9670,True
2023,5,2023-05-01,South/South West Hospital Group,new_ed_attendances,8964,True
2023,6,2023-06-01,South/South West Hospital Group,new_ed_attendances,8736,True
2023,7,2023-07-01,South/South West Hospital Group,new_ed_attendances,8534,True
2023,8,2023-08-01,South/South West Hospital Group,new_ed_attendances,9114,True
2023,9,2023-09-01,South/South West Hospital Group,new_ed_attendances,8924,True
2023,10,2023-10-01,South/South West Hospital Group,new_ed_attendances,9442,True
2023,11,2023-11-01,South/South West Hospital Group,new_ed_attendances,10631,True
2023,12,2023-12-01,South/South West Hospital Group,new_ed_attendances,11033,True
2024,1,2024-01-01,South/South West Hospital Group,new_ed_attendances,36616,True
2024,2,2024-02-01,South/South West Hospital Group,new_ed_attendances,33916,True
2024,3,2024-03-01,South/South West Hospital Group,new_ed_attendances,32126,True
2024,4,2024-04-01,South/South West Hospital Group,new_ed_attendances,30024,True
2024,5,2024-05-01,South/South West Hospital Group,new_ed_attendances,28096,True
2024,6,2024-06-01,South/South West Hospital Group,new_ed_attendances,186880,False
2024,7,2024-07-01,South/South West Hospital Group,new_ed_attendances,9,False
2024,8,2024-08-01,South/South West Hospital Group,new_ed_attendances,2,False
2024,9,2024-09-01,South/South West Hospital Group,new_ed_attendances,76165,False
2022,1,2022-01-01,South/South West Hospital Group,return_ed_attendances,2512,True
2022,2,2022-02-01,South/South West Hospital Group,return_ed_attendances,2513,True
2022,3,2022-03-01,South/South West Hospital Group,return_ed_attendances,2284,True
2022,4,2022-04-01,South/South West Hospital Group,return_ed_attendances,1978,True
2022,5,2022-05-01,South/South West Hospital Group,return_ed_attendances,2231,True
2022,6,2022-06-01,South/South West Hospital Group,return_ed_attendances,2102,True
2022,7,2022-07-01,South/South West Hospital Group,return_ed_attendances,2056,True
2022,8,2022-08-01,South/South West Hospital Group,return_ed_attendances,2125,True
2022,9,2022-09-01,South/South West Hospital Group,return_ed_attendances,2135,True
2022,10,2022-10-01,South/South West Hospital Group,return_ed_attendances,2395,True
2022,11,2022-11-01,South/South West Hospital Group,return_ed_attendances,2526,True
2022,12,2022-12-01,South/South West Hospital Group,return_ed_attendances,2490,True
2023,1,2023-01-01,South/South West Hospital Group,return_ed_attendances,2918,True
2023,2,2023-02-01,South/South West Hospital Group,return_ed_attendances,2750,True
2023,3,2023-03-01,South/South West Hospital Group,return_ed_attendances,2418,True
2023,4,2023-04-01,South/South West Hospital Group,return_ed_attendances,2322,True
2023,5,2023-05-01,South/South West Hospital Group,return_ed_attendances,2288,True
2023,6,2023-06-01,South/South West Hospital Group,return_ed_attendances,2177,True
2023,7,2023-07-01,South/South West Hospital Group,return_ed_attendances,2241,True
2023,8,2023-08-01,South/South West Hospital Group,return_ed_attendances,2297,True
2023,9,2023-09-01,South/South West Hospital Group,return_ed_attendances,2394,True
2023,10,2023-10-01,South/South West Hospital Group,return_ed_attendances,2475,True
2023,11,2023-11-01,South/South West Hospital Group,return_ed_attendances,2509,True
2023,12,2023-12-01,South/South West Hospital Group,return_ed_attendances,2630,True
2024,1,2024-01-01,South/South West Hospital Group,return_ed_attendances,2952,True
2024,2,2024-02-01,South/South West Hospital Group,return_ed_attendances,3053,True
2024,3,2024-03-01,South/South West Hospital Group,return_ed_attendances,2560,True
2024,4,2024-04-01,South/South West Hospital Group,return_ed_attendances,2638,True
2024,5,2024-05-01,South/South West Hospital Group,return_ed_attendances,2575,True
2024,6,2024-06-01,South/South West Hospital Group,return_ed_attendances,2663,False
2024,7,2024-07-01,South/South West Hospital Group,return_ed_attendances,2600,False
2024,8,2024-08-01,South/South West Hospital Group,return_ed_attendances,2678,False
2024,9,2024-09-01,South/South West Hospital Group,return_ed_attendances,2543,False
2022,1,2022-01-01,St. Columcille's Hospital,all_emergency_presentations,1211,True
2022,2,2022-02-01,St. Columcille's Hospital,all_emergency_presentations,1134,True
2022,3,2022-03-01,St. Columcille's Hospital,all_emergency_presentations,1104,True
2022,4,2022-04-01,St. Columcille's Hospital,all_emergency_presentations,973,True
2022,5,2022-05-01,St. Columcille's Hospital,all_emergency_presentations,925,True
2022,6,2022-06-01,St. Columcille's Hospital,all_emergency_presentations,873,True
2022,7,2022-07-01,St. Columcille's Hospital,all_emergency_presentations,884,True
2022,8,2022-08-01,St. Columcille's Hospital,all_emergency_presentations,909,True
2022,9,2022-09-01,St. Columcille's Hospital,all_emergency_presentations,1002,True
2022,10,2022-10-01,St. Columcille's Hospital,all_emergency_presentations,1040,True
2022,11,2022-11-01,St. Columcille's Hospital,all_emergency_presentations,1023,True
2022,12,2022-12-01,St. Columcille's Hospital,all_emergency_presentations,1144,True
2023,1,2023-01-01,St. Columcille's Hospital,all_emergency_presentations,1330,True
2023,2,2023-02-01,St. Columcille's Hospital,all_emergency_presentations,1310,True
2023,3,2023-03-01,St. Columcille's Hospital,all_emergency_presentations,1259,True
2023,4,2023-04-01,St. Columcille's Hospital,all_emergency_presentations,1151,True
2023,5,2023-05-01,St. Columcille's Hospital,all_emergency_presentations,1078,True
2023,6,2023-06-01,St. Columcille's Hospital,all_emergency_presentations,1024,True
2023,7,2023-07-01,St. Columcille's Hospital,all_emergency_presentations,1006,True
2023,8,2023-08-01,St. Columcille's Hospital,all_emergency_presentations,1075,True
2023,9,2023-09-01,St. Columcille's Hospital,all_emergency_presentations,1137,True
2023,10,2023-10-01,St. Columcille's Hospital,all_emergency_presentations,1144,True
2023,11,2023-11-01,St. Columcille's Hospital,all_emergency_presentations,1231,True
2023,12,2023-12-01,St. Columcille's Hospital,all_emergency_presentations,1284,True
2024,1,2024-01-01,St. Columcille's Hospital,all_emergency_presentations,1543,True
2024,2,2024-02-01,St. Columcille's Hospital,all_emergency_presentations,1471,True
2024,3,2024-03-01,St. Columcille's Hospital,all_emergency_presentations,1389,True
2024,4,2024-04-01,St. Columcille's Hospital,all_emergency_presentations,1307,True
2024,5,2024-05-01,St. Columcille's Hospital,all_emergency_presentations,1210,True
2024,6,2024-06-01,St. Columcille's Hospital,all_emergency_presentations,1311,False
2024,7,2024-07-01,St. Columcille's Hospital,all_emergency_presentations,1357,False
2024,8,2024-08-01,St. Columcille's Hospital,all_emergency_presentations,1402,False
2024,9,2024-09-01,St. Columcille's Hospital,all_emergency_presentations,1517,False
2022,1,2022-01-01,St. Columcille's Hospital,new_ed_attendances,608,True
2022,2,2022-02-01,St. Columcille's Hospital,new_ed_attendances,615,True
2022,3,2022-03-01,St. Columcille's Hospital,new_ed_attendances,517,True
2022,4,2022-04-01,St. Columcille's Hospital,new_ed_attendances,478,True
2022,5,2022-05-01,St. Columcille's Hospital,new_ed_attendances,488,True
2022,6,2022-06-01,St. Columcille's Hospital,new_ed_attendances,478,True
2022,7,2022-07-01,St. Columcille's Hospital,new_ed_attendances,483,True
2022,8,2022-08-01,St. Columcille's Hospital,new_ed_attendances,463,True
2022,9,2022-09-01,St. Columcille's Hospital,new_ed_attendances,513,True
2022,10,2022-10-01,St. Columcille's Hospital,new_ed_attendances,509,True
2022,11,2022-11-01,St. Columcille's Hospital,new_ed_attendances,566,True
2022,12,2022-12-01,St. Columcille's Hospital,new_ed_attendances,582,True
2023,1,2023-01-01,St. Columcille's Hospital,new_ed_attendances,729,True
2023,2,2023-02-01,St. Columcille's Hospital,new_ed_attendances,714,True
2023,3,2023-03-01,St. Columcille's Hospital,new_ed_attendances,647,True
2023,4,2023-04-01,St. Columcille's Hospital,new_ed_attendances,622,True
2023,5,2023-05-01,St. Columcille's Hospital,new_ed_attendances,622,True
2023,6,2023-06-01,St. Columcille's Hospital,new_ed_attendances,568,True
2023,7,2023-07-01,St. Columcille's Hospital,new_ed_attendances,607,True
2023,8,2023-08-01,St. Columcille's Hospital,new_ed_attendances,601,True
2023,9,2023-09-01,St. Columcille's Hospital,new_ed_attendances,621,True
2023,10,2023-10-01,St. Columcille's Hospital,new_ed_attendances,653,True
2023,11,2023-11-01,St. Columcille's Hospital,new_ed_attendances,666,True
2023,12,2023-12-01,St. Columcille's Hospital,new_ed_attendances,701,True
2024,1,2024-01-01,St. Columcille's Hospital,new_ed_attendances,895,True
2024,2,2024-02-01,St. Columcille's Hospital,new_ed_attendances,950,True
2024,3,2024-03-01,St. Columcille's Hospital,new_ed_attendances,827,True
2024,4,2024-04-01,St. Columcille's Hospital,new_ed_attendances,755,True
2024,5,2024-05-01,St. Columcille's Hospital,new_ed_attendances,753,True
2024,6,2024-06-01,St. Columcille's Hospital,new_ed_attendances,4921,False
2024,8,2024-08-01,St. Columcille's Hospital,new_ed_attendances,1,False
2024,9,2024-09-01,St. Columcille's Hospital,new_ed_attendances,5298,False
2022,1,2022-01-01,St. Columcille's Hospital,return_ed_attendances,1222,True
2022,2,2022-02-01,St. Columcille's Hospital,return_ed_attendances,1159,True
2022,3,2022-03-01,St. Columcille's Hospital,return_ed_attendances,1022,True
2022,4,2022-04-01,St. Columcille's Hospital,return_ed_attendances,1052,True
2022,5,2022-05-01,St. Columcille's Hospital,return_ed_attendances,956,True
2022,6,2022-06-01,St. Columcille's Hospital,return_ed_attendances,954,True
2022,7,2022-07-01,St. Columcille's Hospital,return_ed_attendances,934,True
2022,8,2022-08-01,St. Columcille's Hospital,return_ed_attendances,974,True
2022,9,2022-09-01,St. Columcille's Hospital,return_ed_attendances,1024,True
2022,10,2022-10-01,St. Columcille's Hospital,return_ed_attendances,1066,True
2022,11,2022-11-01,St. Columcille's Hospital,return_ed_attendances,1113,True
2022,12,2022-12-01,St. Columcille's Hospital,return_ed_attendances,1148,True
2023,1,2023-01-01,St. Columcille's Hospital,return_ed_attendances,1326,True
2023,2,2023-02-01,St. Columcille's Hospital,return_ed_attendances,1271,True
2023,3,2023-03-01,St. Columcille's Hospital,return_ed_attendances,1203,True
2023,4,2023-04-01,St. Columcille's Hospital,return_ed_attendances,1143,True
2023,5,2023-05-01,St. Columcille's Hospital,return_ed_attendances,1070,True
2023,6,2023-06-01,St. Columcille's Hospital,return_ed_attendances,1077,True
2023,7,2023-07-01,St. Columcille's Hospital,return_ed_attendances,1113,True
2023,8,2023-08-01,St. Columcille's Hospital,return_ed_attendances,1059,True
2023,9,2023-09-01,St. Columcille's Hospital,return_ed_attendances,1106,True
2023,10,2023-10-01,St. Columcille's Hospital,return_ed_attendances,1163,True
2023,11,2023-11-01,St. Columcille's Hospital,return_ed_attendances,1236,True
2023,12,2023-12-01,St. Columcille's Hospital,return_ed_attendances,1250,True
2024,1,2024-01-01,St. Columcille's Hospital,return_ed_attendances,1582,True
2024,2,2024-02-01,St. Columcille's Hospital,return_ed_attendances,1487,True
2024,3,2024-03-01,St. Columcille's Hospital,return_ed_attendances,1354,True
2024,4,2024-04-01,St. Columcille's Hospital,return_ed_attendances,1208,True
2024,5,2024-05-01,St. Columcille's Hospital,return_ed_attendances,1175,True
2024,6,2024-06-01,St. Columcille's Hospital,return_ed_attendances,1286,False
2024,7,2024-07-01,St. Columcille's Hospital,return_ed_attendances,1327,False
2024,8,2024-08-01,St. Columcille's Hospital,return_ed_attendances,1343,False
2024,9,2024-09-01,St. Columcille's Hospital,return_ed_attendances,1461,False
2022,1,2022-01-01,St. James's Hospital,all_emergency_presentations,4981,True
2022,2,2022-02-01,St. James's Hospital,all_emergency_presentations,4913,True
2022,3,2022-03-01,St. James's Hospital,all_emergency_presentations,4440,True
2022,4,2022-04-01,St. James's Hospital,all_emergency_presentations,4202,True
2022,5,2022-05-01,St. James's Hospital,all_emergency_presentations,4213,True
2022,6,2022-06-01,St. James's Hospital,all_emergency_presentations,3806,True
2022,7,2022-07-01,St. James's Hospital,all_emergency_presentations,4147,True
2022,8,2022-08-01,St. James's Hospital,all_emergency_presentations,4257,True
2022,9,2022-09-01,St. James's Hospital,all_emergency_presentations,4251,True
2022,10,2022-10-01,St. James's Hospital,all_emergency_presentations,4114,True
2022,11,2022-11-01,St. James's Hospital,all_emergency_presentations,4524,True
2022,12,2022-12-01,St. James's Hospital,all_emergency_presentations,4964,True
2023,1,2023-01-01,St. James's Hospital,all_emergency_presentations,5431,True
2023,2,2023-02-01,St. James's Hospital,all_emergency_presentations,5093,True
2023,3,2023-03-01,St. James's Hospital,all_emergency_presentations,4763,True
2023,4,2023-04-01,St. James's Hospital,all_emergency_presentations,4627,True
2023,5,2023-05-01,St. James's Hospital,all_emergency_presentations,4447,True
2023,6,2023-06-01,St. James's Hospital,all_emergency_presentations,4207,True
2023,7,2023-07-01,St. James's Hospital,all_emergency_presentations,4282,True
2023,8,2023-08-01,St. James's Hospital,all_emergency_presentations,4369,True
2023,9,2023-09-01,St. James's Hospital,all_emergency_presentations,4478,True
2023,10,2023-10-01,St. James's Hospital,all_emergency_presentations,4974,True
2023,11,2023-11-01,St. James's Hospital,all_emergency_presentations,4926,True
2023,12,2023-12-01,St. James's Hospital,all_emergency_presentations,5347,True
2024,1,2024-01-01,St. James's Hospital,all_emergency_presentations,6135,True
2024,2,2024-02-01,St. James's Hospital,all_emergency_presentations,5838,True
2024,3,2024-03-01,St. James's Hospital,all_emergency_presentations,5153,True
2024,4,2024-04-01,St. James's Hospital,all_emergency_presentations,4932,True
2024,5,2024-05-01,St. James's Hospital,all_emergency_presentations,4720,True
2024,6,2024-06-01,St. James's Hospital,all_emergency_presentations,4762,False
2024,7,2024-07-01,St. James's Hospital,all_emergency_presentations,5241,False
2024,8,2024-08-01,St. James's Hospital,all_emergency_presentations,5127,False
2024,9,2024-09-01,St. James's Hospital,all_emergency_presentations,4999,False
2022,1,2022-01-01,St. James's Hospital,new_ed_attendances,1652,True
2022,2,2022-02-01,St. James's Hospital,new_ed_attendances,1622,True
2022,3,2022-03-01,St. James's Hospital,new_ed_attendances,1458,True
2022,4,2022-04-01,St. James's Hospital,new_ed_attendances,1420,True
2022,5,2022-05-01,St. James's Hospital,new_ed_attendances,1308,True
2022,6,2022-06-01,St. James's Hospital,new_ed_attendances,1381,True
2022,7,2022-07-01,St. James's Hospital,new_ed_attendances,1329,True
2022,8,2022-08-01,St. James's Hospital,new_ed_attendances,1298,True
2022,9,2022-09-01,St. James's Hospital,new_ed_attendances,1344,True
2022,10,2022-10-01,St. James's Hospital,new_ed_attendances,1450,True
2022,11,2022-11-01,St. James's Hospital,new_ed_attendances,1489,True
2022,12,2022-12-01,St. James's Hospital,new_ed_attendances,1588,True
2023,1,2023-01-01,St. James's Hospital,new_ed_attendances,2326,True
2023,2,2023-02-01,St. James's Hospital,new_ed_attendances,2211,True
2023,3,2023-03-01,St. James's Hospital,new_ed_attendances,1989,True
2023,4,2023-04-01,St. James's Hospital,new_ed_attendances,1818,True
2023,5,2023-05-01,St. James's Hospital,new_ed_attendances,1822,True
2023,6,2023-06-01,St. James's Hospital,new_ed_attendances,1834,True
2023,7,2023-07-01,St. James's Hospital,new_ed_attendances,1839,True
2023,8,2023-08-01,St. James's Hospital,new_ed_attendances,1796,True
2023,9,2023-09-01,St. James's Hospital,new_ed_attendances,1954,True
2023,10,2023-10-01,St. James's Hospital,new_ed_attendances,2025,True
2023,11,2023-11-01,St. James's Hospital,new_ed_attendances,2043,True
2023,12,2023-12-01,St. James's Hospital,new_ed_attendances,2187,True
2024,1,2024-01-01,St. James's Hospital,new_ed_attendances,12276,True
2024,2,2024-02-01,St. James's Hospital,new_ed_attendances,11433,True
2024,3,2024-03-01,St. James's Hospital,new_ed_attendances,11022,True
2024,4,2024-04-01,St. James's Hospital,new_ed_attendances,10349,True
2024,5,2024-05-01,St. James's Hospital,new_ed_attendances,10187,True
2024,6,2024-06-01,St. James's Hospital,new_ed_attendances,61391,False
2024,7,2024-07-01,St. James's Hospital,new_ed_attendances,3,False
2024,9,2024-09-01,St. James's Hospital,new_ed_attendances,15368,False
2022,1,2022-01-01,St. James's Hospital,return_ed_attendances,112,True
2022,2,2022-02-01,St. James's Hospital,return_ed_attendances,100,True
2022,3,2022-03-01,St. James's Hospital,return_ed_attendances,97,True
2022,4,2022-04-01,St. James's Hospital,return_ed_attendances,92,True
2022,5,2022-05-01,St. James's Hospital,return_ed_attendances,87,True
2022,6,2022-06-01,St. James's Hospital,return_ed_attendances,84,True
2022,7,2022-07-01,St. James's Hospital,return_ed_attendances,86,True
2022,8,2022-08-01,St. James's Hospital,return_ed_attendances,91,True
2022,9,2022-09-01,St. James's Hospital,return_ed_attendances,93,True
2022,10,2022-10-01,St. James's Hospital,return_ed_attendances,90,True
2022,11,2022-11-01,St. James's Hospital,return_ed_attendances,95,True
2022,12,2022-12-01,St. James's Hospital,return_ed_attendances,103,True
2023,1,2023-01-01,St. James's Hospital,return_ed_attendances,116,True
2023,2,2023-02-01,St. James's Hospital,return_ed_attendances,102,True
2023,3,2023-03-01,St. James's Hospital,return_ed_attendances,101,True
2023,4,2023-04-01,St. James's Hospital,return_ed_attendances,94,True
2023,5,2023-05-01,St. James's Hospital,return_ed_attendances,96,True
2023,6,2023-06-01,St. James's Hospital,return_ed_attendances,89,True
2023,7,2023-07-01,St. James's Hospital,return_ed_attendances,93,True
2023,8,2023-08-01,St. James's Hospital,return_ed_attendances,94,True
2023,9,2023-09-01,St. James's Hospital,return_ed_attendances,91,True
2023,10,2023-10-01,St. James's Hospital,return_ed_attendances,103,True
2023,11,2023-11-01,St. James's Hospital,return_ed_attendances,106,True
2023,12,2023-12-01,St. James's Hospital,return_ed_attendances,111,True
2024,1,2024-01-01,St. James's Hospital,return_ed_attendances,133,True
2024,2,2024-02-01,St. James's Hospital,return_ed_attendances,108,True
2024,3,2024-03-01,St. James's Hospital,return_ed_attendances,112,True
2024,4,2024-04-01,St. James's Hospital,return_ed_attendances,98,True
2024,5,2024-05-01,St. James's Hospital,return_ed_attendances,97,True
2024,6,2024-06-01,St. James's Hospital,return_ed_attendances,112,False
2024,7,2024-07-01,St. James's Hospital,return_ed_attendances,120,False
2024,8,2024-08-01,St. James's Hospital,return_ed_attendances,95,False
2024,9,2024-09-01,St. James's Hospital,return_ed_attendances,105,False
2022,1,2022-01-01,St. John's Hospital Limerick,all_emergency_presentations,1686,True
2022,2,2022-02-01,St. John's Hospital Limerick,all_emergency_presentations,1632,True
2022,3,2022-03-01,St. John's Hospital Limerick,all_emergency_presentations,1445,True
2022,4,2022-04-01,St. John's Hospital Limerick,all_emergency_presentations,1401,True
2022,5,2022-05-01,St. John's Hospital Limerick,all_emergency_presentations,1345,True
2022,6,2022-06-01,St. John's Hospital Limerick,all_emergency_presentations,1272,True
2022,7,2022-07-01,St. John's Hospital Limerick,all_emergency_presentations,1281,True
2022,8,2022-08-01,St. John's Hospital Limerick,all_emergency_presentations,1270,True
2022,9,2022-09-01,St. John's Hospital Limerick,all_emergency_presentations,1420,True
2022,10,2022-10-01,St. John's Hospital Limerick,all_emergency_presentations,1379,True
2022,11,2022-11-01,St. John's Hospital Limerick,all_emergency_presentations,1522,True
2022,12,2022-12-01,St. John's Hospital Limerick,all_emergency_presentations,1561,True
2023,1,2023-01-01,St. John's Hospital Limerick,all_emergency_presentations,1764,True
2023,2,2023-02-01,St. John's Hospital Limerick,all_emergency_presentations,1655,True
2023,3,2023-03-01,St. John's Hospital Limerick,all_emergency_presentations,1523,True
2023,4,2023-04-01,St. John's Hospital Limerick,all_emergency_presentations,1467,True
2023,5,2023-05-01,St. John's Hospital Limerick,all_emergency_presentations,1406,True
2023,6,2023-06-01,St. John's Hospital Limerick,all_emergency_presentations,1361,True
2023,7,2023-07-01,St. John's Hospital Limerick,all_emergency_presentations,1397,True
2023,8,2023-08-01,St. John's Hospital Limerick,all_emergency_presentations,1342,True
2023,9,2023-09-01,St. John's Hospital Limerick,all_emergency_presentations,1498,True
2023,10,2023-10-01,St. John's Hospital Limerick,all_emergency_presentations,1537,True
2023,11,2023-11-01,St. John's Hospital Limerick,all_emergency_presentations,1534,True
2023,12,2023-12-01,St. John's Hospital Limerick,all_emergency_presentations,1629,True
2024,1,2024-01-01,St. John's Hospital Limerick,all_emergency_presentations,1800,True
2024,2,2024-02-01,St. John's Hospital Limerick,all_emergency_presentations,1734,True
2024,3,2024-03-01,St. John's Hospital Limerick,all_emergency_presentations,1620,True
2024,4,2024-04-01,St. John's Hospital Limerick,all_emergency_presentations,1561,True
2024,5,2024-05-01,St. John's Hospital Limerick,all_emergency_presentations,1498,True
2024,6,2024-06-01,St. John's Hospital Limerick,all_emergency_presentations,1434,False
2024,7,2024-07-01,St. John's Hospital Limerick,all_emergency_presentations,1489,False
2024,8,2024-08-01,St. John's Hospital Limerick,all_emergency_presentations,1450,False
2024,9,2024-09-01,St. John's Hospital Limerick,all_emergency_presentations,1736,False
2022,1,2022-01-01,St. John's Hospital Limerick,new_ed_attendances,398,True
2022,2,2022-02-01,St. John's Hospital Limerick,new_ed_attendances,410,True
2022,3,2022-03-01,St. John's Hospital Limerick,new_ed_attendances,363,True
2022,4,2022-04-01,St. John's Hospital Limerick,new_ed_attendances,340,True
2022,5,2022-05-01,St. John's Hospital Limerick,new_ed_attendances,321,True
2022,6,2022-06-01,St. John's Hospital Limerick,new_ed_attendances,316,True
2022,7,2022-07-01,St. John's Hospital Limerick,new_ed_attendances,318,True
2022,8,2022-08-01,St. John's Hospital Limerick,new_ed_attendances,332,True
2022,9,2022-09-01,St. John's Hospital Limerick,new_ed_attendances,365,True
2022,10,2022-10-01,St. John's Hospital Limerick,new_ed_attendances,343,True
2022,11,2022-11-01,St. John's Hospital Limerick,new_ed_attendances,357,True
2022,12,2022-12-01,St. John's Hospital Limerick,new_ed_attendances,406,True
2023,1,2023-01-01,St. John's Hospital Limerick,new_ed_attendances,571,True
2023,2,2023-02-01,St. John's Hospital Limerick,new_ed_attendances,544,True
2023,3,2023-03-01,St. John's Hospital Limerick,new_ed_attendances,527,True
2023,4,2023-04-01,St. John's Hospital Limerick,new_ed_attendances,468,True
2023,5,2023-05-01,St. John's Hospital Limerick,new_ed_attendances,488,True
2023,6,2023-06-01,St. John's Hospital Limerick,new_ed_attendances,457,True
2023,7,2023-07-01,St. John's Hospital Limerick,new_ed_attendances,451,True
2023,8,2023-08-01,St. John's Hospital Limerick,new_ed_attendances,497,True
2023,9,2023-09-01,St. John's Hospital Limerick,new_ed_attendances,478,True
2023,10,2023-10-01,St. John's Hospital Limerick,new_ed_attendances,512,True
2023,11,2023-11-01,St. John's Hospital Limerick,new_ed_attendances,530,True
2023,12,2023-12-01,St. John's Hospital Limerick,new_ed_attendances,566,True
2024,1,2024-01-01,St. John's Hospital Limerick,new_ed_attendances,1066,True
2024,2,2024-02-01,St. John's Hospital Limerick,new_ed_attendances,985,True
2024,3,2024-03-01,St. John's Hospital Limerick,new_ed_attendances,886,True
2024,4,2024-04-01,St. John's Hospital Limerick,new_ed_attendances,857,True
2024,5,2024-05-01,St. John's Hospital Limerick,new_ed_attendances,803,True
2024,6,2024-06-01,St. John's Hospital Limerick,new_ed_attendances,5326,False
2024,7,2024-07-01,St. John's Hospital Limerick,new_ed_attendances,23,False
2024,8,2024-08-01,St. John's Hospital Limerick,new_ed_attendances,5,False
2024,9,2024-09-01,St. John's Hospital Limerick,new_ed_attendances,3882,False
2022,1,2022-01-01,St. John's Hospital Limerick,return_ed_attendances,1654,True
2022,2,2022-02-01,St. John's Hospital Limerick,return_ed_attendances,1598,True
2022,3,2022-03-01,St. John's Hospital Limerick,return_ed_attendances,1500,True
2022,4,2022-04-01,St. John's Hospital Limerick,return_ed_attendances,1416,True
2022,5,2022-05-01,St. John's Hospital Limerick,return_ed_attendances,1333,True
2022,6,2022-06-01,St. John's Hospital Limerick,return_ed_attendances,1365,True
2022,7,2022-07-01,St. John's Hospital Limerick,return_ed_attendances,1330,True
2022,8,2022-08-01,St. John's Hospital Limerick,return_ed_attendances,1335,True
2022,9,2022-09-01,St. John's Hospital Limerick,return_ed_attendances,1337,True
2022,10,2022-10-01,St. John's Hospital Limerick,return_ed_attendances,1436,True
2022,11,2022-11-01,St. John's Hospital Limerick,return_ed_attendances,1502,True
2022,12,2022-12-01,St. John's Hospital Limerick,return_ed_attendances,1619,True
2023,1,2023-01-01,St. John's Hospital Limerick,return_ed_attendances,1753,True
2023,2,2023-02-01,St. John's Hospital Limerick,return_ed_attendances,1611,True
2023,3,2023-03-01,St. John's Hospital Limerick,return_ed_attendances,1546,True
2023,4,2023-04-01,St. John's Hospital Limerick,return_ed_attendances,1465,True
2023,5,2023-05-01,St. John's Hospital Limerick,return_ed_attendances,1456,True
2023,6,2023-06-01,St. John's Hospital Limerick,return_ed_attendances,1384,True
2023,7,2023-07-01,St. John's Hospital Limerick,return_ed_attendances,1409,True
2023,8,2023-08-01,St. John's Hospital Limerick,return_ed_attendances,1409,True
2023,9,2023-09-01,St. John's Hospital Limerick,return_ed_attendances,1482,True
2023,10,2023-10-01,St. John's Hospital Limerick,return_ed_attendances,1566,True
2023,11,2023-11-01,St. John's Hospital Limerick,return_ed_attendances,1519,True
2023,12,2023-12-01,St. John's Hospital Limerick,return_ed_attendances,1624,True
2024,1,2024-01-01,St. John's Hospital Limerick,return_ed_attendances,1761,True
2024,2,2024-02-01,St. John's Hospital Limerick,return_ed_attendances,1761,True
2024,3,2024-03-01,St. John's Hospital Limerick,return_ed_attendances,1663,True
2024,4,2024-04-01,St. John's Hospital Limerick,return_ed_attendances,1470,True
2024,5,2024-05-01,St. John's Hospital Limerick,return_ed_attendances,1347,True
2024,6,2024-06-01,St. John's Hospital Limerick,return_ed_attendances,1434,False
2024,7,2024-07-01,St. John's Hospital Limerick,return_ed_attendances,1489,False
2024,8,2024-08-01,St. John's Hospital Limerick,return_ed_attendances,1450,False
2024,9,2024-09-01,St. John's Hospital Limerick,return_ed_attendances,1736,False
2022,1,2022-01-01,St. Luke's General Hospital Kilkenny,all_emergency_presentations,5374,True
2022,2,2022-02-01,St. Luke's General Hospital Kilkenny,all_emergency_presentations,4966,True
2022,3,2022-03-01,St. Luke's General Hospital Kilkenny,all_emergency_presentations,4590,True
2022,4,2022-04-01,St. Luke's General Hospital Kilkenny,all_emergency_presentations,4373,True
2022,5,2022-05-01,St. Luke's General Hospital Kilkenny,all_emergency_presentations,4180,True
2022,6,2022-06-01,St. Luke's General Hospital Kilkenny,all_emergency_presentations,4134,True
2022,7,2022-07-01,St. Luke's General Hospital Kilkenny,all_emergency_presentations,4142,True
2022,8,2022-08-01,St. Luke's General Hospital Kilkenny,all_emergency_presentations,4117,True
2022,9,2022-09-01,St. Luke's General Hospital Kilkenny,all_emergency_presentations,4416,True
2022,10,2022-10-01,St. Luke's General Hospital Kilkenny,all_emergency_presentations,4346,True
2022,11,2022-11-01,St. Luke's General Hospital Kilkenny,all_emergency_presentations,4734,True
2022,12,2022-12-01,St. Luke's General Hospital Kilkenny,all_emergency_presentations,4888,True
2023,1,2023-01-01,St. Luke's General Hospital Kilkenny,all_emergency_presentations,5403,True
2023,2,2023-02-01,St. Luke's General Hospital Kilkenny,all_emergency_presentations,5232,True
2023,3,2023-03-01,St. Luke's General Hospital Kilkenny,all_emergency_presentations,4565,True
2023,4,2023-04-01,St. Luke's General Hospital Kilkenny,all_emergency_presentations,4441,True
2023,5,2023-05-01,St. Luke's General Hospital Kilkenny,all_emergency_presentations,4389,True
2023,6,2023-06-01,St. Luke's General Hospital Kilkenny,all_emergency_presentations,4259,True
2023,7,2023-07-01,St. Luke's General Hospital Kilkenny,all_emergency_presentations,4198,True
2023,8,2023-08-01,St. Luke's General Hospital Kilkenny,all_emergency_presentations,4591,True
2023,9,2023-09-01,St. Luke's General Hospital Kilkenny,all_emergency_presentations,4488,True
2023,10,2023-10-01,St. Luke's General Hospital Kilkenny,all_emergency_presentations,4884,True
2023,11,2023-11-01,St. Luke's General Hospital Kilkenny,all_emergency_presentations,5040,True
2023,12,2023-12-01,St. Luke's General Hospital Kilkenny,all_emergency_presentations,5060,True
2024,1,2024-01-01,St. Luke's General Hospital Kilkenny,all_emergency_presentations,6039,True
2024,2,2024-02-01,St. Luke's General Hospital Kilkenny,all_emergency_presentations,5341,True
2024,3,2024-03-01,St. Luke's General Hospital Kilkenny,all_emergency_presentations,5243,True
2024,4,2024-04-01,St. Luke's General Hospital Kilkenny,all_emergency_presentations,4905,True
2024,5,2024-05-01,St. Luke's General Hospital Kilkenny,all_emergency_presentations,4523,True
2024,6,2024-06-01,St. Luke's General Hospital Kilkenny,all_emergency_presentations,4804,False
2024,7,2024-07-01,St. Luke's General Hospital Kilkenny,all_emergency_presentations,4682,False
2024,8,2024-08-01,St. Luke's General Hospital Kilkenny,all_emergency_presentations,4722,False
2024,9,2024-09-01,St. Luke's General Hospital Kilkenny,all_emergency_presentations,4791,False
2022,1,2022-01-01,St. Luke's General Hospital Kilkenny,new_ed_attendances,1375,True
2022,2,2022-02-01,St. Luke's General Hospital Kilkenny,new_ed_attendances,1324,True
2022,3,2022-03-01,St. Luke's General Hospital Kilkenny,new_ed_attendances,1250,True
2022,4,2022-04-01,St. Luke's General Hospital Kilkenny,new_ed_attendances,1172,True
2022,5,2022-05-01,St. Luke's General Hospital Kilkenny,new_ed_attendances,1093,True
2022,6,2022-06-01,St. Luke's General Hospital Kilkenny,new_ed_attendances,1057,True
2022,7,2022-07-01,St. Luke's General Hospital Kilkenny,new_ed_attendances,1090,True
2022,8,2022-08-01,St. Luke's General Hospital Kilkenny,new_ed_attendances,1045,True
2022,9,2022-09-01,St. Luke's General Hospital Kilkenny,new_ed_attendances,1116,True
2022,10,2022-10-01,St. Luke's General Hospital Kilkenny,new_ed_attendances,1253,True
2022,11,2022-11-01,St. Luke's General Hospital Kilkenny,new_ed_attendances,1325,True
2022,12,2022-12-01,St. Luke's General Hospital Kilkenny,new_ed_attendances,1299,True
2023,1,2023-01-01,St. Luke's General Hospital Kilkenny,new_ed_attendances,1964,True
2023,2,2023-02-01,St. Luke's General Hospital Kilkenny,new_ed_attendances,1883,True
2023,3,2023-03-01,St. Luke's General Hospital Kilkenny,new_ed_attendances,1877,True
2023,4,2023-04-01,St. Luke's General Hospital Kilkenny,new_ed_attendances,1658,True
2023,5,2023-05-01,St. Luke's General Hospital Kilkenny,new_ed_attendances,1549,True
2023,6,2023-06-01,St. Luke's General Hospital Kilkenny,new_ed_attendances,1462,True
2023,7,2023-07-01,St. Luke's General Hospital Kilkenny,new_ed_attendances,1464,True
2023,8,2023-08-01,St. Luke's General Hospital Kilkenny,new_ed_attendances,1581,True
2023,9,2023-09-01,St. Luke's General Hospital Kilkenny,new_ed_attendances,1599,True
2023,10,2023-10-01,St. Luke's General Hospital Kilkenny,new_ed_attendances,1614,True
2023,11,2023-11-01,St. Luke's General Hospital Kilkenny,new_ed_attendances,1733,True
2023,12,2023-12-01,St. Luke's General Hospital Kilkenny,new_ed_attendances,1773,True
2024,1,2024-01-01,St. Luke's General Hospital Kilkenny,new_ed_attendances,3652,True
2024,2,2024-02-01,St. Luke's General Hospital Kilkenny,new_ed_attendances,3447,True
2024,3,2024-03-01,St. Luke's General Hospital Kilkenny,new_ed_attendances,3092,True
2024,4,2024-04-01,St. Luke's General Hospital Kilkenny,new_ed_attendances,3015,True
2024,5,2024-05-01,St. Luke's General Hospital Kilkenny,new_ed_attendances,2805,True
2024,6,2024-06-01,St. Luke's General Hospital Kilkenny,new_ed_attendances,19540,False
2024,7,2024-07-01,St. Luke's General Hospital Kilkenny,new_ed_attendances,10,False
2024,8,2024-08-01,St. Luke's General Hospital Kilkenny,new_ed_attendances,9,False
2024,9,2024-09-01,St. Luke's General Hospital Kilkenny,new_ed_attendances,12876,False
2022,1,2022-01-01,St. Luke's General Hospital Kilkenny,return_ed_attendances,391,True
2022,2,2022-02-01,St. Luke's General Hospital Kilkenny,return_ed_attendances,362,True
2022,3,2022-03-01,St. Luke's General Hospital Kilkenny,return_ed_attendances,360,True
2022,4,2022-04-01,St. Luke's General Hospital Kilkenny,return_ed_attendances,346,True
2022,5,2022-05-01,St. Luke's General Hospital Kilkenny,return_ed_attendances,342,True
2022,6,2022-06-01,St. Luke's General Hospital Kilkenny,return_ed_attendances,315,True
2022,7,2022-07-01,St. Luke's General Hospital Kilkenny,return_ed_attendances,323,True
2022,8,2022-08-01,St. Luke's General Hospital Kilkenny,return_ed_attendances,345,True
2022,9,2022-09-01,St. Luke's General Hospital Kilkenny,return_ed_attendances,328,True
2022,10,2022-10-01,St. Luke's General Hospital Kilkenny,return_ed_attendances,354,True
2022,11,2022-11-01,St. Luke's General Hospital Kilkenny,return_ed_attendances,377,True
2022,12,2022-12-01,St. Luke's General Hospital Kilkenny,return_ed_attendances,394,True
2023,1,2023-01-01,St. Luke's General Hospital Kilkenny,return_ed_attendances,417,True
2023,2,2023-02-01,St. Luke's General Hospital Kilkenny,return_ed_attendances,410,True
2023,3,2023-03-01,St. Luke's General Hospital Kilkenny,return_ed_attendances,349,True
2023,4,2023-04-01,St. Luke's General Hospital Kilkenny,return_ed_attendances,345,True
2023,5,2023-05-01,St. Luke's General Hospital Kilkenny,return_ed_attendances,346,True
2023,6,2023-06-01,St. Luke's General Hospital Kilkenny,return_ed_attendances,321,True
2023,7,2023-07-01,St. Luke's General Hospital Kilkenny,return_ed_attendances,338,True
2023,8,2023-08-01,St. Luke's General Hospital Kilkenny,return_ed_attendances,349,True
2023,9,2023-09-01,St. Luke's General Hospital Kilkenny,return_ed_attendances,355,True
2023,10,2023-10-01,St. Luke's General Hospital Kilkenny,return_ed_attendances,372,True
2023,11,2023-11-01,St. Luke's General Hospital Kilkenny,return_ed_attendances,377,True
2023,12,2023-12-01,St. Luke's General Hospital Kilkenny,return_ed_attendances,400,True
2024,1,2024-01-01,St. Luke's General Hospital Kilkenny,return_ed_attendances,446,True
2024,2,2024-02-01,St. Luke's General Hospital Kilkenny,return_ed_attendances,425,True
2024,3,2024-03-01,St. Luke's General Hospital Kilkenny,return_ed_attendances,383,True
2024,4,2024-04-01,St. Luke's General Hospital Kilkenny,return_ed_attendances,366,True
2024,5,2024-05-01,St. Luke's General Hospital Kilkenny,return_ed_attendances,360,True
2024,6,2024-06-01,St. Luke's General Hospital Kilkenny,return_ed_attendances,386,False
2024,7,2024-07-01,St. Luke's General Hospital Kilkenny,return_ed_attendances,351,False
2024,8,2024-08-01,St. Luke's General Hospital Kilkenny,return_ed_attendances,336,False
2024,9,2024-09-01,St. Luke's General Hospital Kilkenny,return_ed_attendances,356,False
2022,1,2022-01-01,St. Michael's Hospital,all_emergency_presentations,1834,True
2022,2,2022-02-01,St. Michael's Hospital,all_emergency_presentations,1688,True
2022,3,2022-03-01,St. Michael's Hospital,all_emergency_presentations,1580,True
2022,4,2022-04-01,St. Michael's Hospital,all_emergency_presentations,1473,True
2022,5,2022-05-01,St. Michael's Hospital,all_emergency_presentations,1411,True
2022,6,2022-06-01,St. Michael's Hospital,all_emergency_presentations,1406,True
2022,7,2022-07-01,St. Michael's Hospital,all_emergency_presentations,1435,True
2022,8,2022-08-01,St. Michael's Hospital,all_emergency_presentations,1357,True
2022,9,2022-09-01,St. Michael's Hospital,all_emergency_presentations,1550,True
2022,10,2022-10-01,St. Michael's Hospital,all_emergency_presentations,1460,True
2022,11,2022-11-01,St. Michael's Hospital,all_emergency_presentations,1661,True
2022,12,2022-12-01,St. Michael's Hospital,all_emergency_presentations,1727,True
2023,1,2023-01-01,St. Michael's Hospital,all_emergency_presentations,1792,True
2023,2,2023-02-01,St. Michael's Hospital,all_emergency_presentations,1768,True
2023,3,2023-03-01,St. Michael's Hospital,all_emergency_presentations,1594,True
2023,4,2023-04-01,St. Michael's Hospital,all_emergency_presentations,1529,True
2023,5,2023-05-01,St. Michael's Hospital,all_emergency_presentations,1478,True
2023,6,2023-06-01,St. Michael's Hospital,all_emergency_presentations,1478,True
2023,7,2023-07-01,St. Michael's Hospital,all_emergency_presentations,1534,True
2023,8,2023-08-01,St. Michael's Hospital,all_emergency_presentations,1571,True
2023,9,2023-09-01,St. Michael's Hospital,all_emergency_presentations,1544,True
2023,10,2023-10-01,St. Michael's Hospital,all_emergency_presentations,1607,True
2023,11,2023-11-01,St. Michael's Hospital,all_emergency_presentations,1610,True
2023,12,2023-12-01,St. Michael's Hospital,all_emergency_presentations,1716,True
2024,1,2024-01-01,St. Michael's Hospital,all_emergency_presentations,2007,True
2024,2,2024-02-01,St. Michael's Hospital,all_emergency_presentations,1976,True
2024,3,2024-03-01,St. Michael's Hospital,all_emergency_presentations,1672,True
2024,4,2024-04-01,St. Michael's Hospital,all_emergency_presentations,1591,True
2024,5,2024-05-01,St. Michael's Hospital,all_emergency_presentations,1569,True
2024,6,2024-06-01,St. Michael's Hospital,all_emergency_presentations,1579,False
2024,7,2024-07-01,St. Michael's Hospital,all_emergency_presentations,1677,False
2024,8,2024-08-01,St. Michael's Hospital,all_emergency_presentations,1661,False
2024,9,2024-09-01,St. Michael's Hospital,all_emergency_presentations,1609,False
2022,1,2022-01-01,St. Michael's Hospital,new_ed_attendances,203,True
2022,2,2022-02-01,St. Michael's Hospital,new_ed_attendances,210,True
2022,3,2022-03-01,St. Michael's Hospital,new_ed_attendances,188,True
2022,4,2022-04-01,St. Michael's Hospital,new_ed_attendances,168,True
2022,5,2022-05-01,St. Michael's Hospital,new_ed_attendances,167,True
2022,6,2022-06-01,St. Michael's Hospital,new_ed_attendances,158,True
2022,7,2022-07-01,St. Michael's Hospital,new_ed_attendances,159,True
2022,8,2022-08-01,St. Michael's Hospital,new_ed_attendances,174,True
2022,9,2022-09-01,St. Michael's Hospital,new_ed_attendances,187,True
2022,10,2022-10-01,St. Michael's Hospital,new_ed_attendances,174,True
2022,11,2022-11-01,St. Michael's Hospital,new_ed_attendances,194,True
2022,12,2022-12-01,St. Michael's Hospital,new_ed_attendances,194,True
2023,1,2023-01-01,St. Michael's Hospital,new_ed_attendances,287,True
2023,2,2023-02-01,St. Michael's Hospital,new_ed_attendances,277,True
2023,3,2023-03-01,St. Michael's Hospital,new_ed_attendances,253,True
2023,4,2023-04-01,St. Michael's Hospital,new_ed_attendances,242,True
2023,5,2023-05-01,St. Michael's Hospital,new_ed_attendances,229,True
2023,6,2023-06-01,St. Michael's Hospital,new_ed_attendances,229,True
2023,7,2023-07-01,St. Michael's Hospital,new_ed_attendances,232,True
2023,8,2023-08-01,St. Michael's Hospital,new_ed_attendances,235,True
2023,9,2023-09-01,St. Michael's Hospital,new_ed_attendances,240,True
2023,10,2023-10-01,St. Michael's Hospital,new_ed_attendances,250,True
2023,11,2023-11-01,St. Michael's Hospital,new_ed_attendances,273,True
2023,12,2023-12-01,St. Michael's Hospital,new_ed_attendances,281,True
2024,1,2024-01-01,St. Michael's Hospital,new_ed_attendances,875,True
2024,2,2024-02-01,St. Michael's Hospital,new_ed_attendances,874,True
2024,3,2024-03-01,St. Michael's Hospital,new_ed_attendances,821,True
2024,4,2024-04-01,St. Michael's Hospital,new_ed_attendances,711,True
2024,5,2024-05-01,St. Michael's Hospital,new_ed_attendances,738,True
2024,6,2024-06-01,St. Michael's Hospital,new_ed_attendances,4948,False
2024,7,2024-07-01,St. Michael's Hospital,new_ed_attendances,2,False
2024,8,2024-08-01,St. Michael's Hospital,new_ed_attendances,8,False
2024,9,2024-09-01,St. Michael's Hospital,new_ed_attendances,1973,False
2022,1,2022-01-01,St. Michael's Hospital,return_ed_attendances,104,True
2022,2,2022-02-01,St. Michael's Hospital,return_ed_attendances,111,True
2022,3,2022-03-01,St. Michael's Hospital,return_ed_attendances,98,True
2022,4,2022-04-01,St. Michael's Hospital,return_ed_attendances,93,True
2022,5,2022-05-01,St. Michael's Hospital,return_ed_attendances,92,True
2022,6,2022-06-01,St. Michael's Hospital,return_ed_attendances,83,True
2022,7,2022-07-01,St. Michael's Hospital,return_ed_attendances,86,True
2022,8,2022-08-01,St. Michael's Hospital,return_ed_attendances,89,True
2022,9,2022-09-01,St. Michael's Hospital,return_ed_attendances,92,True
2022,10,2022-10-01,St. Michael's Hospital,return_ed_attendances,102,True
2022,11,2022-11-01,St. Michael's Hospital,return_ed_attendances,99,True
2022,12,2022-12-01,St. Michael's Hospital,return_ed_attendances,103,True
2023,1,2023-01-01,St. Michael's Hospital,return_ed_attendances,139,True
2023,2,2023-02-01,St. Michael's Hospital,return_ed_attendances,129,True
2023,3,2023-03-01,St. Michael's Hospital,return_ed_attendances,122,True
2023,4,2023-04-01,St. Michael's Hospital,return_ed_attendances,116,True
2023,5,2023-05-01,St. Michael's Hospital,return_ed_attendances,110,True
2023,6,2023-06-01,St. Michael's Hospital,return_ed_attendances,107,True
2023,7,2023-07-01,St. Michael's Hospital,return_ed_attendances,108,True
2023,8,2023-08-01,St. Michael's Hospital,return_ed_attendances,107,True
2023,9,2023-09-01,St. Michael's Hospital,return_ed_attendances,118,True
2023,10,2023-10-01,St. Michael's Hospital,return_ed_attendances,127,True
2023,11,2023-11-01,St. Michael's Hospital,return_ed_attendances,127,True
2023,12,2023-12-01,St. Michael's Hospital,return_ed_attendances,132,True
2024,1,2024-01-01,St. Michael's Hospital,return_ed_attendances,176,True
2024,2,2024-02-01,St. Michael's Hospital,return_ed_attendances,160,True
2024,3,2024-03-01,St. Michael's Hospital,return_ed_attendances,161,True
2024,4,2024-04-01,St. Michael's Hospital,return_ed_attendances,144,True
2024,5,2024-05-01,St. Michael's Hospital,return_ed_attendances,146,True
2024,6,2024-06-01,St. Michael's Hospital,return_ed_attendances,141,False
2024,7,2024-07-01,St. Michael's Hospital,return_ed_attendances,176,False
2024,8,2024-08-01,St. Michael's Hospital,return_ed_attendances,162,False
2024,9,2024-09-01,St. Michael's Hospital,return_ed_attendances,156,False
2022,1,2022-01-01,St. Vincent's University Hospital,all_emergency_presentations,5974,True
2022,2,2022-02-01,St. Vincent's University Hospital,all_emergency_presentations,5584,True
2022,3,2022-03-01,St. Vincent's University Hospital,all_emergency_presentations,5338,True
2022,4,2022-04-01,St. Vincent's University Hospital,all_emergency_presentations,4850,True
2022,5,2022-05-01,St. Vincent's University Hospital,all_emergency_presentations,4767,True
2022,6,2022-06-01,St. Vincent's University Hospital,all_emergency_presentations,4694,True
2022,7,2022-07-01,St. Vincent's University Hospital,all_emergency_presentations,4720,True
2022,8,2022-08-01,St. Vincent's University Hospital,all_emergency_presentations,4756,True
2022,9,2022-09-01,St. Vincent's University Hospital,all_emergency_presentations,5004,True
2022,10,2022-10-01,St. Vincent's University Hospital,all_emergency_presentations,5157,True
2022,11,2022-11-01,St. Vincent's University Hospital,all_emergency_presentations,5362,True
2022,12,2022-12-01,St. Vincent's University Hospital,all_emergency_presentations,5579,True
2023,1,2023-01-01,St. Vincent's University Hospital,all_emergency_presentations,6508,True
2023,2,2023-02-01,St. Vincent's University Hospital,all_emergency_presentations,6101,True
2023,3,2023-03-01,St. Vincent's University Hospital,all_emergency_presentations,5477,True
2023,4,2023-04-01,St. Vincent's University Hospital,all_emergency_presentations,5265,True
2023,5,2023-05-01,St. Vincent's University Hospital,all_emergency_presentations,4950,True
2023,6,2023-06-01,St. Vincent's University Hospital,all_emergency_presentations,5012,True
2023,7,2023-07-01,St. Vincent's University Hospital,all_emergency_presentations,5002,True
2023,8,2023-08-01,St. Vincent's University Hospital,all_emergency_presentations,5036,True
2023,9,2023-09-01,St. Vincent's University Hospital,all_emergency_presentations,5334,True
2023,10,2023-10-01,St. Vincent's University Hospital,all_emergency_presentations,5165,True
2023,11,2023-11-01,St. Vincent's University Hospital,all_emergency_presentations,5492,True
2023,12,2023-12-01,St. Vincent's University Hospital,all_emergency_presentations,5683,True
2024,1,2024-01-01,St. Vincent's University Hospital,all_emergency_presentations,6539,True
2024,2,2024-02-01,St. Vincent's University Hospital,all_emergency_presentations,6617,True
2024,3,2024-03-01,St. Vincent's University Hospital,all_emergency_presentations,6181,True
2024,4,2024-04-01,St. Vincent's University Hospital,all_emergency_presentations,5511,True
2024,5,2024-05-01,St. Vincent's University Hospital,all_emergency_presentations,5320,True
2024,6,2024-06-01,St. Vincent's University Hospital,all_emergency_presentations,5373,False
2024,7,2024-07-01,St. Vincent's University Hospital,all_emergency_presentations,5655,False
2024,8,2024-08-01,St. Vincent's University Hospital,all_emergency_presentations,5603,False
2024,9,2024-09-01,St. Vincent's University Hospital,all_emergency_presentations,5579,False
2022,1,2022-01-01,St. Vincent's University Hospital,new_ed_attendances,1531,True
2022,2,2022-02-01,St. Vincent's University Hospital,new_ed_attendances,1535,True
2022,3,2022-03-01,St. Vincent's University Hospital,new_ed_attendances,1358,True
2022,4,2022-04-01,St. Vincent's University Hospital,new_ed_attendances,1227,True
2022,5,2022-05-01,St. Vincent's University Hospital,new_ed_attendances,1196,True
2022,6,2022-06-01,St. Vincent's University Hospital,new_ed_attendances,1219,True
2022,7,2022-07-01,St. Vincent's University Hospital,new_ed_attendances,1254,True
2022,8,2022-08-01,St. Vincent's University Hospital,new_ed_attendances,1236,True
2022,9,2022-09-01,St. Vincent's University Hospital,new_ed_attendances,1349,True
2022,10,2022-10-01,St. Vincent's University Hospital,new_ed_attendances,1295,True
2022,11,2022-11-01,St. Vincent's University Hospital,new_ed_attendances,1427,True
2022,12,2022-12-01,St. Vincent's University Hospital,new_ed_attendances,1428,True
2023,1,2023-01-01,St. Vincent's University Hospital,new_ed_attendances,2144,True
2023,2,2023-02-01,St. Vincent's University Hospital,new_ed_attendances,2115,True
2023,3,2023-03-01,St. Vincent's University Hospital,new_ed_attendances,1895,True
2023,4,2023-04-01,St. Vincent's University Hospital,new_ed_attendances,1795,True
2023,5,2023-05-01,St. Vincent's University Hospital,new_ed_attendances,1813,True
2023,6,2023-06-01,St. Vincent's University Hospital,new_ed_attendances,1675,True
2023,7,2023-07-01,St. Vincent's University Hospital,new_ed_attendances,1785,True
2023,8,2023-08-01,St. Vincent's University Hospital,new_ed_attendances,1719,True
2023,9,2023-09-01,St. Vincent's University Hospital,new_ed_attendances,1882,True
2023,10,2023-10-01,St. Vincent's University Hospital,new_ed_attendances,1991,True
2023,11,2023-11-01,St. Vincent's University Hospital,new_ed_attendances,1853,True
2023,12,2023-12-01,St. Vincent's University Hospital,new_ed_attendances,2026,True
2024,1,2024-01-01,St. Vincent's University Hospital,new_ed_attendances,10279,True
2024,2,2024-02-01,St. Vincent's University Hospital,new_ed_attendances,9702,True
2024,3,2024-03-01,St. Vincent's University Hospital,new_ed_attendances,9091,True
2024,4,2024-04-01,St. Vincent's University Hospital,new_ed_attendances,8239,True
2024,5,2024-05-01,St. Vincent's University Hospital,new_ed_attendances,8156,True
2024,6,2024-06-01,St. Vincent's University Hospital,new_ed_attendances,50946,False
2024,7,2024-07-01,St. Vincent's University Hospital,new_ed_attendances,11,False
2024,9,2024-09-01,St. Vincent's University Hospital,new_ed_attendances,14625,False
2022,1,2022-01-01,St. Vincent's University Hospital,return_ed_attendances,153,True
2022,2,2022-02-01,St. Vincent's University Hospital,return_ed_attendances,160,True
2022,3,2022-03-01,St. Vincent's University Hospital,return_ed_attendances,143,True
2022,4,2022-04-01,St. Vincent's University Hospital,return_ed_attendances,132,True
2022,5,2022-05-01,St. Vincent's University Hospital,return_ed_attendances,127,True
2022,6,2022-06-01,St. Vincent's University Hospital,return_ed_attendances,121,True
2022,7,2022-07-01,St. Vincent's University Hospital,return_ed_attendances,129,True
2022,8,2022-08-01,St. Vincent's University Hospital,return_ed_attendances,128,True
2022,9,2022-09-01,St. Vincent's University Hospital,return_ed_attendances,125,True
2022,10,2022-10-01,St. Vincent's University Hospital,return_ed_attendances,132,True
2022,11,2022-11-01,St. Vincent's University Hospital,return_ed_attendances,143,True
2022,12,2022-12-01,St. Vincent's University Hospital,return_ed_attendances,150,True
2023,1,2023-01-01,St. Vincent's University Hospital,return_ed_attendances,153,True
2023,2,2023-02-01,St. Vincent's University Hospital,return_ed_attendances,153,True
2023,3,2023-03-01,St. Vincent's University Hospital,return_ed_attendances,128,True
2023,4,2023-04-01,St. Vincent's University Hospital,return_ed_attendances,128,True
2023,5,2023-05-01,St. Vincent's University Hospital,return_ed_attendances,117,True
2023,6,2023-06-01,St. Vincent's University Hospital,return_ed_attendances,122,True
2023,7,2023-07-01,St. Vincent's University Hospital,return_ed_attendances,122,True
2023,8,2023-08-01,St. Vincent's University Hospital,return_ed_attendances,126,True
2023,9,2023-09-01,St. Vincent's University Hospital,return_ed_attendances,126,True
2023,10,2023-10-01,St. Vincent's University Hospital,return_ed_attendances,139,True
2023,11,2023-11-01,St. Vincent's University Hospital,return_ed_attendances,145,True
2023,12,2023-12-01,St. Vincent's University Hospital,return_ed_attendances,148,True
2024,1,2024-01-01,St. Vincent's University Hospital,return_ed_attendances,149,True
2024,2,2024-02-01,St. Vincent's University Hospital,return_ed_attendances,147,True
2024,3,2024-03-01,St. Vincent's University Hospital,return_ed_attendances,130,True
2024,4,2024-04-01,St. Vincent's University Hospital,return_ed_attendances,127,True
2024,5,2024-05-01,St. Vincent's University Hospital,return_ed_attendances,126,True
2024,6,2024-06-01,St. Vincent's University Hospital,return_ed_attendances,104,False
2024,7,2024-07-01,St. Vincent's University Hospital,return_ed_attendances,107,False
2024,8,2024-08-01,St. Vincent's University Hospital,return_ed_attendances,128,False
2024,9,2024-09-01,St. Vincent's University Hospital,return_ed_attendances,111,False
2022,1,2022-01-01,Tallaght University Hospital,all_emergency_presentations,4895,True
2022,2,2022-02-01,Tallaght University Hospital,all_emergency_presentations,4908,True
2022,3,2022-03-01,Tallaght University Hospital,all_emergency_presentations,4319,True
2022,4,2022-04-01,Tallaght University Hospital,all_emergency_presentations,4327,True
2022,5,2022-05-01,Tallaght University Hospital,all_emergency_presentations,3994,True
2022,6,2022-06-01,Tallaght University Hospital,all_emergency_presentations,3946,True
2022,7,2022-07-01,Tallaght University Hospital,all_emergency_presentations,4042,True
2022,8,2022-08-01,Tallaght University Hospital,all_emergency_presentations,4061,True
2022,9,2022-09-01,Tallaght University Hospital,all_emergency_presentations,4339,True
2022,10,2022-10-01,Tallaght University Hospital,all_emergency_presentations,4329,True
2022,11,2022-11-01,Tallaght University Hospital,all_emergency_presentations,4725,True
2022,12,2022-12-01,Tallaght University Hospital,all_emergency_presentations,4582,True
2023,1,2023-01-01,Tallaght University Hospital,all_emergency_presentations,5485,True
2023,2,2023-02-01,Tallaght University Hospital,all_emergency_presentations,5586,True
2023,3,2023-03-01,Tallaght University Hospital,all_emergency_presentations,4716,True
2023,4,2023-04-01,Tallaght University Hospital,all_emergency_presentations,4446,True
2023,5,2023-05-01,Tallaght University Hospital,all_emergency_presentations,4467,True
2023,6,2023-06-01,Tallaght University Hospital,all_emergency_presentations,4283,True
2023,7,2023-07-01,Tallaght University Hospital,all_emergency_presentations,4398,True
2023,8,2023-08-01,Tallaght University Hospital,all_emergency_presentations,4511,True
2023,9,2023-09-01,Tallaght University Hospital,all_emergency_presentations,4719,True
2023,10,2023-10-01,Tallaght University Hospital,all_emergency_presentations,4928,True
2023,11,2023-11-01,Tallaght University Hospital,all_emergency_presentations,5062,True
2023,12,2023-12-01,Tallaght University Hospital,all_emergency_presentations,5149,True
2024,1,2024-01-01,Tallaght University Hospital,all_emergency_presentations,6054,True
2024,2,2024-02-01,Tallaght University Hospital,all_emergency_presentations,6060,True
2024,3,2024-03-01,Tallaght University Hospital,all_emergency_presentations,5259,True
2024,4,2024-04-01,Tallaght University Hospital,all_emergency_presentations,4784,True
2024,5,2024-05-01,Tallaght University Hospital,all_emergency_presentations,4936,True
2024,6,2024-06-01,Tallaght University Hospital,all_emergency_presentations,4832,False
2024,7,2024-07-01,Tallaght University Hospital,all_emergency_presentations,5142,False
2024,8,2024-08-01,Tallaght University Hospital,all_emergency_presentations,4885,False
2024,9,2024-09-01,Tallaght University Hospital,all_emergency_presentations,5022,False
2022,1,2022-01-01,Tallaght University Hospital,new_ed_attendances,1382,True
2022,2,2022-02-01,Tallaght University Hospital,new_ed_attendances,1240,True
2022,3,2022-03-01,Tallaght University Hospital,new_ed_attendances,1158,True
2022,4,2022-04-01,Tallaght University Hospital,new_ed_attendances,1130,True
2022,5,2022-05-01,Tallaght University Hospital,new_ed_attendances,1095,True
2022,6,2022-06-01,Tallaght University Hospital,new_ed_attendances,1060,True
2022,7,2022-07-01,Tallaght University Hospital,new_ed_attendances,1190,True
2022,8,2022-08-01,Tallaght University Hospital,new_ed_attendances,1108,True
2022,9,2022-09-01,Tallaght University Hospital,new_ed_attendances,1174,True
2022,10,2022-10-01,Tallaght University Hospital,new_ed_attendances,1203,True
2022,11,2022-11-01,Tallaght University Hospital,new_ed_attendances,1250,True
2022,12,2022-12-01,Tallaght University Hospital,new_ed_attendances,1259,True
2023,1,2023-01-01,Tallaght University Hospital,new_ed_attendances,1918,True
2023,2,2023-02-01,Tallaght University Hospital,new_ed_attendances,1770,True
2023,3,2023-03-01,Tallaght University Hospital,new_ed_attendances,1657,True
2023,4,2023-04-01,Tallaght University Hospital,new_ed_attendances,1535,True
2023,5,2023-05-01,Tallaght University Hospital,new_ed_attendances,1513,True
2023,6,2023-06-01,Tallaght University Hospital,new_ed_attendances,1563,True
2023,7,2023-07-01,Tallaght University Hospital,new_ed_attendances,1410,True
2023,8,2023-08-01,Tallaght University Hospital,new_ed_attendances,1557,True
2023,9,2023-09-01,Tallaght University Hospital,new_ed_attendances,1512,True
2023,10,2023-10-01,Tallaght University Hospital,new_ed_attendances,1614,True
2023,11,2023-11-01,Tallaght University Hospital,new_ed_attendances,1772,True
2023,12,2023-12-01,Tallaght University Hospital,new_ed_attendances,1783,True
2024,1,2024-01-01,Tallaght University Hospital,new_ed_attendances,7642,True
2024,2,2024-02-01,Tallaght University Hospital,new_ed_attendances,7466,True
2024,3,2024-03-01,Tallaght University Hospital,new_ed_attendances,7170,True
2024,4,2024-04-01,Tallaght University Hospital,new_ed_attendances,6415,True
2024,5,2024-05-01,Tallaght University Hospital,new_ed_attendances,6399,True
2024,6,2024-06-01,Tallaght University Hospital,new_ed_attendances,42745,False
2024,7,2024-07-01,Tallaght University Hospital,new_ed_attendances,8,False
2024,8,2024-08-01,Tallaght University Hospital,new_ed_attendances,6,False
2024,9,2024-09-01,Tallaght University Hospital,new_ed_attendances,12631,False
2022,1,2022-01-01,Tallaght University Hospital,return_ed_attendances,650,True
2022,2,2022-02-01,Tallaght University Hospital,return_ed_attendances,621,True
2022,3,2022-03-01,Tallaght University Hospital,return_ed_attendances,569,True
2022,4,2022-04-01,Tallaght University Hospital,return_ed_attendances,546,True
2022,5,2022-05-01,Tallaght University Hospital,return_ed_attendances,500,True
2022,6,2022-06-01,Tallaght University Hospital,return_ed_attendances,519,True
2022,7,2022-07-01,Tallaght University Hospital,return_ed_attendances,512,True
2022,8,2022-08-01,Tallaght University Hospital,return_ed_attendances,512,True
2022,9,2022-09-01,Tallaght University Hospital,return_ed_attendances,544,True
2022,10,2022-10-01,Tallaght University Hospital,return_ed_attendances,590,True
2022,11,2022-11-01,Tallaght University Hospital,return_ed_attendances,586,True
2022,12,2022-12-01,Tallaght University Hospital,return_ed_attendances,624,True
2023,1,2023-01-01,Tallaght University Hospital,return_ed_attendances,688,True
2023,2,2023-02-01,Tallaght University Hospital,return_ed_attendances,695,True
2023,3,2023-03-01,Tallaght University Hospital,return_ed_attendances,639,True
2023,4,2023-04-01,Tallaght University Hospital,return_ed_attendances,617,True
2023,5,2023-05-01,Tallaght University Hospital,return_ed_attendances,563,True
2023,6,2023-06-01,Tallaght University Hospital,return_ed_attendances,559,True
2023,7,2023-07-01,Tallaght University Hospital,return_ed_attendances,562,True
2023,8,2023-08-01,Tallaght University Hospital,return_ed_attendances,594,True
2023,9,2023-09-01,Tallaght University Hospital,return_ed_attendances,583,True
2023,10,2023-10-01,Tallaght University Hospital,return_ed_attendances,628,True
2023,11,2023-11-01,Tallaght University Hospital,return_ed_attendances,640,True
2023,12,2023-12-01,Tallaght University Hospital,return_ed_attendances,666,True
2024,1,2024-01-01,Tallaght University Hospital,return_ed_attendances,762,True
2024,2,2024-02-01,Tallaght University Hospital,return_ed_attendances,740,True
2024,3,2024-03-01,Tallaght University Hospital,return_ed_attendances,674,True
2024,4,2024-04-01,Tallaght University Hospital,return_ed_attendances,635,True
2024,5,2024-05-01,Tallaght University Hospital,return_ed_attendances,641,True
2024,6,2024-06-01,Tallaght University Hospital,return_ed_attendances,649,False
2024,7,2024-07-01,Tallaght University Hospital,return_ed_attendances,650,False
2024,8,2024-08-01,Tallaght University Hospital,return_ed_attendances,625,False
2024,9,2024-09-01,Tallaght University Hospital,return_ed_attendances,673,False
2022,1,2022-01-01,Tipperary University Hospital,all_emergency_presentations,4194,True
2022,2,2022-02-01,Tipperary University Hospital,all_emergency_presentations,4313,True
2022,3,2022-03-01,Tipperary University Hospital,all_emergency_presentations,3845,True
2022,4,2022-04-01,Tipperary University Hospital,all_emergency_presentations,3589,True
2022,5,2022-05-01,Tipperary University Hospital,all_emergency_presentations,3592,True
2022,6,2022-06-01,Tipperary University Hospital,all_emergency_presentations,3432,True
2022,7,2022-07-01,Tipperary University Hospital,all_emergency_presentations,3531,True
2022,8,2022-08-01,Tipperary University Hospital,all_emergency_presentations,3648,True
2022,9,2022-09-01,Tipperary University Hospital,all_emergency_presentations,3656,True
2022,10,2022-10-01,Tipperary University Hospital,all_emergency_presentations,3734,True
2022,11,2022-11-01,Tipperary University Hospital,all_emergency_presentations,3859,True
2022,12,2022-12-01,Tipperary University Hospital,all_emergency_presentations,4034,True
2023,1,2023-01-01,Tipperary University Hospital,all_emergency_presentations,4976,True
2023,2,2023-02-01,Tipperary University Hospital,all_emergency_presentations,4582,True
2023,3,2023-03-01,Tipperary University Hospital,all_emergency_presentations,3903,True
2023,4,2023-04-01,Tipperary University Hospital,all_emergency_presentations,3646,True
2023,5,2023-05-01,Tipperary University Hospital,all_emergency_presentations,3734,True
2023,6,2023-06-01,Tipperary University Hospital,all_emergency_presentations,3623,True
2023,7,2023-07-01,Tipperary University Hospital,all_emergency_presentations,3702,True
2023,8,2023-08-01,Tipperary University Hospital,all_emergency_presentations,3691,True
2023,9,2023-09-01,Tipperary University Hospital,all_emergency_presentations,3860,True
2023,10,2023-10-01,Tipperary University Hospital,all_emergency_presentations,4030,True
2023,11,2023-11-01,Tipperary University Hospital,all_emergency_presentations,4195,True
2023,12,2023-12-01,Tipperary University Hospital,all_emergency_presentations,4050,True
2024,1,2024-01-01,Tipperary University Hospital,all_emergency_presentations,4763,True
2024,2,2024-02-01,Tipperary University Hospital,all_emergency_presentations,4515,True
2024,3,2024-03-01,Tipperary University Hospital,all_emergency_presentations,4290,True
2024,4,2024-04-01,Tipperary University Hospital,all_emergency_presentations,4340,True
2024,5,2024-05-01,Tipperary University Hospital,all_emergency_presentations,3904,True
2024,6,2024-06-01,Tipperary University Hospital,all_emergency_presentations,3892,False
2024,7,2024-07-01,Tipperary University Hospital,all_emergency_presentations,4010,False
2024,8,2024-08-01,Tipperary University Hospital,all_emergency_presentations,3798,False
2024,9,2024-09-01,Tipperary University Hospital,all_emergency_presentations,4049,False
2022,1,2022-01-01,Tipperary University Hospital,new_ed_attendances,823,True
2022,2,2022-02-01,Tipperary University Hospital,new_ed_attendances,919,True
2022,3,2022-03-01,Tipperary University Hospital,new_ed_attendances,759,True
2022,4,2022-04-01,Tipperary University Hospital,new_ed_attendances,703,True
2022,5,2022-05-01,Tipperary University Hospital,new_ed_attendances,739,True
2022,6,2022-06-01,Tipperary University Hospital,new_ed_attendances,745,True
2022,7,2022-07-01,Tipperary University Hospital,new_ed_attendances,738,True
2022,8,2022-08-01,Tipperary University Hospital,new_ed_attendances,736,True
2022,9,2022-09-01,Tipperary University Hospital,new_ed_attendances,768,True
2022,10,2022-10-01,Tipperary University Hospital,new_ed_attendances,797,True
2022,11,2022-11-01,Tipperary University Hospital,new_ed_attendances,833,True
2022,12,2022-12-01,Tipperary University Hospital,new_ed_attendances,852,True
2023,1,2023-01-01,Tipperary University Hospital,new_ed_attendances,1250,True
2023,2,2023-02-01,Tipperary University Hospital,new_ed_attendances,1202,True
2023,3,2023-03-01,Tipperary University Hospital,new_ed_attendances,1084,True
2023,4,2023-04-01,Tipperary University Hospital,new_ed_attendances,1026,True
2023,5,2023-05-01,Tipperary University Hospital,new_ed_attendances,952,True
2023,6,2023-06-01,Tipperary University Hospital,new_ed_attendances,969,True
2023,7,2023-07-01,Tipperary University Hospital,new_ed_attendances,963,True
2023,8,2023-08-01,Tipperary University Hospital,new_ed_attendances,980,True
2023,9,2023-09-01,Tipperary University Hospital,new_ed_attendances,1062,True
2023,10,2023-10-01,Tipperary University Hospital,new_ed_attendances,1133,True
2023,11,2023-11-01,Tipperary University Hospital,new_ed_attendances,1172,True
2023,12,2023-12-01,Tipperary University Hospital,new_ed_attendances,1127,True
2024,1,2024-01-01,Tipperary University Hospital,new_ed_attendances,3070,True
2024,2,2024-02-01,Tipperary University Hospital,new_ed_attendances,3143,True
2024,3,2024-03-01,Tipperary University Hospital,new_ed_attendances,2732,True
2024,4,2024-04-01,Tipperary University Hospital,new_ed_attendances,2610,True
2024,5,2024-05-01,Tipperary University Hospital,new_ed_attendances,2589,True
2024,6,2024-06-01,Tipperary University Hospital,new_ed_attendances,15249,False
2024,9,2024-09-01,Tipperary University Hospital,new_ed_attendances,8463,False
2022,1,2022-01-01,Tipperary University Hospital,return_ed_attendances,540,True
2022,2,2022-02-01,Tipperary University Hospital,return_ed_attendances,520,True
2022,3,2022-03-01,Tipperary University Hospital,return_ed_attendances,486,True
2022,4,2022-04-01,Tipperary University Hospital,return_ed_attendances,469,True
2022,5,2022-05-01,Tipperary University Hospital,return_ed_attendances,447,True
2022,6,2022-06-01,Tipperary University Hospital,return_ed_attendances,408,True
2022,7,2022-07-01,Tipperary University Hospital,return_ed_attendances,449,True
2022,8,2022-08-01,Tipperary University Hospital,return_ed_attendances,444,True
2022,9,2022-09-01,Tipperary University Hospital,return_ed_attendances,468,True
2022,10,2022-10-01,Tipperary University Hospital,return_ed_attendances,493,True
2022,11,2022-11-01,Tipperary University Hospital,return_ed_attendances,479,True
2022,12,2022-12-01,Tipperary University Hospital,return_ed_attendances,513,True
2023,1,2023-01-01,Tipperary University Hospital,return_ed_attendances,564,True
2023,2,2023-02-01,Tipperary University Hospital,return_ed_attendances,528,True
2023,3,2023-03-01,Tipperary University Hospital,return_ed_attendances,515,True
2023,4,2023-04-01,Tipperary University Hospital,return_ed_attendances,512,True
2023,5,2023-05-01,Tipperary University Hospital,return_ed_attendances,436,True
2023,6,2023-06-01,Tipperary University Hospital,return_ed_attendances,446,True
2023,7,2023-07-01,Tipperary University Hospital,return_ed_attendances,465,True
2023,8,2023-08-01,Tipperary University Hospital,return_ed_attendances,468,True
2023,9,2023-09-01,Tipperary University Hospital,return_ed_attendances,484,True
2023,10,2023-10-01,Tipperary University Hospital,return_ed_attendances,481,True
2023,11,2023-11-01,Tipperary University Hospital,return_ed_attendances,528,True
2023,12,2023-12-01,Tipperary University Hospital,return_ed_attendances,532,True
2024,1,2024-01-01,Tipperary University Hospital,return_ed_attendances,567,True
2024,2,2024-02-01,Tipperary University Hospital,return_ed_attendances,607,True
2024,3,2024-03-01,Tipperary University Hospital,return_ed_attendances,556,True
2024,4,2024-04-01,Tipperary University Hospital,return_ed_attendances,505,True
2024,5,2024-05-01,Tipperary University Hospital,return_ed_attendances,492,True
2024,6,2024-06-01,Tipperary University Hospital,return_ed_attendances,509,False
2024,7,2024-07-01,Tipperary University Hospital,return_ed_attendances,546,False
2024,8,2024-08-01,Tipperary University Hospital,return_ed_attendances,486,False
2024,9,2024-09-01,Tipperary University Hospital,return_ed_attendances,502,False
2022,1,2022-01-01,Total Children's Health Ireland,return_ed_attendances,293,True
2022,2,2022-02-01,Total Children's Health Ireland,return_ed_attendances,286,True
2022,3,2022-03-01,Total Children's Health Ireland,return_ed_attendances,252,True
2022,4,2022-04-01,Total Children's Health Ireland,return_ed_attendances,239,True
2022,5,2022-05-01,Total Children's Health Ireland,return_ed_attendances,225,True
2022,6,2022-06-01,Total Children's Health Ireland,return_ed_attendances,208,True
2022,7,2022-07-01,Total Children's Health Ireland,return_ed_attendances,231,True
2022,8,2022-08-01,Total Children's Health Ireland,return_ed_attendances,239,True
2022,9,2022-09-01,Total Children's Health Ireland,return_ed_attendances,246,True
2022,10,2022-10-01,Total Children's Health Ireland,return_ed_attendances,237,True
2022,11,2022-11-01,Total Children's Health Ireland,return_ed_attendances,261,True
2022,12,2022-12-01,Total Children's Health Ireland,return_ed_attendances,256,True
2023,1,2023-01-01,Total Children's Health Ireland,return_ed_attendances,421,True
2023,2,2023-02-01,Total Children's Health Ireland,return_ed_attendances,378,True
2023,3,2023-03-01,Total Children's Health Ireland,return_ed_attendances,373,True
2023,4,2023-04-01,Total Children's Health Ireland,return_ed_attendances,345,True
2023,5,2023-05-01,Total Children's Health Ireland,return_ed_attendances,316,True
2023,6,2023-06-01,Total Children's Health Ireland,return_ed_attendances,304,True
2023,7,2023-07-01,Total Children's Health Ireland,return_ed_attendances,325,True
2023,8,2023-08-01,Total Children's Health Ireland,return_ed_attendances,320,True
2023,9,2023-09-01,Total Children's Health Ireland,return_ed_attendances,343,True
2023,10,2023-10-01,Total Children's Health Ireland,return_ed_attendances,348,True
2023,11,2023-11-01,Total Children's Health Ireland,return_ed_attendances,350,True
2023,12,2023-12-01,Total Children's Health Ireland,return_ed_attendances,358,True
2024,1,2024-01-01,Total Children's Health Ireland,return_ed_attendances,596,True
2024,2,2024-02-01,Total Children's Health Ireland,return_ed_attendances,563,True
2024,3,2024-03-01,Total Children's Health Ireland,return_ed_attendances,518,True
2024,4,2024-04-01,Total Children's Health Ireland,return_ed_attendances,502,True
2024,5,2024-05-01,Total Children's Health Ireland,return_ed_attendances,494,True
2024,6,2024-06-01,Total Children's Health Ireland,return_ed_attendances,409,False
2024,7,2024-07-01,Total Children's Health Ireland,return_ed_attendances,915,False
2024,8,2024-08-01,Total Children's Health Ireland,return_ed_attendances,10,False
2024,9,2024-09-01,Total Children's Health Ireland,return_ed_attendances,5115,False
2022,1,2022-01-01,Total Dublin Midlands Hospital Group,return_ed_attendances,935,True
2022,2,2022-02-01,Total Dublin Midlands Hospital Group,return_ed_attendances,902,True
2022,3,2022-03-01,Total Dublin Midlands Hospital Group,return_ed_attendances,852,True
2022,4,2022-04-01,Total Dublin Midlands Hospital Group,return_ed_attendances,751,True
2022,5,2022-05-01,Total Dublin Midlands Hospital Group,return_ed_attendances,764,True
2022,6,2022-06-01,Total Dublin Midlands Hospital Group,return_ed_attendances,747,True
2022,7,2022-07-01,Total Dublin Midlands Hospital Group,return_ed_attendances,766,True
2022,8,2022-08-01,Total Dublin Midlands Hospital Group,return_ed_attendances,723,True
2022,9,2022-09-01,Total Dublin Midlands Hospital Group,return_ed_attendances,781,True
2022,10,2022-10-01,Total Dublin Midlands Hospital Group,return_ed_attendances,801,True
2022,11,2022-11-01,Total Dublin Midlands Hospital Group,return_ed_attendances,866,True
2022,12,2022-12-01,Total Dublin Midlands Hospital Group,return_ed_attendances,908,True
2023,1,2023-01-01,Total Dublin Midlands Hospital Group,return_ed_attendances,1379,True
2023,2,2023-02-01,Total Dublin Midlands Hospital Group,return_ed_attendances,1256,True
2023,3,2023-03-01,Total Dublin Midlands Hospital Group,return_ed_attendances,1157,True
2023,4,2023-04-01,Total Dublin Midlands Hospital Group,return_ed_attendances,1134,True
2023,5,2023-05-01,Total Dublin Midlands Hospital Group,return_ed_attendances,1072,True
2023,6,2023-06-01,Total Dublin Midlands Hospital Group,return_ed_attendances,1068,True
2023,7,2023-07-01,Total Dublin Midlands Hospital Group,return_ed_attendances,1061,True
2023,8,2023-08-01,Total Dublin Midlands Hospital Group,return_ed_attendances,1037,True
2023,9,2023-09-01,Total Dublin Midlands Hospital Group,return_ed_attendances,1074,True
2023,10,2023-10-01,Total Dublin Midlands Hospital Group,return_ed_attendances,1099,True
2023,11,2023-11-01,Total Dublin Midlands Hospital Group,return_ed_attendances,1232,True
2023,12,2023-12-01,Total Dublin Midlands Hospital Group,return_ed_attendances,1298,True
2024,1,2024-01-01,Total Dublin Midlands Hospital Group,return_ed_attendances,2086,True
2024,2,2024-02-01,Total Dublin Midlands Hospital Group,return_ed_attendances,1957,True
2024,3,2024-03-01,Total Dublin Midlands Hospital Group,return_ed_attendances,1820,True
2024,4,2024-04-01,Total Dublin Midlands Hospital Group,return_ed_attendances,1613,True
2024,5,2024-05-01,Total Dublin Midlands Hospital Group,return_ed_attendances,1536,True
2024,6,2024-06-01,Total Dublin Midlands Hospital Group,return_ed_attendances,1648,False
2024,7,2024-07-01,Total Dublin Midlands Hospital Group,return_ed_attendances,3339,False
2024,8,2024-08-01,Total Dublin Midlands Hospital Group,return_ed_attendances,12,False
2024,9,2024-09-01,Total Dublin Midlands Hospital Group,return_ed_attendances,16551,False
2022,1,2022-01-01,Total Ireland East Hospital Group,return_ed_attendances,893,True
2022,2,2022-02-01,Total Ireland East Hospital Group,return_ed_attendances,852,True
2022,3,2022-03-01,Total Ireland East Hospital Group,return_ed_attendances,777,True
2022,4,2022-04-01,Total Ireland East Hospital Group,return_ed_attendances,731,True
2022,5,2022-05-01,Total Ireland East Hospital Group,return_ed_attendances,708,True
2022,6,2022-06-01,Total Ireland East Hospital Group,return_ed_attendances,705,True
2022,7,2022-07-01,Total Ireland East Hospital Group,return_ed_attendances,720,True
2022,8,2022-08-01,Total Ireland East Hospital Group,return_ed_attendances,720,True
2022,9,2022-09-01,Total Ireland East Hospital Group,return_ed_attendances,756,True
2022,10,2022-10-01,Total Ireland East Hospital Group,return_ed_attendances,772,True
2022,11,2022-11-01,Total Ireland East Hospital Group,return_ed_attendances,786,True
2022,12,2022-12-01,Total Ireland East Hospital Group,return_ed_attendances,845,True
2023,1,2023-01-01,Total Ireland East Hospital Group,return_ed_attendances,1168,True
2023,2,2023-02-01,Total Ireland East Hospital Group,return_ed_attendances,1215,True
2023,3,2023-03-01,Total Ireland East Hospital Group,return_ed_attendances,1046,True
2023,4,2023-04-01,Total Ireland East Hospital Group,return_ed_attendances,1021,True
2023,5,2023-05-01,Total Ireland East Hospital Group,return_ed_attendances,956,True
2023,6,2023-06-01,Total Ireland East Hospital Group,return_ed_attendances,966,True
2023,7,2023-07-01,Total Ireland East Hospital Group,return_ed_attendances,970,True
2023,8,2023-08-01,Total Ireland East Hospital Group,return_ed_attendances,944,True
2023,9,2023-09-01,Total Ireland East Hospital Group,return_ed_attendances,1046,True
2023,10,2023-10-01,Total Ireland East Hospital Group,return_ed_attendances,1045,True
2023,11,2023-11-01,Total Ireland East Hospital Group,return_ed_attendances,1145,True
2023,12,2023-12-01,Total Ireland East Hospital Group,return_ed_attendances,1157,True
2024,1,2024-01-01,Total Ireland East Hospital Group,return_ed_attendances,1813,True
2024,2,2024-02-01,Total Ireland East Hospital Group,return_ed_attendances,1681,True
2024,3,2024-03-01,Total Ireland East Hospital Group,return_ed_attendances,1566,True
2024,4,2024-04-01,Total Ireland East Hospital Group,return_ed_attendances,1467,True
2024,5,2024-05-01,Total Ireland East Hospital Group,return_ed_attendances,1479,True
2024,6,2024-06-01,Total Ireland East Hospital Group,return_ed_attendances,1269,False
2024,7,2024-07-01,Total Ireland East Hospital Group,return_ed_attendances,3289,False
2024,8,2024-08-01,Total Ireland East Hospital Group,return_ed_attendances,10,False
2024,9,2024-09-01,Total Ireland East Hospital Group,return_ed_attendances,14888,False
2022,1,2022-01-01,Total RCSI Hospitals Group,return_ed_attendances,1198,True
2022,2,2022-02-01,Total RCSI Hospitals Group,return_ed_attendances,1075,True
2022,3,2022-03-01,Total RCSI Hospitals Group,return_ed_attendances,1047,True
2022,4,2022-04-01,Total RCSI Hospitals Group,return_ed_attendances,885,True
2022,5,2022-05-01,Total RCSI Hospitals Group,return_ed_attendances,885,True
2022,6,2022-06-01,Total RCSI Hospitals Group,return_ed_attendances,863,True
2022,7,2022-07-01,Total RCSI Hospitals Group,return_ed_attendances,871,True
2022,8,2022-08-01,Total RCSI Hospitals Group,return_ed_attendances,884,True
2022,9,2022-09-01,Total RCSI Hospitals Group,return_ed_attendances,978,True
2022,10,2022-10-01,Total RCSI Hospitals Group,return_ed_attendances,989,True
2022,11,2022-11-01,Total RCSI Hospitals Group,return_ed_attendances,1056,True
2022,12,2022-12-01,Total RCSI Hospitals Group,return_ed_attendances,1105,True
2023,1,2023-01-01,Total RCSI Hospitals Group,return_ed_attendances,1609,True
2023,2,2023-02-01,Total RCSI Hospitals Group,return_ed_attendances,1573,True
2023,3,2023-03-01,Total RCSI Hospitals Group,return_ed_attendances,1418,True
2023,4,2023-04-01,Total RCSI Hospitals Group,return_ed_attendances,1279,True
2023,5,2023-05-01,Total RCSI Hospitals Group,return_ed_attendances,1326,True
2023,6,2023-06-01,Total RCSI Hospitals Group,return_ed_attendances,1223,True
2023,7,2023-07-01,Total RCSI Hospitals Group,return_ed_attendances,1236,True
2023,8,2023-08-01,Total RCSI Hospitals Group,return_ed_attendances,1292,True
2023,9,2023-09-01,Total RCSI Hospitals Group,return_ed_attendances,1316,True
2023,10,2023-10-01,Total RCSI Hospitals Group,return_ed_attendances,1376,True
2023,11,2023-11-01,Total RCSI Hospitals Group,return_ed_attendances,1476,True
2023,12,2023-12-01,Total RCSI Hospitals Group,return_ed_attendances,1531,True
2024,1,2024-01-01,Total RCSI Hospitals Group,return_ed_attendances,2199,True
2024,2,2024-02-01,Total RCSI Hospitals Group,return_ed_attendances,2151,True
2024,3,2024-03-01,Total RCSI Hospitals Group,return_ed_attendances,2076,True
2024,4,2024-04-01,Total RCSI Hospitals Group,return_ed_attendances,1905,True
2024,5,2024-05-01,Total RCSI Hospitals Group,return_ed_attendances,1933,True
2024,6,2024-06-01,Total RCSI Hospitals Group,return_ed_attendances,1001,False
2024,7,2024-07-01,Total RCSI Hospitals Group,return_ed_attendances,3471,False
2024,8,2024-08-01,Total RCSI Hospitals Group,return_ed_attendances,6,False
2024,9,2024-09-01,Total RCSI Hospitals Group,return_ed_attendances,18896,False
2022,1,2022-01-01,Total Saolta University Hospital Care,return_ed_attendances,824,True
2022,2,2022-02-01,Total Saolta University Hospital Care,return_ed_attendances,795,True
2022,3,2022-03-01,Total Saolta University Hospital Care,return_ed_attendances,678,True
2022,4,2022-04-01,Total Saolta University Hospital Care,return_ed_attendances,676,True
2022,5,2022-05-01,Total Saolta University Hospital Care,return_ed_attendances,639,True
2022,6,2022-06-01,Total Saolta University Hospital Care,return_ed_attendances,610,True
2022,7,2022-07-01,Total Saolta University Hospital Care,return_ed_attendances,637,True
2022,8,2022-08-01,Total Saolta University Hospital Care,return_ed_attendances,666,True
2022,9,2022-09-01,Total Saolta University Hospital Care,return_ed_attendances,684,True
2022,10,2022-10-01,Total Saolta University Hospital Care,return_ed_attendances,676,True
2022,11,2022-11-01,Total Saolta University Hospital Care,return_ed_attendances,744,True
2022,12,2022-12-01,Total Saolta University Hospital Care,return_ed_attendances,741,True
2023,1,2023-01-01,Total Saolta University Hospital Care,return_ed_attendances,1121,True
2023,2,2023-02-01,Total Saolta University Hospital Care,return_ed_attendances,1066,True
2023,3,2023-03-01,Total Saolta University Hospital Care,return_ed_attendances,985,True
2023,4,2023-04-01,Total Saolta University Hospital Care,return_ed_attendances,946,True
2023,5,2023-05-01,Total Saolta University Hospital Care,return_ed_attendances,869,True
2023,6,2023-06-01,Total Saolta University Hospital Care,return_ed_attendances,919,True
2023,7,2023-07-01,Total Saolta University Hospital Care,return_ed_attendances,839,True
2023,8,2023-08-01,Total Saolta University Hospital Care,return_ed_attendances,890,True
2023,9,2023-09-01,Total Saolta University Hospital Care,return_ed_attendances,954,True
2023,10,2023-10-01,Total Saolta University Hospital Care,return_ed_attendances,989,True
2023,11,2023-11-01,Total Saolta University Hospital Care,return_ed_attendances,1016,True
2023,12,2023-12-01,Total Saolta University Hospital Care,return_ed_attendances,1055,True
2024,1,2024-01-01,Total Saolta University Hospital Care,return_ed_attendances,1581,True
2024,2,2024-02-01,Total Saolta University Hospital Care,return_ed_attendances,1498,True
2024,3,2024-03-01,Total Saolta University Hospital Care,return_ed_attendances,1447,True
2024,4,2024-04-01,Total Saolta University Hospital Care,return_ed_attendances,1329,True
2024,5,2024-05-01,Total Saolta University Hospital Care,return_ed_attendances,1290,True
2024,6,2024-06-01,Total Saolta University Hospital Care,return_ed_attendances,582,False
2024,7,2024-07-01,Total Saolta University Hospital Care,return_ed_attendances,2656,False
2024,8,2024-08-01,Total Saolta University Hospital Care,return_ed_attendances,5,False
2024,9,2024-09-01,Total Saolta University Hospital Care,return_ed_attendances,13227,False
2022,1,2022-01-01,Total South/South West Hospital Group,return_ed_attendances,624,True
2022,2,2022-02-01,Total South/South West Hospital Group,return_ed_attendances,620,True
2022,3,2022-03-01,Total South/South West Hospital Group,return_ed_attendances,567,True
2022,4,2022-04-01,Total South/South West Hospital Group,return_ed_attendances,518,True
2022,5,2022-05-01,Total South/South West Hospital Group,return_ed_attendances,523,True
2022,6,2022-06-01,Total South/South West Hospital Group,return_ed_attendances,493,True
2022,7,2022-07-01,Total South/South West Hospital Group,return_ed_attendances,522,True
2022,8,2022-08-01,Total South/South West Hospital Group,return_ed_attendances,506,True
2022,9,2022-09-01,Total South/South West Hospital Group,return_ed_attendances,573,True
2022,10,2022-10-01,Total South/South West Hospital Group,return_ed_attendances,546,True
2022,11,2022-11-01,Total South/South West Hospital Group,return_ed_attendances,592,True
2022,12,2022-12-01,Total South/South West Hospital Group,return_ed_attendances,625,True
2023,1,2023-01-01,Total South/South West Hospital Group,return_ed_attendances,885,True
2023,2,2023-02-01,Total South/South West Hospital Group,return_ed_attendances,892,True
2023,3,2023-03-01,Total South/South West Hospital Group,return_ed_attendances,771,True
2023,4,2023-04-01,Total South/South West Hospital Group,return_ed_attendances,780,True
2023,5,2023-05-01,Total South/South West Hospital Group,return_ed_attendances,725,True
2023,6,2023-06-01,Total South/South West Hospital Group,return_ed_attendances,689,True
2023,7,2023-07-01,Total South/South West Hospital Group,return_ed_attendances,710,True
2023,8,2023-08-01,Total South/South West Hospital Group,return_ed_attendances,750,True
2023,9,2023-09-01,Total South/South West Hospital Group,return_ed_attendances,749,True
2023,10,2023-10-01,Total South/South West Hospital Group,return_ed_attendances,768,True
2023,11,2023-11-01,Total South/South West Hospital Group,return_ed_attendances,818,True
2023,12,2023-12-01,Total South/South West Hospital Group,return_ed_attendances,824,True
2024,1,2024-01-01,Total South/South West Hospital Group,return_ed_attendances,1391,True
2024,2,2024-02-01,Total South/South West Hospital Group,return_ed_attendances,1253,True
2024,3,2024-03-01,Total South/South West Hospital Group,return_ed_attendances,1203,True
2024,4,2024-04-01,Total South/South West Hospital Group,return_ed_attendances,1103,True
2024,5,2024-05-01,Total South/South West Hospital Group,return_ed_attendances,1031,True
2024,6,2024-06-01,Total South/South West Hospital Group,return_ed_attendances,911,False
2024,7,2024-07-01,Total South/South West Hospital Group,return_ed_attendances,2422,False
2024,8,2024-08-01,Total South/South West Hospital Group,return_ed_attendances,10,False
2024,9,2024-09-01,Total South/South West Hospital Group,return_ed_attendances,11307,False
2022,1,2022-01-01,Total University of Limerick Hospital Group,return_ed_attendances,367,True
2022,2,2022-02-01,Total University of Limerick Hospital Group,return_ed_attendances,363,True
2022,3,2022-03-01,Total University of Limerick Hospital Group,return_ed_attendances,325,True
2022,4,2022-04-01,Total University of Limerick Hospital Group,return_ed_attendances,316,True
2022,5,2022-05-01,Total University of Limerick Hospital Group,return_ed_attendances,304,True
2022,6,2022-06-01,Total University of Limerick Hospital Group,return_ed_attendances,294,True
2022,7,2022-07-01,Total University of Limerick Hospital Group,return_ed_attendances,288,True
2022,8,2022-08-01,Total University of Limerick Hospital Group,return_ed_attendances,289,True
2022,9,2022-09-01,Total University of Limerick Hospital Group,return_ed_attendances,305,True
2022,10,2022-10-01,Total University of Limerick Hospital Group,return_ed_attendances,322,True
2022,11,2022-11-01,Total University of Limerick Hospital Group,return_ed_attendances,341,True
2022,12,2022-12-01,Total University of Limerick Hospital Group,return_ed_attendances,325,True
2023,1,2023-01-01,Total University of Limerick Hospital Group,return_ed_attendances,513,True
2023,2,2023-02-01,Total University of Limerick Hospital Group,return_ed_attendances,498,True
2023,3,2023-03-01,Total University of Limerick Hospital Group,return_ed_attendances,453,True
2023,4,2023-04-01,Total University of Limerick Hospital Group,return_ed_attendances,443,True
2023,5,2023-05-01,Total University of Limerick Hospital Group,return_ed_attendances,419,True
2023,6,2023-06-01,Total University of Limerick Hospital Group,return_ed_attendances,416,True
2023,7,2023-07-01,Total University of Limerick Hospital Group,return_ed_attendances,406,True
2023,8,2023-08-01,Total University of Limerick Hospital Group,return_ed_attendances,430,True
2023,9,2023-09-01,Total University of Limerick Hospital Group,return_ed_attendances,457,True
2023,10,2023-10-01,Total University of Limerick Hospital Group,return_ed_attendances,466,True
2023,11,2023-11-01,Total University of Limerick Hospital Group,return_ed_attendances,455,True
2023,12,2023-12-01,Total University of Limerick Hospital Group,return_ed_attendances,484,True
2024,1,2024-01-01,Total University of Limerick Hospital Group,return_ed_attendances,751,True
2024,2,2024-02-01,Total University of Limerick Hospital Group,return_ed_attendances,743,True
2024,3,2024-03-01,Total University of Limerick Hospital Group,return_ed_attendances,689,True
2024,4,2024-04-01,Total University of Limerick Hospital Group,return_ed_attendances,614,True
2024,5,2024-05-01,Total University of Limerick Hospital Group,return_ed_attendances,612,True
2024,6,2024-06-01,Total University of Limerick Hospital Group,return_ed_attendances,563,False
2024,7,2024-07-01,Total University of Limerick Hospital Group,return_ed_attendances,1638,False
2024,8,2024-08-01,Total University of Limerick Hospital Group,return_ed_attendances,11,False
2024,9,2024-09-01,Total University of Limerick Hospital Group,return_ed_attendances,6310,False
2022,1,2022-01-01,University Hospital Kerry,all_emergency_presentations,4086,True
2022,2,2022-02-01,University Hospital Kerry,all_emergency_presentations,4095,True
2022,3,2022-03-01,University Hospital Kerry,all_emergency_presentations,3723,True
2022,4,2022-04-01,University Hospital Kerry,all_emergency_presentations,3469,True
2022,5,2022-05-01,University Hospital Kerry,all_emergency_presentations,3381,True
2022,6,2022-06-01,University Hospital Kerry,all_emergency_presentations,3414,True
2022,7,2022-07-01,University Hospital Kerry,all_emergency_presentations,3174,True
2022,8,2022-08-01,University Hospital Kerry,all_emergency_presentations,3403,True
2022,9,2022-09-01,University Hospital Kerry,all_emergency_presentations,3398,True
2022,10,2022-10-01,University Hospital Kerry,all_emergency_presentations,3660,True
2022,11,2022-11-01,University Hospital Kerry,all_emergency_presentations,3671,True
2022,12,2022-12-01,University Hospital Kerry,all_emergency_presentations,3866,True
2023,1,2023-01-01,University Hospital Kerry,all_emergency_presentations,4369,True
2023,2,2023-02-01,University Hospital Kerry,all_emergency_presentations,4384,True
2023,3,2023-03-01,University Hospital Kerry,all_emergency_presentations,4031,True
2023,4,2023-04-01,University Hospital Kerry,all_emergency_presentations,3524,True
2023,5,2023-05-01,University Hospital Kerry,all_emergency_presentations,3555,True
2023,6,2023-06-01,University Hospital Kerry,all_emergency_presentations,3364,True
2023,7,2023-07-01,University Hospital Kerry,all_emergency_presentations,3379,True
2023,8,2023-08-01,University Hospital Kerry,all_emergency_presentations,3563,True
2023,9,2023-09-01,University Hospital Kerry,all_emergency_presentations,3701,True
2023,10,2023-10-01,University Hospital Kerry,all_emergency_presentations,4128,True
2023,11,2023-11-01,University Hospital Kerry,all_emergency_presentations,4087,True
2023,12,2023-12-01,University Hospital Kerry,all_emergency_presentations,4011,True
2024,1,2024-01-01,University Hospital Kerry,all_emergency_presentations,4632,True
2024,2,2024-02-01,University Hospital Kerry,all_emergency_presentations,4692,True
2024,3,2024-03-01,University Hospital Kerry,all_emergency_presentations,4456,True
2024,4,2024-04-01,University Hospital Kerry,all_emergency_presentations,3727,True
2024,5,2024-05-01,University Hospital Kerry,all_emergency_presentations,3580,True
2024,6,2024-06-01,University Hospital Kerry,all_emergency_presentations,4048,False
2024,7,2024-07-01,University Hospital Kerry,all_emergency_presentations,4076,False
2024,8,2024-08-01,University Hospital Kerry,all_emergency_presentations,4127,False
2024,9,2024-09-01,University Hospital Kerry,all_emergency_presentations,3996,False
2022,1,2022-01-01,University Hospital Kerry,new_ed_attendances,1031,True
2022,2,2022-02-01,University Hospital Kerry,new_ed_attendances,1029,True
2022,3,2022-03-01,University Hospital Kerry,new_ed_attendances,907,True
2022,4,2022-04-01,University Hospital Kerry,new_ed_attendances,866,True
2022,5,2022-05-01,University Hospital Kerry,new_ed_attendances,863,True
2022,6,2022-06-01,University Hospital Kerry,new_ed_attendances,789,True
2022,7,2022-07-01,University Hospital Kerry,new_ed_attendances,857,True
2022,8,2022-08-01,University Hospital Kerry,new_ed_attendances,864,True
2022,9,2022-09-01,University Hospital Kerry,new_ed_attendances,915,True
2022,10,2022-10-01,University Hospital Kerry,new_ed_attendances,933,True
2022,11,2022-11-01,University Hospital Kerry,new_ed_attendances,1012,True
2022,12,2022-12-01,University Hospital Kerry,new_ed_attendances,1012,True
2023,1,2023-01-01,University Hospital Kerry,new_ed_attendances,1468,True
2023,2,2023-02-01,University Hospital Kerry,new_ed_attendances,1442,True
2023,3,2023-03-01,University Hospital Kerry,new_ed_attendances,1345,True
2023,4,2023-04-01,University Hospital Kerry,new_ed_attendances,1237,True
2023,5,2023-05-01,University Hospital Kerry,new_ed_attendances,1199,True
2023,6,2023-06-01,University Hospital Kerry,new_ed_attendances,1135,True
2023,7,2023-07-01,University Hospital Kerry,new_ed_attendances,1161,True
2023,8,2023-08-01,University Hospital Kerry,new_ed_attendances,1159,True
2023,9,2023-09-01,University Hospital Kerry,new_ed_attendances,1326,True
2023,10,2023-10-01,University Hospital Kerry,new_ed_attendances,1250,True
2023,11,2023-11-01,University Hospital Kerry,new_ed_attendances,1333,True
2023,12,2023-12-01,University Hospital Kerry,new_ed_attendances,1381,True
2024,1,2024-01-01,University Hospital Kerry,new_ed_attendances,3318,True
2024,2,2024-02-01,University Hospital Kerry,new_ed_attendances,3094,True
2024,3,2024-03-01,University Hospital Kerry,new_ed_attendances,2983,True
2024,4,2024-04-01,University Hospital Kerry,new_ed_attendances,2629,True
2024,5,2024-05-01,University Hospital Kerry,new_ed_attendances,2623,True
2024,6,2024-06-01,University Hospital Kerry,new_ed_attendances,17920,False
2024,7,2024-07-01,University Hospital Kerry,new_ed_attendances,16,False
2024,8,2024-08-01,University Hospital Kerry,new_ed_attendances,9,False
2024,9,2024-09-01,University Hospital Kerry,new_ed_attendances,9880,False
2022,1,2022-01-01,University Hospital Kerry,return_ed_attendances,519,True
2022,2,2022-02-01,University Hospital Kerry,return_ed_attendances,489,True
2022,3,2022-03-01,University Hospital Kerry,return_ed_attendances,460,True
2022,4,2022-04-01,University Hospital Kerry,return_ed_attendances,414,True
2022,5,2022-05-01,University Hospital Kerry,return_ed_attendances,421,True
2022,6,2022-06-01,University Hospital Kerry,return_ed_attendances,396,True
2022,7,2022-07-01,University Hospital Kerry,return_ed_attendances,403,True
2022,8,2022-08-01,University Hospital Kerry,return_ed_attendances,393,True
2022,9,2022-09-01,University Hospital Kerry,return_ed_attendances,430,True
2022,10,2022-10-01,University Hospital Kerry,return_ed_attendances,428,True
2022,11,2022-11-01,University Hospital Kerry,return_ed_attendances,451,True
2022,12,2022-12-01,University Hospital Kerry,return_ed_attendances,466,True
2023,1,2023-01-01,University Hospital Kerry,return_ed_attendances,536,True
2023,2,2023-02-01,University Hospital Kerry,return_ed_attendances,569,True
2023,3,2023-03-01,University Hospital Kerry,return_ed_attendances,512,True
2023,4,2023-04-01,University Hospital Kerry,return_ed_attendances,486,True
2023,5,2023-05-01,University Hospital Kerry,return_ed_attendances,429,True
2023,6,2023-06-01,University Hospital Kerry,return_ed_attendances,433,True
2023,7,2023-07-01,University Hospital Kerry,return_ed_attendances,424,True
2023,8,2023-08-01,University Hospital Kerry,return_ed_attendances,441,True
2023,9,2023-09-01,University Hospital Kerry,return_ed_attendances,456,True
2023,10,2023-10-01,University Hospital Kerry,return_ed_attendances,501,True
2023,11,2023-11-01,University Hospital Kerry,return_ed_attendances,501,True
2023,12,2023-12-01,University Hospital Kerry,return_ed_attendances,542,True
2024,1,2024-01-01,University Hospital Kerry,return_ed_attendances,621,True
2024,2,2024-02-01,University Hospital Kerry,return_ed_attendances,630,True
2024,3,2024-03-01,University Hospital Kerry,return_ed_attendances,519,True
2024,4,2024-04-01,University Hospital Kerry,return_ed_attendances,526,True
2024,5,2024-05-01,University Hospital Kerry,return_ed_attendances,508,True
2024,6,2024-06-01,University Hospital Kerry,return_ed_attendances,516,False
2024,7,2024-07-01,University Hospital Kerry,return_ed_attendances,498,False
2024,8,2024-08-01,University Hospital Kerry,return_ed_attendances,568,False
2024,9,2024-09-01,University Hospital Kerry,return_ed_attendances,457,False
2022,1,2022-01-01,University Hospital Limerick,all_emergency_presentations,7119,True
2022,2,2022-02-01,University Hospital Limerick,all_emergency_presentations,7294,True
2022,3,2022-03-01,University Hospital Limerick,all_emergency_presentations,6858,True
2022,4,2022-04-01,University Hospital Limerick,all_emergency_presentations,6226,True
2022,5,2022-05-01,University Hospital Limerick,all_emergency_presentations,6162,True
2022,6,2022-06-01,University Hospital Limerick,all_emergency_presentations,6127,True
2022,7,2022-07-01,University Hospital Limerick,all_emergency_presentations,6085,True
2022,8,2022-08-01,University Hospital Limerick,all_emergency_presentations,6074,True
2022,9,2022-09-01,University Hospital Limerick,all_emergency_presentations,6478,True
2022,10,2022-10-01,University Hospital Limerick,all_emergency_presentations,6497,True
2022,11,2022-11-01,University Hospital Limerick,all_emergency_presentations,6788,True
2022,12,2022-12-01,University Hospital Limerick,all_emergency_presentations,6960,True
2023,1,2023-01-01,University Hospital Limerick,all_emergency_presentations,8236,True
2023,2,2023-02-01,University Hospital Limerick,all_emergency_presentations,7413,True
2023,3,2023-03-01,University Hospital Limerick,all_emergency_presentations,7322,True
2023,4,2023-04-01,University Hospital Limerick,all_emergency_presentations,6631,True
2023,5,2023-05-01,University Hospital Limerick,all_emergency_presentations,6067,True
2023,6,2023-06-01,University Hospital Limerick,all_emergency_presentations,6201,True
2023,7,2023-07-01,University Hospital Limerick,all_emergency_presentations,5872,True
2023,8,2023-08-01,University Hospital Limerick,all_emergency_presentations,6520,True
2023,9,2023-09-01,University Hospital Limerick,all_emergency_presentations,6844,True
2023,10,2023-10-01,University Hospital Limerick,all_emergency_presentations,6745,True
2023,11,2023-11-01,University Hospital Limerick,all_emergency_presentations,7227,True
2023,12,2023-12-01,University Hospital Limerick,all_emergency_presentations,7904,True
2024,1,2024-01-01,University Hospital Limerick,all_emergency_presentations,8224,True
2024,2,2024-02-01,University Hospital Limerick,all_emergency_presentations,7811,True
2024,3,2024-03-01,University Hospital Limerick,all_emergency_presentations,7761,True
2024,4,2024-04-01,University Hospital Limerick,all_emergency_presentations,7343,True
2024,5,2024-05-01,University Hospital Limerick,all_emergency_presentations,6723,True
2024,6,2024-06-01,University Hospital Limerick,all_emergency_presentations,6907,False
2024,7,2024-07-01,University Hospital Limerick,all_emergency_presentations,7017,False
2024,8,2024-08-01,University Hospital Limerick,all_emergency_presentations,6947,False
2024,9,2024-09-01,University Hospital Limerick,all_emergency_presentations,7326,False
2022,1,2022-01-01,University Hospital Limerick,new_ed_attendances,2677,True
2022,2,2022-02-01,University Hospital Limerick,new_ed_attendances,2449,True
2022,3,2022-03-01,University Hospital Limerick,new_ed_attendances,2221,True
2022,4,2022-04-01,University Hospital Limerick,new_ed_attendances,2108,True
2022,5,2022-05-01,University Hospital Limerick,new_ed_attendances,1950,True
2022,6,2022-06-01,University Hospital Limerick,new_ed_attendances,1911,True
2022,7,2022-07-01,University Hospital Limerick,new_ed_attendances,2083,True
2022,8,2022-08-01,University Hospital Limerick,new_ed_attendances,2013,True
2022,9,2022-09-01,University Hospital Limerick,new_ed_attendances,2072,True
2022,10,2022-10-01,University Hospital Limerick,new_ed_attendances,2239,True
2022,11,2022-11-01,University Hospital Limerick,new_ed_attendances,2392,True
2022,12,2022-12-01,University Hospital Limerick,new_ed_attendances,2447,True
2023,1,2023-01-01,University Hospital Limerick,new_ed_attendances,3639,True
2023,2,2023-02-01,University Hospital Limerick,new_ed_attendances,3337,True
2023,3,2023-03-01,University Hospital Limerick,new_ed_attendances,3010,True
2023,4,2023-04-01,University Hospital Limerick,new_ed_attendances,3067,True
2023,5,2023-05-01,University Hospital Limerick,new_ed_attendances,2817,True
2023,6,2023-06-01,University Hospital Limerick,new_ed_attendances,2734,True
2023,7,2023-07-01,University Hospital Limerick,new_ed_attendances,2927,True
2023,8,2023-08-01,University Hospital Limerick,new_ed_attendances,2923,True
2023,9,2023-09-01,University Hospital Limerick,new_ed_attendances,3036,True
2023,10,2023-10-01,University Hospital Limerick,new_ed_attendances,3285,True
2023,11,2023-11-01,University Hospital Limerick,new_ed_attendances,3172,True
2023,12,2023-12-01,University Hospital Limerick,new_ed_attendances,3447,True
2024,1,2024-01-01,University Hospital Limerick,new_ed_attendances,9159,True
2024,2,2024-02-01,University Hospital Limerick,new_ed_attendances,8905,True
2024,3,2024-03-01,University Hospital Limerick,new_ed_attendances,8510,True
2024,4,2024-04-01,University Hospital Limerick,new_ed_attendances,7710,True
2024,5,2024-05-01,University Hospital Limerick,new_ed_attendances,7480,True
2024,6,2024-06-01,University Hospital Limerick,new_ed_attendances,46594,False
2024,7,2024-07-01,University Hospital Limerick,new_ed_attendances,4,False
2024,9,2024-09-01,University Hospital Limerick,new_ed_attendances,23965,False
2022,1,2022-01-01,University Hospital Limerick,return_ed_attendances,489,True
2022,2,2022-02-01,University Hospital Limerick,return_ed_attendances,476,True
2022,3,2022-03-01,University Hospital Limerick,return_ed_attendances,434,True
2022,4,2022-04-01,University Hospital Limerick,return_ed_attendances,379,True
2022,5,2022-05-01,University Hospital Limerick,return_ed_attendances,394,True
2022,6,2022-06-01,University Hospital Limerick,return_ed_attendances,405,True
2022,7,2022-07-01,University Hospital Limerick,return_ed_attendances,384,True
2022,8,2022-08-01,University Hospital Limerick,return_ed_attendances,388,True
2022,9,2022-09-01,University Hospital Limerick,return_ed_attendances,418,True
2022,10,2022-10-01,University Hospital Limerick,return_ed_attendances,429,True
2022,11,2022-11-01,University Hospital Limerick,return_ed_attendances,462,True
2022,12,2022-12-01,University Hospital Limerick,return_ed_attendances,445,True
2023,1,2023-01-01,University Hospital Limerick,return_ed_attendances,539,True
2023,2,2023-02-01,University Hospital Limerick,return_ed_attendances,519,True
2023,3,2023-03-01,University Hospital Limerick,return_ed_attendances,468,True
2023,4,2023-04-01,University Hospital Limerick,return_ed_attendances,443,True
2023,5,2023-05-01,University Hospital Limerick,return_ed_attendances,438,True
2023,6,2023-06-01,University Hospital Limerick,return_ed_attendances,422,True
2023,7,2023-07-01,University Hospital Limerick,return_ed_attendances,406,True
2023,8,2023-08-01,University Hospital Limerick,return_ed_attendances,440,True
2023,9,2023-09-01,University Hospital Limerick,return_ed_attendances,446,True
2023,10,2023-10-01,University Hospital Limerick,return_ed_attendances,462,True
2023,11,2023-11-01,University Hospital Limerick,return_ed_attendances,484,True
2023,12,2023-12-01,University Hospital Limerick,return_ed_attendances,499,True
2024,1,2024-01-01,University Hospital Limerick,return_ed_attendances,592,True
2024,2,2024-02-01,University Hospital Limerick,return_ed_attendances,551,True
2024,3,2024-03-01,University Hospital Limerick,return_ed_attendances,492,True
2024,4,2024-04-01,University Hospital Limerick,return_ed_attendances,469,True
2024,5,2024-05-01,University Hospital Limerick,return_ed_attendances,463,True
2024,6,2024-06-01,University Hospital Limerick,return_ed_attendances,496,False
2024,7,2024-07-01,University Hospital Limerick,return_ed_attendances,459,False
2024,8,2024-08-01,University Hospital Limerick,return_ed_attendances,452,False
2024,9,2024-09-01,University Hospital Limerick,return_ed_attendances,457,False
2022,1,2022-01-01,UH Waterford,all_emergency_presentations,7482,True
2022,2,2022-02-01,UH Waterford,all_emergency_presentations,6924,True
2022,3,2022-03-01,UH Waterford,all_emergency_presentations,6139,True
2022,4,2022-04-01,UH Waterford,all_emergency_presentations,5978,True
2022,5,2022-05-01,UH Waterford,all_emergency_presentations,5252,True
2022,6,2022-06-01,UH Waterford,all_emergency_presentations,5524,True
2022,7,2022-07-01,UH Waterford,all_emergency_presentations,5699,True
2022,8,2022-08-01,UH Waterford,all_emergency_presentations,5923,True
2022,9,2022-09-01,UH Waterford,all_emergency_presentations,5821,True
2022,10,2022-10-01,UH Waterford,all_emergency_presentations,6199,True
2022,11,2022-11-01,UH Waterford,all_emergency_presentations,6304,True
2022,12,2022-12-01,UH Waterford,all_emergency_presentations,6775,True
2023,1,2023-01-01,UH Waterford,all_emergency_presentations,6968,True
2023,2,2023-02-01,UH Waterford,all_emergency_presentations,6833,True
2023,3,2023-03-01,UH Waterford,all_emergency_presentations,6181,True
2023,4,2023-04-01,UH Waterford,all_emergency_presentations,6063,True
2023,5,2023-05-01,UH Waterford,all_emergency_presentations,5913,True
2023,6,2023-06-01,UH Waterford,all_emergency_presentations,5544,True
2023,7,2023-07-01,UH Waterford,all_emergency_presentations,5711,True
2023,8,2023-08-01,UH Waterford,all_emergency_presentations,5572,True
2023,9,2023-09-01,UH Waterford,all_emergency_presentations,6014,True
2023,10,2023-10-01,UH Waterford,all_emergency_presentations,6241,True
2023,11,2023-11-01,UH Waterford,all_emergency_presentations,7069,True
2023,12,2023-12-01,UH Waterford,all_emergency_presentations,6570,True
2024,1,2024-01-01,UH Waterford,all_emergency_presentations,7556,True
2024,2,2024-02-01,UH Waterford,all_emergency_presentations,7202,True
2024,3,2024-03-01,UH Waterford,all_emergency_presentations,6495,True
2024,4,2024-04-01,UH Waterford,all_emergency_presentations,6328,True
2024,5,2024-05-01,UH Waterford,all_emergency_presentations,5892,True
2024,6,2024-06-01,UH Waterford,all_emergency_presentations,6050,False
2024,7,2024-07-01,UH Waterford,all_emergency_presentations,6202,False
2024,8,2024-08-01,UH Waterford,all_emergency_presentations,6296,False
2024,9,2024-09-01,UH Waterford,all_emergency_presentations,6228,False
2022,1,2022-01-01,UH Waterford,new_ed_attendances,1494,True
2022,2,2022-02-01,UH Waterford,new_ed_attendances,1576,True
2022,3,2022-03-01,UH Waterford,new_ed_attendances,1315,True
2022,4,2022-04-01,UH Waterford,new_ed_attendances,1284,True
2022,5,2022-05-01,UH Waterford,new_ed_attendances,1257,True
2022,6,2022-06-01,UH Waterford,new_ed_attendances,1210,True
2022,7,2022-07-01,UH Waterford,new_ed_attendances,1214,True
2022,8,2022-08-01,UH Waterford,new_ed_attendances,1242,True
2022,9,2022-09-01,UH Waterford,new_ed_attendances,1300,True
2022,10,2022-10-01,UH Waterford,new_ed_attendances,1332,True
2022,11,2022-11-01,UH Waterford,new_ed_attendances,1443,True
2022,12,2022-12-01,UH Waterford,new_ed_attendances,1551,True
2023,1,2023-01-01,UH Waterford,new_ed_attendances,2109,True
2023,2,2023-02-01,UH Waterford,new_ed_attendances,1987,True
2023,3,2023-03-01,UH Waterford,new_ed_attendances,1904,True
2023,4,2023-04-01,UH Waterford,new_ed_attendances,1920,True
2023,5,2023-05-01,UH Waterford,new_ed_attendances,1686,True
2023,6,2023-06-01,UH Waterford,new_ed_attendances,1755,True
2023,7,2023-07-01,UH Waterford,new_ed_attendances,1795,True
2023,8,2023-08-01,UH Waterford,new_ed_attendances,1716,True
2023,9,2023-09-01,UH Waterford,new_ed_attendances,1849,True
2023,10,2023-10-01,UH Waterford,new_ed_attendances,1964,True
2023,11,2023-11-01,UH Waterford,new_ed_attendances,1941,True
2023,12,2023-12-01,UH Waterford,new_ed_attendances,2024,True
2024,1,2024-01-01,UH Waterford,new_ed_attendances,6889,True
2024,2,2024-02-01,UH Waterford,new_ed_attendances,6567,True
2024,3,2024-03-01,UH Waterford,new_ed_attendances,6117,True
2024,4,2024-04-01,UH Waterford,new_ed_attendances,5609,True
2024,5,2024-05-01,UH Waterford,new_ed_attendances,5650,True
2024,6,2024-06-01,UH Waterford,new_ed_attendances,35451,False
2024,7,2024-07-01,UH Waterford,new_ed_attendances,2,False
2024,9,2024-09-01,UH Waterford,new_ed_attendances,14783,False
2022,1,2022-01-01,UH Waterford,return_ed_attendances,907,True
2022,2,2022-02-01,UH Waterford,return_ed_attendances,930,True
2022,3,2022-03-01,UH Waterford,return_ed_attendances,839,True
2022,4,2022-04-01,UH Waterford,return_ed_attendances,770,True
2022,5,2022-05-01,UH Waterford,return_ed_attendances,733,True
2022,6,2022-06-01,UH Waterford,return_ed_attendances,712,True
2022,7,2022-07-01,UH Waterford,return_ed_attendances,790,True
2022,8,2022-08-01,UH Waterford,return_ed_attendances,760,True
2022,9,2022-09-01,UH Waterford,return_ed_attendances,810,True
2022,10,2022-10-01,UH Waterford,return_ed_attendances,796,True
2022,11,2022-11-01,UH Waterford,return_ed_attendances,835,True
2022,12,2022-12-01,UH Waterford,return_ed_attendances,915,True
2023,1,2023-01-01,UH Waterford,return_ed_attendances,907,True
2023,2,2023-02-01,UH Waterford,return_ed_attendances,902,True
2023,3,2023-03-01,UH Waterford,return_ed_attendances,842,True
2023,4,2023-04-01,UH Waterford,return_ed_attendances,788,True
2023,5,2023-05-01,UH Waterford,return_ed_attendances,757,True
2023,6,2023-06-01,UH Waterford,return_ed_attendances,746,True
2023,7,2023-07-01,UH Waterford,return_ed_attendances,769,True
2023,8,2023-08-01,UH Waterford,return_ed_attendances,786,True
2023,9,2023-09-01,UH Waterford,return_ed_attendances,778,True
2023,10,2023-10-01,UH Waterford,return_ed_attendances,819,True
2023,11,2023-11-01,UH Waterford,return_ed_attendances,897,True
2023,12,2023-12-01,UH Waterford,return_ed_attendances,922,True
2024,1,2024-01-01,UH Waterford,return_ed_attendances,918,True
2024,2,2024-02-01,UH Waterford,return_ed_attendances,935,True
2024,3,2024-03-01,UH Waterford,return_ed_attendances,802,True
2024,4,2024-04-01,UH Waterford,return_ed_attendances,797,True
2024,5,2024-05-01,UH Waterford,return_ed_attendances,815,True
2024,6,2024-06-01,UH Waterford,return_ed_attendances,831,False
2024,7,2024-07-01,UH Waterford,return_ed_attendances,836,False
2024,8,2024-08-01,UH Waterford,return_ed_attendances,835,False
2024,9,2024-09-01,UH Waterford,return_ed_attendances,800,False
2022,1,2022-01-01,UL Hospitals Group,all_emergency_presentations,11617,True
2022,2,2022-02-01,UL Hospitals Group,all_emergency_presentations,11076,True
2022,3,2022-03-01,UL Hospitals Group,all_emergency_presentations,10593,True
2022,4,2022-04-01,UL Hospitals Group,all_emergency_presentations,9850,True
2022,5,2022-05-01,UL Hospitals Group,all_emergency_presentations,9071,True
2022,6,2022-06-01,UL Hospitals Group,all_emergency_presentations,8598,True
2022,7,2022-07-01,UL Hospitals Group,all_emergency_presentations,9091,True
2022,8,2022-08-01,UL Hospitals Group,all_emergency_presentations,9118,True
2022,9,2022-09-01,UL Hospitals Group,all_emergency_presentations,9712,True
2022,10,2022-10-01,UL Hospitals Group,all_emergency_presentations,10395,True
2022,11,2022-11-01,UL Hospitals Group,all_emergency_presentations,10365,True
2022,12,2022-12-01,UL Hospitals Group,all_emergency_presentations,10885,True
2023,1,2023-01-01,UL Hospitals Group,all_emergency_presentations,12385,True
2023,2,2023-02-01,UL Hospitals Group,all_emergency_presentations,12248,True
2023,3,2023-03-01,UL Hospitals Group,all_emergency_presentations,10259,True
2023,4,2023-04-01,UL Hospitals Group,all_emergency_presentations,10081,True
2023,5,2023-05-01,UL Hospitals Group,all_emergency_presentations,10016,True
2023,6,2023-06-01,UL Hospitals Group,all_emergency_presentations,9986,True
2023,7,2023-07-01,UL Hospitals Group,all_emergency_presentations,9703,True
2023,8,2023-08-01,UL Hospitals Group,all_emergency_presentations,9492,True
2023,9,2023-09-01,UL Hospitals Group,all_emergency_presentations,10672,True
2023,10,2023-10-01,UL Hospitals Group,all_emergency_presentations,10586,True
2023,11,2023-11-01,UL Hospitals Group,all_emergency_presentations,10911,True
2023,12,2023-12-01,UL Hospitals Group,all_emergency_presentations,11515,True
2024,1,2024-01-01,UL Hospitals Group,all_emergency_presentations,13237,True
2024,2,2024-02-01,UL Hospitals Group,all_emergency_presentations,12627,True
2024,3,2024-03-01,UL Hospitals Group,all_emergency_presentations,11061,True
2024,4,2024-04-01,UL Hospitals Group,all_emergency_presentations,11352,True
2024,5,2024-05-01,UL Hospitals Group,all_emergency_presentations,11126,True
2024,6,2024-06-01,UL Hospitals Group,all_emergency_presentations,11024,False
2024,7,2024-07-01,UL Hospitals Group,all_emergency_presentations,11316,False
2024,8,2024-08-01,UL Hospitals Group,all_emergency_presentations,11309,False
2024,9,2024-09-01,UL Hospitals Group,all_emergency_presentations,12154,False
2022,1,2022-01-01,UL Hospitals Group,new_ed_attendances,4408,True
2022,2,2022-02-01,UL Hospitals Group,new_ed_attendances,4390,True
2022,3,2022-03-01,UL Hospitals Group,new_ed_attendances,3828,True
2022,4,2022-04-01,UL Hospitals Group,new_ed_attendances,3785,True
2022,5,2022-05-01,UL Hospitals Group,new_ed_attendances,3724,True
2022,6,2022-06-01,UL Hospitals Group,new_ed_attendances,3308,True
2022,7,2022-07-01,UL Hospitals Group,new_ed_attendances,3635,True
2022,8,2022-08-01,UL Hospitals Group,new_ed_attendances,3806,True
2022,9,2022-09-01,UL Hospitals Group,new_ed_attendances,3685,True
2022,10,2022-10-01,UL Hospitals Group,new_ed_attendances,4136,True
2022,11,2022-11-01,UL Hospitals Group,new_ed_attendances,4182,True
2022,12,2022-12-01,UL Hospitals Group,new_ed_attendances,4192,True
2023,1,2023-01-01,UL Hospitals Group,new_ed_attendances,6307,True
2023,2,2023-02-01,UL Hospitals Group,new_ed_attendances,6205,True
2023,3,2023-03-01,UL Hospitals Group,new_ed_attendances,5634,True
2023,4,2023-04-01,UL Hospitals Group,new_ed_attendances,5331,True
2023,5,2023-05-01,UL Hospitals Group,new_ed_attendances,4946,True
2023,6,2023-06-01,UL Hospitals Group,new_ed_attendances,4950,True
2023,7,2023-07-01,UL Hospitals Group,new_ed_attendances,4819,True
2023,8,2023-08-01,UL Hospitals Group,new_ed_attendances,5122,True
2023,9,2023-09-01,UL Hospitals Group,new_ed_attendances,5208,True
2023,10,2023-10-01,UL Hospitals Group,new_ed_attendances,5393,True
2023,11,2023-11-01,UL Hospitals Group,new_ed_attendances,5996,True
2023,12,2023-12-01,UL Hospitals Group,new_ed_attendances,6192,True
2024,1,2024-01-01,UL Hospitals Group,new_ed_attendances,14042,True
2024,2,2024-02-01,UL Hospitals Group,new_ed_attendances,12886,True
2024,3,2024-03-01,UL Hospitals Group,new_ed_attendances,12154,True
2024,4,2024-04-01,UL Hospitals Group,new_ed_attendances,11870,True
2024,5,2024-05-01,UL Hospitals Group,new_ed_attendances,11149,True
2024,6,2024-06-01,UL Hospitals Group,new_ed_attendances,71149,False
2024,7,2024-07-01,UL Hospitals Group,new_ed_attendances,6,False
2024,8,2024-08-01,UL Hospitals Group,new_ed_attendances,1,False
2024,9,2024-09-01,UL Hospitals Group,new_ed_attendances,42780,False
2022,1,2022-01-01,UL Hospitals Group,return_ed_attendances,473,True
2022,2,2022-02-01,UL Hospitals Group,return_ed_attendances,459,True
2022,3,2022-03-01,UL Hospitals Group,return_ed_attendances,443,True
2022,4,2022-04-01,UL Hospitals Group,return_ed_attendances,386,True
2022,5,2022-05-01,UL Hospitals Group,return_ed_attendances,385,True
2022,6,2022-06-01,UL Hospitals Group,return_ed_attendances,387,True
2022,7,2022-07-01,UL Hospitals Group,return_ed_attendances,381,True
2022,8,2022-08-01,UL Hospitals Group,return_ed_attendances,394,True
2022,9,2022-09-01,UL Hospitals Group,return_ed_attendances,422,True
2022,10,2022-10-01,UL Hospitals Group,return_ed_attendances,431,True
2022,11,2022-11-01,UL Hospitals Group,return_ed_attendances,450,True
2022,12,2022-12-01,UL Hospitals Group,return_ed_attendances,458,True
2023,1,2023-01-01,UL Hospitals Group,return_ed_attendances,534,True
2023,2,2023-02-01,UL Hospitals Group,return_ed_attendances,508,True
2023,3,2023-03-01,UL Hospitals Group,return_ed_attendances,476,True
2023,4,2023-04-01,UL Hospitals Group,return_ed_attendances,432,True
2023,5,2023-05-01,UL Hospitals Group,return_ed_attendances,423,True
2023,6,2023-06-01,UL Hospitals Group,return_ed_attendances,399,True
2023,7,2023-07-01,UL Hospitals Group,return_ed_attendances,420,True
2023,8,2023-08-01,UL Hospitals Group,return_ed_attendances,419,True
2023,9,2023-09-01,UL Hospitals Group,return_ed_attendances,432,True
2023,10,2023-10-01,UL Hospitals Group,return_ed_attendances,464,True
2023,11,2023-11-01,UL Hospitals Group,return_ed_attendances,486,True
2023,12,2023-12-01,UL Hospitals Group,return_ed_attendances,513,True
2024,1,2024-01-01,UL Hospitals Group,return_ed_attendances,564,True
2024,2,2024-02-01,UL Hospitals Group,return_ed_attendances,559,True
2024,3,2024-03-01,UL Hospitals Group,return_ed_attendances,517,True
2024,4,2024-04-01,UL Hospitals Group,return_ed_attendances,481,True
2024,5,2024-05-01,UL Hospitals Group,return_ed_attendances,449,True
2024,6,2024-06-01,UL Hospitals Group,return_ed_attendances,496,False
2024,7,2024-07-01,UL Hospitals Group,return_ed_attendances,459,False
2024,8,2024-08-01,UL Hospitals Group,return_ed_attendances,452,False
2024,9,2024-09-01,UL Hospitals Group,return_ed_attendances,457,False
2022,1,2022-01-01,UMH Limerick,new_ed_attendances,497,True
2022,2,2022-02-01,UMH Limerick,new_ed_attendances,460,True
2022,3,2022-03-01,UMH Limerick,new_ed_attendances,418,True
2022,4,2022-04-01,UMH Limerick,new_ed_attendances,388,True
2022,5,2022-05-01,UMH Limerick,new_ed_attendances,365,True
2022,6,2022-06-01,UMH Limerick,new_ed_attendances,399,True
2022,7,2022-07-01,UMH Limerick,new_ed_attendances,371,True
2022,8,2022-08-01,UMH Limerick,new_ed_attendances,389,True
2022,9,2022-09-01,UMH Limerick,new_ed_attendances,405,True
2022,10,2022-10-01,UMH Limerick,new_ed_attendances,424,True
2022,11,2022-11-01,UMH Limerick,new_ed_attendances,452,True
2022,12,2022-12-01,UMH Limerick,new_ed_attendances,469,True
2023,1,2023-01-01,UMH Limerick,new_ed_attendances,663,True
2023,2,2023-02-01,UMH Limerick,new_ed_attendances,648,True
2023,3,2023-03-01,UMH Limerick,new_ed_attendances,605,True
2023,4,2023-04-01,UMH Limerick,new_ed_attendances,556,True
2023,5,2023-05-01,UMH Limerick,new_ed_attendances,569,True
2023,6,2023-06-01,UMH Limerick,new_ed_attendances,534,True
2023,7,2023-07-01,UMH Limerick,new_ed_attendances,549,True
2023,8,2023-08-01,UMH Limerick,new_ed_attendances,560,True
2023,9,2023-09-01,UMH Limerick,new_ed_attendances,592,True
2023,10,2023-10-01,UMH Limerick,new_ed_attendances,592,True
2023,11,2023-11-01,UMH Limerick,new_ed_attendances,593,True
2023,12,2023-12-01,UMH Limerick,new_ed_attendances,648,True
2024,1,2024-01-01,UMH Limerick,new_ed_attendances,1490,True
2024,2,2024-02-01,UMH Limerick,new_ed_attendances,1445,True
2024,3,2024-03-01,UMH Limerick,new_ed_attendances,1376,True
2024,4,2024-04-01,UMH Limerick,new_ed_attendances,1309,True
2024,5,2024-05-01,UMH Limerick,new_ed_attendances,1224,True
2024,6,2024-06-01,UMH Limerick,new_ed_attendances,8049,False
2024,7,2024-07-01,UMH Limerick,new_ed_attendances,5,False
2024,8,2024-08-01,UMH Limerick,new_ed_attendances,6,False
2024,9,2024-09-01,UMH Limerick,new_ed_attendances,4484,False
2022,1,2022-01-01,UMH Limerick,return_ed_attendances,401,True
2022,2,2022-02-01,UMH Limerick,return_ed_attendances,382,True
2022,3,2022-03-01,UMH Limerick,return_ed_attendances,339,True
2022,4,2022-04-01,UMH Limerick,return_ed_attendances,329,True
2022,5,2022-05-01,UMH Limerick,return_ed_attendances,306,True
2022,6,2022-06-01,UMH Limerick,return_ed_attendances,300,True
2022,7,2022-07-01,UMH Limerick,return_ed_attendances,314,True
2022,8,2022-08-01,UMH Limerick,return_ed_attendances,322,True
2022,9,2022-09-01,UMH Limerick,return_ed_attendances,320,True
2022,10,2022-10-01,UMH Limerick,return_ed_attendances,353,True
2022,11,2022-11-01,UMH Limerick,return_ed_attendances,365,True
2022,12,2022-12-01,UMH Limerick,return_ed_attendances,364,True
2023,1,2023-01-01,UMH Limerick,return_ed_attendances,369,True
2023,2,2023-02-01,UMH Limerick,return_ed_attendances,372,True
2023,3,2023-03-01,UMH Limerick,return_ed_attendances,340,True
2023,4,2023-04-01,UMH Limerick,return_ed_attendances,323,True
2023,5,2023-05-01,UMH Limerick,return_ed_attendances,308,True
2023,6,2023-06-01,UMH Limerick,return_ed_attendances,284,True
2023,7,2023-07-01,UMH Limerick,return_ed_attendances,305,True
2023,8,2023-08-01,UMH Limerick,return_ed_attendances,312,True
2023,9,2023-09-01,UMH Limerick,return_ed_attendances,334,True
2023,10,2023-10-01,UMH Limerick,return_ed_attendances,331,True
2023,11,2023-11-01,UMH Limerick,return_ed_attendances,372,True
2023,12,2023-12-01,UMH Limerick,return_ed_attendances,346,True
2024,1,2024-01-01,UMH Limerick,return_ed_attendances,398,True
2024,2,2024-02-01,UMH Limerick,return_ed_attendances,367,True
2024,3,2024-03-01,UMH Limerick,return_ed_attendances,349,True
2024,4,2024-04-01,UMH Limerick,return_ed_attendances,319,True
2024,5,2024-05-01,UMH Limerick,return_ed_attendances,319,True
2024,6,2024-06-01,UMH Limerick,return_ed_attendances,291,False
2024,7,2024-07-01,UMH Limerick,return_ed_attendances,364,False
2024,8,2024-08-01,UMH Limerick,return_ed_attendances,309,False
2024,9,2024-09-01,UMH Limerick,return_ed_attendances,303,False
2022,1,2022-01-01,University of Limerick Hospital Group,return_ed_attendances,358,True
2022,2,2022-02-01,University of Limerick Hospital Group,return_ed_attendances,356,True
2022,3,2022-03-01,University of Limerick Hospital Group,return_ed_attendances,328,True
2022,4,2022-04-01,University of Limerick Hospital Group,return_ed_attendances,299,True
2022,5,2022-05-01,University of Limerick Hospital Group,return_ed_attendances,297,True
2022,6,2022-06-01,University of Limerick Hospital Group,return_ed_attendances,281,True
2022,7,2022-07-01,University of Limerick Hospital Group,return_ed_attendances,289,True
2022,8,2022-08-01,University of Limerick Hospital Group,return_ed_attendances,292,True
2022,9,2022-09-01,University of Limerick Hospital Group,return_ed_attendances,297,True
2022,10,2022-10-01,University of Limerick Hospital Group,return_ed_attendances,322,True
2022,11,2022-11-01,University of Limerick Hospital Group,return_ed_attendances,342,True
2022,12,2022-12-01,University of Limerick Hospital Group,return_ed_attendances,354,True
2023,1,2023-01-01,University of Limerick Hospital Group,return_ed_attendances,526,True
2023,2,2023-02-01,University of Limerick Hospital Group,return_ed_attendances,501,True
2023,3,2023-03-01,University of Limerick Hospital Group,return_ed_attendances,450,True
2023,4,2023-04-01,University of Limerick Hospital Group,return_ed_attendances,437,True
2023,5,2023-05-01,University of Limerick Hospital Group,return_ed_attendances,397,True
2023,6,2023-06-01,University of Limerick Hospital Group,return_ed_attendances,390,True
2023,7,2023-07-01,University of Limerick Hospital Group,return_ed_attendances,397,True
2023,8,2023-08-01,University of Limerick Hospital Group,return_ed_attendances,431,True
2023,9,2023-09-01,University of Limerick Hospital Group,return_ed_attendances,447,True
2023,10,2023-10-01,University of Limerick Hospital Group,return_ed_attendances,455,True
2023,11,2023-11-01,University of Limerick Hospital Group,return_ed_attendances,485,True
2023,12,2023-12-01,University of Limerick Hospital Group,return_ed_attendances,475,True
2024,1,2024-01-01,University of Limerick Hospital Group,return_ed_attendances,766,True
2024,2,2024-02-01,University of Limerick Hospital Group,return_ed_attendances,730,True
2024,3,2024-03-01,University of Limerick Hospital Group,return_ed_attendances,692,True
2024,4,2024-04-01,University of Limerick Hospital Group,return_ed_attendances,628,True
2024,5,2024-05-01,University of Limerick Hospital Group,return_ed_attendances,604,True
2024,6,2024-06-01,University of Limerick Hospital Group,return_ed_attendances,563,False
2024,7,2024-07-01,University of Limerick Hospital Group,return_ed_attendances,1638,False
2024,8,2024-08-01,University of Limerick Hospital Group,return_ed_attendances,11,False
2022,1,2022-01-01,Wexford General Hospital,all_emergency_presentations,2705,True
2022,2,2022-02-01,Wexford General Hospital,all_emergency_presentations,2717,True
2022,3,2022-03-01,Wexford General Hospital,all_emergency_presentations,2484,True
2022,4,2022-04-01,Wexford General Hospital,all_emergency_presentations,2331,True
2022,5,2022-05-01,Wexford General Hospital,all_emergency_presentations,2290,True
2022,6,2022-06-01,Wexford General Hospital,all_emergency_presentations,2198,True
2022,7,2022-07-01,Wexford General Hospital,all_emergency_presentations,2143,True
2022,8,2022-08-01,Wexford General Hospital,all_emergency_presentations,2378,True
2022,9,2022-09-01,Wexford General Hospital,all_emergency_presentations,2345,True
2022,10,2022-10-01,Wexford General Hospital,all_emergency_presentations,2514,True
2022,11,2022-11-01,Wexford General Hospital,all_emergency_presentations,2780,True
2022,12,2022-12-01,Wexford General Hospital,all_emergency_presentations,2639,True
2023,1,2023-01-01,Wexford General Hospital,all_emergency_presentations,3699,True
2023,2,2023-02-01,Wexford General Hospital,all_emergency_presentations,3834,True
2023,3,2023-03-01,Wexford General Hospital,all_emergency_presentations,3680,True
2023,4,2023-04-01,Wexford General Hospital,all_emergency_presentations,3520,True
2023,5,2023-05-01,Wexford General Hospital,all_emergency_presentations,3104,True
2023,6,2023-06-01,Wexford General Hospital,all_emergency_presentations,3168,True
2023,7,2023-07-01,Wexford General Hospital,all_emergency_presentations,3144,True
2023,8,2023-08-01,Wexford General Hospital,all_emergency_presentations,3246,True
2023,9,2023-09-01,Wexford General Hospital,all_emergency_presentations,3662,True
2023,10,2023-10-01,Wexford General Hospital,all_emergency_presentations,3337,True
2023,11,2023-11-01,Wexford General Hospital,all_emergency_presentations,3692,True
2023,12,2023-12-01,Wexford General Hospital,all_emergency_presentations,3853,True
2024,1,2024-01-01,Wexford General Hospital,all_emergency_presentations,6193,True
2024,2,2024-02-01,Wexford General Hospital,all_emergency_presentations,5812,True
2024,3,2024-03-01,Wexford General Hospital,all_emergency_presentations,5386,True
2024,4,2024-04-01,Wexford General Hospital,all_emergency_presentations,4923,True
2024,5,2024-05-01,Wexford General Hospital,all_emergency_presentations,4868,True
2024,6,2024-06-01,Wexford General Hospital,all_emergency_presentations,5039,False
2024,7,2024-07-01,Wexford General Hospital,all_emergency_presentations,5340,False
2024,8,2024-08-01,Wexford General Hospital,all_emergency_presentations,4980,False
2024,9,2024-09-01,Wexford General Hospital,all_emergency_presentations,4938,False
2022,1,2022-01-01,Wexford General Hospital,new_ed_attendances,973,True
2022,2,2022-02-01,Wexford General Hospital,new_ed_attendances,978,True
2022,3,2022-03-01,Wexford General Hospital,new_ed_attendances,877,True
2022,4,2022-04-01,Wexford General Hospital,new_ed_attendances,820,True
2022,5,2022-05-01,Wexford General Hospital,new_ed_attendances,777,True
2022,6,2022-06-01,Wexford General Hospital,new_ed_attendances,751,True
2022,7,2022-07-01,Wexford General Hospital,new_ed_attendances,769,True
2022,8,2022-08-01,Wexford General Hospital,new_ed_attendances,805,True
2022,9,2022-09-01,Wexford General Hospital,new_ed_attendances,818,True
2022,10,2022-10-01,Wexford General Hospital,new_ed_attendances,861,True
2022,11,2022-11-01,Wexford General Hospital,new_ed_attendances,951,True
2022,12,2022-12-01,Wexford General Hospital,new_ed_attendances,952,True
2023,1,2023-01-01,Wexford General Hospital,new_ed_attendances,1356,True
2023,2,2023-02-01,Wexford General Hospital,new_ed_attendances,1370,True
2023,3,2023-03-01,Wexford General Hospital,new_ed_attendances,1203,True
2023,4,2023-04-01,Wexford General Hospital,new_ed_attendances,1067,True
2023,5,2023-05-01,Wexford General Hospital,new_ed_attendances,1069,True
2023,6,2023-06-01,Wexford General Hospital,new_ed_attendances,1007,True
2023,7,2023-07-01,Wexford General Hospital,new_ed_attendances,1079,True
2023,8,2023-08-01,Wexford General Hospital,new_ed_attendances,1114,True
2023,9,2023-09-01,Wexford General Hospital,new_ed_attendances,1218,True
2023,10,2023-10-01,Wexford General Hospital,new_ed_attendances,1207,True
2023,11,2023-11-01,Wexford General Hospital,new_ed_attendances,1245,True
2023,12,2023-12-01,Wexford General Hospital,new_ed_attendances,1332,True
2024,1,2024-01-01,Wexford General Hospital,new_ed_attendances,2806,True
2024,2,2024-02-01,Wexford General Hospital,new_ed_attendances,2924,True
2024,3,2024-03-01,Wexford General Hospital,new_ed_attendances,2736,True
2024,4,2024-04-01,Wexford General Hospital,new_ed_attendances,2385,True
2024,5,2024-05-01,Wexford General Hospital,new_ed_attendances,2502,True
2024,6,2024-06-01,Wexford General Hospital,new_ed_attendances,16041,False
2024,7,2024-07-01,Wexford General Hospital,new_ed_attendances,33,False
2024,8,2024-08-01,Wexford General Hospital,new_ed_attendances,10,False
2024,9,2024-09-01,Wexford General Hospital,new_ed_attendances,8384,False
2022,1,2022-01-01,Wexford General Hospital,return_ed_attendances,292,True
2022,2,2022-02-01,Wexford General Hospital,return_ed_attendances,267,True
2022,3,2022-03-01,Wexford General Hospital,return_ed_attendances,254,True
2022,4,2022-04-01,Wexford General Hospital,return_ed_attendances,226,True
2022,5,2022-05-01,Wexford General Hospital,return_ed_attendances,231,True
2022,6,2022-06-01,Wexford General Hospital,return_ed_attendances,223,True
2022,7,2022-07-01,Wexford General Hospital,return_ed_attendances,212,True
2022,8,2022-08-01,Wexford General Hospital,return_ed_attendances,222,True
2022,9,2022-09-01,Wexford General Hospital,return_ed_attendances,237,True
2022,10,2022-10-01,Wexford General Hospital,return_ed_attendances,244,True
2022,11,2022-11-01,Wexford General Hospital,return_ed_attendances,249,True
2022,12,2022-12-01,Wexford General Hospital,return_ed_attendances,271,True
2023,1,2023-01-01,Wexford General Hospital,return_ed_attendances,399,True
2023,2,2023-02-01,Wexford General Hospital,return_ed_attendances,380,True
2023,3,2023-03-01,Wexford General Hospital,return_ed_attendances,344,True
2023,4,2023-04-01,Wexford General Hospital,return_ed_attendances,339,True
2023,5,2023-05-01,Wexford General Hospital,return_ed_attendances,334,True
2023,6,2023-06-01,Wexford General Hospital,return_ed_attendances,304,True
2023,7,2023-07-01,Wexford General Hospital,return_ed_attendances,309,True
2023,8,2023-08-01,Wexford General Hospital,return_ed_attendances,327,True
2023,9,2023-09-01,Wexford General Hospital,return_ed_attendances,332,True
2023,10,2023-10-01,Wexford General Hospital,return_ed_attendances,344,True
2023,11,2023-11-01,Wexford General Hospital,return_ed_attendances,370,True
2023,12,2023-12-01,Wexford General Hospital,return_ed_attendances,354,True
2024,1,2024-01-01,Wexford General Hospital,return_ed_attendances,734,True
2024,2,2024-02-01,Wexford General Hospital,return_ed_attendances,683,True
2024,3,2024-03-01,Wexford General Hospital,return_ed_attendances,620,True
2024,4,2024-04-01,Wexford General Hospital,return_ed_attendances,585,True
2024,5,2024-05-01,Wexford General Hospital,return_ed_attendances,568,True
2024,6,2024-06-01,Wexford General Hospital,return_ed_attendances,545,False
2024,7,2024-07-01,Wexford General Hospital,return_ed_attendances,606,False
2024,8,2024-08-01,Wexford General Hospital,return_ed_attendances,572,False
2024,9,2024-09-01,Wexford General Hospital,return_ed_attendances,562,False
