Year,Month,Date,Hospital,KPI,Attendances,is_synthetic
2022,1,01/01/2022,Acute Hospitals Division,return_ed_attendances,2208,TRUE
2022,2,01/02/2022,Acute Hospitals Division,return_ed_attendances,2219,TRUE
2022,3,01/03/2022,Acute Hospitals Division,return_ed_attendances,2131,TRUE
2022,4,01/04/2022,Acute Hospitals Division,return_ed_attendances,1831,TRUE
2022,5,01/05/2022,Acute Hospitals Division,return_ed_attendances,1802,TRUE
2022,6,01/06/2022,Acute Hospitals Division,return_ed_attendances,1809,TRUE
2022,7,01/07/2022,Acute Hospitals Division,return_ed_attendances,1786,TRUE
2022,8,01/08/2022,Acute Hospitals Division,return_ed_attendances,1835,TRUE
2022,9,01/09/2022,Acute Hospitals Division,return_ed_attendances,1933,TRUE
2022,10,01/10/2022,Acute Hospitals Division,return_ed_attendances,1934,TRUE
2022,11,01/11/2022,Acute Hospitals Division,return_ed_attendances,2053,TRUE
2022,12,01/12/2022,Acute Hospitals Division,return_ed_attendances,2240,TRUE
2023,1,01/01/2023,Acute Hospitals Division,return_ed_attendances,2955,TRUE
2023,2,01/02/2023,Acute Hospitals Division,return_ed_attendances,2829,TRUE
2023,3,01/03/2023,Acute Hospitals Division,return_ed_attendances,2685,TRUE
2023,4,01/04/2023,Acute Hospitals Division,return_ed_attendances,2611,TRUE
2023,5,01/05/2023,Acute Hospitals Division,return_ed_attendances,2462,TRUE
2023,6,01/06/2023,Acute Hospitals Division,return_ed_attendances,2365,TRUE
2023,7,01/07/2023,Acute Hospitals Division,return_ed_attendances,2453,TRUE
2023,8,01/08/2023,Acute Hospitals Division,return_ed_attendances,2371,TRUE
2023,9,01/09/2023,Acute Hospitals Division,return_ed_attendances,2645,TRUE
2023,10,01/10/2023,Acute Hospitals Division,return_ed_attendances,2716,TRUE
2023,11,01/11/2023,Acute Hospitals Division,return_ed_attendances,2781,TRUE
2023,12,01/12/2023,Acute Hospitals Division,return_ed_attendances,3007,TRUE
2024,1,01/01/2024,Acute Hospitals Division,return_ed_attendances,3955,TRUE
2024,2,01/02/2024,Acute Hospitals Division,return_ed_attendances,4089,TRUE
2024,3,01/03/2024,Acute Hospitals Division,return_ed_attendances,3660,TRUE
2024,4,01/04/2024,Acute Hospitals Division,return_ed_attendances,3366,TRUE
2024,5,01/05/2024,Acute Hospitals Division,return_ed_attendances,3294,TRUE
2024,6,01/06/2024,Acute Hospitals Division,return_ed_attendances,31254,FALSE
2022,1,01/01/2022,Acute Hospitals Operations,return_ed_attendances,2501,TRUE
2022,2,01/02/2022,Acute Hospitals Operations,return_ed_attendances,2513,TRUE
2022,3,01/03/2022,Acute Hospitals Operations,return_ed_attendances,2160,TRUE
2022,4,01/04/2022,Acute Hospitals Operations,return_ed_attendances,2036,TRUE
2022,5,01/05/2022,Acute Hospitals Operations,return_ed_attendances,2083,TRUE
2022,6,01/06/2022,Acute Hospitals Operations,return_ed_attendances,1921,TRUE
2022,7,01/07/2022,Acute Hospitals Operations,return_ed_attendances,2053,TRUE
2022,8,01/08/2022,Acute Hospitals Operations,return_ed_attendances,2145,TRUE
2022,9,01/09/2022,Acute Hospitals Operations,return_ed_attendances,2101,TRUE
2022,10,01/10/2022,Acute Hospitals Operations,return_ed_attendances,2235,TRUE
2022,11,01/11/2022,Acute Hospitals Operations,return_ed_attendances,2217,TRUE
2022,12,01/12/2022,Acute Hospitals Operations,return_ed_attendances,2435,TRUE
2023,1,01/01/2023,Acute Hospitals Operations,return_ed_attendances,3332,TRUE
2023,2,01/02/2023,Acute Hospitals Operations,return_ed_attendances,3246,TRUE
2023,3,01/03/2023,Acute Hospitals Operations,return_ed_attendances,2891,TRUE
2023,4,01/04/2023,Acute Hospitals Operations,return_ed_attendances,2614,TRUE
2023,5,01/05/2023,Acute Hospitals Operations,return_ed_attendances,2707,TRUE
2023,6,01/06/2023,Acute Hospitals Operations,return_ed_attendances,2423,TRUE
2023,7,01/07/2023,Acute Hospitals Operations,return_ed_attendances,2614,TRUE
2023,8,01/08/2023,Acute Hospitals Operations,return_ed_attendances,2771,TRUE
2023,9,01/09/2023,Acute Hospitals Operations,return_ed_attendances,2823,TRUE
2023,10,01/10/2023,Acute Hospitals Operations,return_ed_attendances,3061,TRUE
2023,11,01/11/2023,Acute Hospitals Operations,return_ed_attendances,3125,TRUE
2023,12,01/12/2023,Acute Hospitals Operations,return_ed_attendances,3083,TRUE
2024,1,01/01/2024,Acute Hospitals Operations,return_ed_attendances,4378,TRUE
2024,2,01/02/2024,Acute Hospitals Operations,return_ed_attendances,4220,TRUE
2024,3,01/03/2024,Acute Hospitals Operations,return_ed_attendances,3707,TRUE
2024,4,01/04/2024,Acute Hospitals Operations,return_ed_attendances,3530,TRUE
2024,5,01/05/2024,Acute Hospitals Operations,return_ed_attendances,3462,TRUE
2024,6,01/06/2024,Acute Hospitals Operations,return_ed_attendances,33038,FALSE
2022,1,01/01/2022,Acute Non Hospital,return_ed_attendances,1,TRUE
2022,2,01/02/2022,Acute Non Hospital,return_ed_attendances,1,TRUE
2022,3,01/03/2022,Acute Non Hospital,return_ed_attendances,1,TRUE
2022,4,01/04/2022,Acute Non Hospital,return_ed_attendances,1,TRUE
2022,5,01/05/2022,Acute Non Hospital,return_ed_attendances,1,TRUE
2022,6,01/06/2022,Acute Non Hospital,return_ed_attendances,1,TRUE
2022,7,01/07/2022,Acute Non Hospital,return_ed_attendances,1,TRUE
2022,8,01/08/2022,Acute Non Hospital,return_ed_attendances,1,TRUE
2022,9,01/09/2022,Acute Non Hospital,return_ed_attendances,1,TRUE
2022,10,01/10/2022,Acute Non Hospital,return_ed_attendances,1,TRUE
2022,11,01/11/2022,Acute Non Hospital,return_ed_attendances,1,TRUE
2022,12,01/12/2022,Acute Non Hospital,return_ed_attendances,1,TRUE
2023,1,01/01/2023,Acute Non Hospital,return_ed_attendances,1,TRUE
2023,2,01/02/2023,Acute Non Hospital,return_ed_attendances,1,TRUE
2023,3,01/03/2023,Acute Non Hospital,return_ed_attendances,1,TRUE
2023,4,01/04/2023,Acute Non Hospital,return_ed_attendances,1,TRUE
2023,5,01/05/2023,Acute Non Hospital,return_ed_attendances,1,TRUE
2023,6,01/06/2023,Acute Non Hospital,return_ed_attendances,1,TRUE
2023,7,01/07/2023,Acute Non Hospital,return_ed_attendances,1,TRUE
2023,8,01/08/2023,Acute Non Hospital,return_ed_attendances,1,TRUE
2023,9,01/09/2023,Acute Non Hospital,return_ed_attendances,1,TRUE
2023,10,01/10/2023,Acute Non Hospital,return_ed_attendances,1,TRUE
2023,11,01/11/2023,Acute Non Hospital,return_ed_attendances,1,TRUE
2023,12,01/12/2023,Acute Non Hospital,return_ed_attendances,1,TRUE
2024,1,01/01/2024,Acute Non Hospital,return_ed_attendances,314930,TRUE
2024,2,01/02/2024,Acute Non Hospital,return_ed_attendances,316267,TRUE
2024,3,01/03/2024,Acute Non Hospital,return_ed_attendances,283745,TRUE
2024,4,01/04/2024,Acute Non Hospital,return_ed_attendances,264072,TRUE
2024,5,01/05/2024,Acute Non Hospital,return_ed_attendances,248886,TRUE
2024,6,01/06/2024,Acute Non Hospital,return_ed_attendances,30,FALSE
2022,1,01/01/2022,Bantry General Hospital,all_emergency_presentations,572,TRUE
2022,2,01/02/2022,Bantry General Hospital,all_emergency_presentations,564,TRUE
2022,3,01/03/2022,Bantry General Hospital,all_emergency_presentations,500,TRUE
2022,4,01/04/2022,Bantry General Hospital,all_emergency_presentations,467,TRUE
2022,5,01/05/2022,Bantry General Hospital,all_emergency_presentations,471,TRUE
2022,6,01/06/2022,Bantry General Hospital,all_emergency_presentations,451,TRUE
2022,7,01/07/2022,Bantry General Hospital,all_emergency_presentations,462,TRUE
2022,8,01/08/2022,Bantry General Hospital,all_emergency_presentations,460,TRUE
2022,9,01/09/2022,Bantry General Hospital,all_emergency_presentations,487,TRUE
2022,10,01/10/2022,Bantry General Hospital,all_emergency_presentations,491,TRUE
2022,11,01/11/2022,Bantry General Hospital,all_emergency_presentations,544,TRUE
2022,12,01/12/2022,Bantry General Hospital,all_emergency_presentations,567,TRUE
2023,1,01/01/2023,Bantry General Hospital,all_emergency_presentations,627,TRUE
2023,2,01/02/2023,Bantry General Hospital,all_emergency_presentations,623,TRUE
2023,3,01/03/2023,Bantry General Hospital,all_emergency_presentations,564,TRUE
2023,4,01/04/2023,Bantry General Hospital,all_emergency_presentations,541,TRUE
2023,5,01/05/2023,Bantry General Hospital,all_emergency_presentations,533,TRUE
2023,6,01/06/2023,Bantry General Hospital,all_emergency_presentations,495,TRUE
2023,7,01/07/2023,Bantry General Hospital,all_emergency_presentations,514,TRUE
2023,8,01/08/2023,Bantry General Hospital,all_emergency_presentations,524,TRUE
2023,9,01/09/2023,Bantry General Hospital,all_emergency_presentations,566,TRUE
2023,10,01/10/2023,Bantry General Hospital,all_emergency_presentations,581,TRUE
2023,11,01/11/2023,Bantry General Hospital,all_emergency_presentations,594,TRUE
2023,12,01/12/2023,Bantry General Hospital,all_emergency_presentations,633,TRUE
2024,1,01/01/2024,Bantry General Hospital,all_emergency_presentations,748,TRUE
2024,2,01/02/2024,Bantry General Hospital,all_emergency_presentations,729,TRUE
2024,3,01/03/2024,Bantry General Hospital,all_emergency_presentations,711,TRUE
2024,4,01/04/2024,Bantry General Hospital,all_emergency_presentations,657,TRUE
2024,5,01/05/2024,Bantry General Hospital,all_emergency_presentations,589,TRUE
2024,6,01/06/2024,Bantry General Hospital,all_emergency_presentations,649,FALSE
2024,7,01/07/2024,Bantry General Hospital,all_emergency_presentations,629,FALSE
2024,8,01/08/2024,Bantry General Hospital,all_emergency_presentations,762,FALSE
2024,9,01/09/2024,Bantry General Hospital,all_emergency_presentations,717,FALSE
2022,1,01/01/2022,Bantry General Hospital,new_ed_attendances,321,TRUE
2022,2,01/02/2022,Bantry General Hospital,new_ed_attendances,305,TRUE
2022,3,01/03/2022,Bantry General Hospital,new_ed_attendances,272,TRUE
2022,4,01/04/2022,Bantry General Hospital,new_ed_attendances,256,TRUE
2022,5,01/05/2022,Bantry General Hospital,new_ed_attendances,249,TRUE
2022,6,01/06/2022,Bantry General Hospital,new_ed_attendances,225,TRUE
2022,7,01/07/2022,Bantry General Hospital,new_ed_attendances,243,TRUE
2022,8,01/08/2022,Bantry General Hospital,new_ed_attendances,245,TRUE
2022,9,01/09/2022,Bantry General Hospital,new_ed_attendances,253,TRUE
2022,10,01/10/2022,Bantry General Hospital,new_ed_attendances,266,TRUE
2022,11,01/11/2022,Bantry General Hospital,new_ed_attendances,297,TRUE
2022,12,01/12/2022,Bantry General Hospital,new_ed_attendances,297,TRUE
2023,1,01/01/2023,Bantry General Hospital,new_ed_attendances,423,TRUE
2023,2,01/02/2023,Bantry General Hospital,new_ed_attendances,423,TRUE
2023,3,01/03/2023,Bantry General Hospital,new_ed_attendances,399,TRUE
2023,4,01/04/2023,Bantry General Hospital,new_ed_attendances,367,TRUE
2023,5,01/05/2023,Bantry General Hospital,new_ed_attendances,347,TRUE
2023,6,01/06/2023,Bantry General Hospital,new_ed_attendances,329,TRUE
2023,7,01/07/2023,Bantry General Hospital,new_ed_attendances,350,TRUE
2023,8,01/08/2023,Bantry General Hospital,new_ed_attendances,354,TRUE
2023,9,01/09/2023,Bantry General Hospital,new_ed_attendances,375,TRUE
2023,10,01/10/2023,Bantry General Hospital,new_ed_attendances,383,TRUE
2023,11,01/11/2023,Bantry General Hospital,new_ed_attendances,406,TRUE
2023,12,01/12/2023,Bantry General Hospital,new_ed_attendances,402,TRUE
2024,1,01/01/2024,Bantry General Hospital,new_ed_attendances,890,TRUE
2024,2,01/02/2024,Bantry General Hospital,new_ed_attendances,832,TRUE
2024,3,01/03/2024,Bantry General Hospital,new_ed_attendances,809,TRUE
2024,4,01/04/2024,Bantry General Hospital,new_ed_attendances,696,TRUE
2024,5,01/05/2024,Bantry General Hospital,new_ed_attendances,725,TRUE
2024,6,01/06/2024,Bantry General Hospital,new_ed_attendances,4431,FALSE
2024,7,01/07/2024,Bantry General Hospital,new_ed_attendances,5,FALSE
2024,8,01/08/2024,Bantry General Hospital,new_ed_attendances,1,FALSE
2024,9,01/09/2024,Bantry General Hospital,new_ed_attendances,2953,FALSE
2022,1,01/01/2022,Bantry General Hospital,return_ed_attendances,561,TRUE
2022,2,01/02/2022,Bantry General Hospital,return_ed_attendances,536,TRUE
2022,3,01/03/2022,Bantry General Hospital,return_ed_attendances,491,TRUE
2022,4,01/04/2022,Bantry General Hospital,return_ed_attendances,463,TRUE
2022,5,01/05/2022,Bantry General Hospital,return_ed_attendances,468,TRUE
2022,6,01/06/2022,Bantry General Hospital,return_ed_attendances,439,TRUE
2022,7,01/07/2022,Bantry General Hospital,return_ed_attendances,468,TRUE
2022,8,01/08/2022,Bantry General Hospital,return_ed_attendances,472,TRUE
2022,9,01/09/2022,Bantry General Hospital,return_ed_attendances,462,TRUE
2022,10,01/10/2022,Bantry General Hospital,return_ed_attendances,515,TRUE
2022,11,01/11/2022,Bantry General Hospital,return_ed_attendances,543,TRUE
2022,12,01/12/2022,Bantry General Hospital,return_ed_attendances,533,TRUE
2023,1,01/01/2023,Bantry General Hospital,return_ed_attendances,672,TRUE
2023,2,01/02/2023,Bantry General Hospital,return_ed_attendances,625,TRUE
2023,3,01/03/2023,Bantry General Hospital,return_ed_attendances,592,TRUE
2023,4,01/04/2023,Bantry General Hospital,return_ed_attendances,530,TRUE
2023,5,01/05/2023,Bantry General Hospital,return_ed_attendances,506,TRUE
2023,6,01/06/2023,Bantry General Hospital,return_ed_attendances,512,TRUE
2023,7,01/07/2023,Bantry General Hospital,return_ed_attendances,527,TRUE
2023,8,01/08/2023,Bantry General Hospital,return_ed_attendances,534,TRUE
2023,9,01/09/2023,Bantry General Hospital,return_ed_attendances,543,TRUE
2023,10,01/10/2023,Bantry General Hospital,return_ed_attendances,573,TRUE
2023,11,01/11/2023,Bantry General Hospital,return_ed_attendances,612,TRUE
2023,12,01/12/2023,Bantry General Hospital,return_ed_attendances,629,TRUE
2024,1,01/01/2024,Bantry General Hospital,return_ed_attendances,765,TRUE
2024,2,01/02/2024,Bantry General Hospital,return_ed_attendances,720,TRUE
2024,3,01/03/2024,Bantry General Hospital,return_ed_attendances,701,TRUE
2024,4,01/04/2024,Bantry General Hospital,return_ed_attendances,610,TRUE
2024,5,01/05/2024,Bantry General Hospital,return_ed_attendances,622,TRUE
2024,6,01/06/2024,Bantry General Hospital,return_ed_attendances,649,FALSE
2024,7,01/07/2024,Bantry General Hospital,return_ed_attendances,629,FALSE
2024,8,01/08/2024,Bantry General Hospital,return_ed_attendances,762,FALSE
2024,9,01/09/2024,Bantry General Hospital,return_ed_attendances,717,FALSE
2022,1,01/01/2022,Beaumont Hospital,all_emergency_presentations,6014,TRUE
2022,2,01/02/2022,Beaumont Hospital,all_emergency_presentations,5731,TRUE
2022,3,01/03/2022,Beaumont Hospital,all_emergency_presentations,5245,TRUE
2022,4,01/04/2022,Beaumont Hospital,all_emergency_presentations,4841,TRUE
2022,5,01/05/2022,Beaumont Hospital,all_emergency_presentations,4908,TRUE
2022,6,01/06/2022,Beaumont Hospital,all_emergency_presentations,4729,TRUE
2022,7,01/07/2022,Beaumont Hospital,all_emergency_presentations,4589,TRUE
2022,8,01/08/2022,Beaumont Hospital,all_emergency_presentations,4857,TRUE
2022,9,01/09/2022,Beaumont Hospital,all_emergency_presentations,4852,TRUE
2022,10,01/10/2022,Beaumont Hospital,all_emergency_presentations,4935,TRUE
2022,11,01/11/2022,Beaumont Hospital,all_emergency_presentations,5296,TRUE
2022,12,01/12/2022,Beaumont Hospital,all_emergency_presentations,5742,TRUE
2023,1,01/01/2023,Beaumont Hospital,all_emergency_presentations,6386,TRUE
2023,2,01/02/2023,Beaumont Hospital,all_emergency_presentations,6091,TRUE
2023,3,01/03/2023,Beaumont Hospital,all_emergency_presentations,5645,TRUE
2023,4,01/04/2023,Beaumont Hospital,all_emergency_presentations,5236,TRUE
2023,5,01/05/2023,Beaumont Hospital,all_emergency_presentations,4902,TRUE
2023,6,01/06/2023,Beaumont Hospital,all_emergency_presentations,4903,TRUE
2023,7,01/07/2023,Beaumont Hospital,all_emergency_presentations,5065,TRUE
2023,8,01/08/2023,Beaumont Hospital,all_emergency_presentations,5165,TRUE
2023,9,01/09/2023,Beaumont Hospital,all_emergency_presentations,5449,TRUE
2023,10,01/10/2023,Beaumont Hospital,all_emergency_presentations,5535,TRUE
2023,11,01/11/2023,Beaumont Hospital,all_emergency_presentations,5742,TRUE
2023,12,01/12/2023,Beaumont Hospital,all_emergency_presentations,6082,TRUE
2024,1,01/01/2024,Beaumont Hospital,all_emergency_presentations,6531,TRUE
2024,2,01/02/2024,Beaumont Hospital,all_emergency_presentations,6148,TRUE
2024,3,01/03/2024,Beaumont Hospital,all_emergency_presentations,5788,TRUE
2024,4,01/04/2024,Beaumont Hospital,all_emergency_presentations,5307,TRUE
2024,5,01/05/2024,Beaumont Hospital,all_emergency_presentations,5156,TRUE
2024,6,01/06/2024,Beaumont Hospital,all_emergency_presentations,5332,FALSE
2024,7,01/07/2024,Beaumont Hospital,all_emergency_presentations,5588,FALSE
2024,8,01/08/2024,Beaumont Hospital,all_emergency_presentations,5572,FALSE
2024,9,01/09/2024,Beaumont Hospital,all_emergency_presentations,5390,FALSE
2022,1,01/01/2022,Beaumont Hospital,new_ed_attendances,1896,TRUE
2022,2,01/02/2022,Beaumont Hospital,new_ed_attendances,1788,TRUE
2022,3,01/03/2022,Beaumont Hospital,new_ed_attendances,1612,TRUE
2022,4,01/04/2022,Beaumont Hospital,new_ed_attendances,1520,TRUE
2022,5,01/05/2022,Beaumont Hospital,new_ed_attendances,1412,TRUE
2022,6,01/06/2022,Beaumont Hospital,new_ed_attendances,1519,TRUE
2022,7,01/07/2022,Beaumont Hospital,new_ed_attendances,1451,TRUE
2022,8,01/08/2022,Beaumont Hospital,new_ed_attendances,1481,TRUE
2022,9,01/09/2022,Beaumont Hospital,new_ed_attendances,1571,TRUE
2022,10,01/10/2022,Beaumont Hospital,new_ed_attendances,1607,TRUE
2022,11,01/11/2022,Beaumont Hospital,new_ed_attendances,1672,TRUE
2022,12,01/12/2022,Beaumont Hospital,new_ed_attendances,1682,TRUE
2023,1,01/01/2023,Beaumont Hospital,new_ed_attendances,2577,TRUE
2023,2,01/02/2023,Beaumont Hospital,new_ed_attendances,2593,TRUE
2023,3,01/03/2023,Beaumont Hospital,new_ed_attendances,2352,TRUE
2023,4,01/04/2023,Beaumont Hospital,new_ed_attendances,2211,TRUE
2023,5,01/05/2023,Beaumont Hospital,new_ed_attendances,2014,TRUE
2023,6,01/06/2023,Beaumont Hospital,new_ed_attendances,1922,TRUE
2023,7,01/07/2023,Beaumont Hospital,new_ed_attendances,2016,TRUE
2023,8,01/08/2023,Beaumont Hospital,new_ed_attendances,2070,TRUE
2023,9,01/09/2023,Beaumont Hospital,new_ed_attendances,2224,TRUE
2023,10,01/10/2023,Beaumont Hospital,new_ed_attendances,2105,TRUE
2023,11,01/11/2023,Beaumont Hospital,new_ed_attendances,2432,TRUE
2023,12,01/12/2023,Beaumont Hospital,new_ed_attendances,2400,TRUE
2024,1,01/01/2024,Beaumont Hospital,new_ed_attendances,12656,TRUE
2024,2,01/02/2024,Beaumont Hospital,new_ed_attendances,12009,TRUE
2024,3,01/03/2024,Beaumont Hospital,new_ed_attendances,10841,TRUE
2024,4,01/04/2024,Beaumont Hospital,new_ed_attendances,10910,TRUE
2024,5,01/05/2024,Beaumont Hospital,new_ed_attendances,10344,TRUE
2024,6,01/06/2024,Beaumont Hospital,new_ed_attendances,67916,FALSE
2024,7,01/07/2024,Beaumont Hospital,new_ed_attendances,1,FALSE
2024,8,01/08/2024,Beaumont Hospital,new_ed_attendances,5,FALSE
2024,9,01/09/2024,Beaumont Hospital,new_ed_attendances,17285,FALSE
2022,1,01/01/2022,Beaumont Hospital,return_ed_attendances,238,TRUE
2022,2,01/02/2022,Beaumont Hospital,return_ed_attendances,224,TRUE
2022,3,01/03/2022,Beaumont Hospital,return_ed_attendances,204,TRUE
2022,4,01/04/2022,Beaumont Hospital,return_ed_attendances,188,TRUE
2022,5,01/05/2022,Beaumont Hospital,return_ed_attendances,179,TRUE
2022,6,01/06/2022,Beaumont Hospital,return_ed_attendances,181,TRUE
2022,7,01/07/2022,Beaumont Hospital,return_ed_attendances,188,TRUE
2022,8,01/08/2022,Beaumont Hospital,return_ed_attendances,190,TRUE
2022,9,01/09/2022,Beaumont Hospital,return_ed_attendances,196,TRUE
2022,10,01/10/2022,Beaumont Hospital,return_ed_attendances,199,TRUE
2022,11,01/11/2022,Beaumont Hospital,return_ed_attendances,219,TRUE
2022,12,01/12/2022,Beaumont Hospital,return_ed_attendances,214,TRUE
2023,1,01/01/2023,Beaumont Hospital,return_ed_attendances,240,TRUE
2023,2,01/02/2023,Beaumont Hospital,return_ed_attendances,220,TRUE
2023,3,01/03/2023,Beaumont Hospital,return_ed_attendances,204,TRUE
2023,4,01/04/2023,Beaumont Hospital,return_ed_attendances,186,TRUE
2023,5,01/05/2023,Beaumont Hospital,return_ed_attendances,186,TRUE
2023,6,01/06/2023,Beaumont Hospital,return_ed_attendances,188,TRUE
2023,7,01/07/2023,Beaumont Hospital,return_ed_attendances,190,TRUE
2023,8,01/08/2023,Beaumont Hospital,return_ed_attendances,196,TRUE
2023,9,01/09/2023,Beaumont Hospital,return_ed_attendances,202,TRUE
2023,10,01/10/2023,Beaumont Hospital,return_ed_attendances,198,TRUE
2023,11,01/11/2023,Beaumont Hospital,return_ed_attendances,212,TRUE
2023,12,01/12/2023,Beaumont Hospital,return_ed_attendances,217,TRUE
2024,1,01/01/2024,Beaumont Hospital,return_ed_attendances,244,TRUE
2024,2,01/02/2024,Beaumont Hospital,return_ed_attendances,218,TRUE
2024,3,01/03/2024,Beaumont Hospital,return_ed_attendances,214,TRUE
2024,4,01/04/2024,Beaumont Hospital,return_ed_attendances,200,TRUE
2024,5,01/05/2024,Beaumont Hospital,return_ed_attendances,199,TRUE
2024,6,01/06/2024,Beaumont Hospital,return_ed_attendances,200,FALSE
2024,7,01/07/2024,Beaumont Hospital,return_ed_attendances,262,FALSE
2024,8,01/08/2024,Beaumont Hospital,return_ed_attendances,180,FALSE
2024,9,01/09/2024,Beaumont Hospital,return_ed_attendances,70,FALSE
2022,1,01/01/2022,Cavan General Hospital,all_emergency_presentations,4282,TRUE
2022,2,01/02/2022,Cavan General Hospital,all_emergency_presentations,4056,TRUE
2022,3,01/03/2022,Cavan General Hospital,all_emergency_presentations,3791,TRUE
2022,4,01/04/2022,Cavan General Hospital,all_emergency_presentations,3369,TRUE
2022,5,01/05/2022,Cavan General Hospital,all_emergency_presentations,3484,TRUE
2022,6,01/06/2022,Cavan General Hospital,all_emergency_presentations,3353,TRUE
2022,7,01/07/2022,Cavan General Hospital,all_emergency_presentations,3342,TRUE
2022,8,01/08/2022,Cavan General Hospital,all_emergency_presentations,3568,TRUE
2022,9,01/09/2022,Cavan General Hospital,all_emergency_presentations,3747,TRUE
2022,10,01/10/2022,Cavan General Hospital,all_emergency_presentations,3573,TRUE
2022,11,01/11/2022,Cavan General Hospital,all_emergency_presentations,3846,TRUE
2022,12,01/12/2022,Cavan General Hospital,all_emergency_presentations,3988,TRUE
2023,1,01/01/2023,Cavan General Hospital,all_emergency_presentations,4380,TRUE
2023,2,01/02/2023,Cavan General Hospital,all_emergency_presentations,4463,TRUE
2023,3,01/03/2023,Cavan General Hospital,all_emergency_presentations,3987,TRUE
2023,4,01/04/2023,Cavan General Hospital,all_emergency_presentations,3714,TRUE
2023,5,01/05/2023,Cavan General Hospital,all_emergency_presentations,3411,TRUE
2023,6,01/06/2023,Cavan General Hospital,all_emergency_presentations,3581,TRUE
2023,7,01/07/2023,Cavan General Hospital,all_emergency_presentations,3457,TRUE
2023,8,01/08/2023,Cavan General Hospital,all_emergency_presentations,3674,TRUE
2023,9,01/09/2023,Cavan General Hospital,all_emergency_presentations,3852,TRUE
2023,10,01/10/2023,Cavan General Hospital,all_emergency_presentations,4095,TRUE
2023,11,01/11/2023,Cavan General Hospital,all_emergency_presentations,3963,TRUE
2023,12,01/12/2023,Cavan General Hospital,all_emergency_presentations,3891,TRUE
2024,1,01/01/2024,Cavan General Hospital,all_emergency_presentations,4750,TRUE
2024,2,01/02/2024,Cavan General Hospital,all_emergency_presentations,4811,TRUE
2024,3,01/03/2024,Cavan General Hospital,all_emergency_presentations,4360,TRUE
2024,4,01/04/2024,Cavan General Hospital,all_emergency_presentations,3948,TRUE
2024,5,01/05/2024,Cavan General Hospital,all_emergency_presentations,3747,TRUE
2024,6,01/06/2024,Cavan General Hospital,all_emergency_presentations,3619,FALSE
2024,7,01/07/2024,Cavan General Hospital,all_emergency_presentations,3800,FALSE
2024,8,01/08/2024,Cavan General Hospital,all_emergency_presentations,3592,FALSE
2024,9,01/09/2024,Cavan General Hospital,all_emergency_presentations,3774,FALSE
2022,1,01/01/2022,Cavan General Hospital,new_ed_attendances,1114,TRUE
2022,2,01/02/2022,Cavan General Hospital,new_ed_attendances,1076,TRUE
2022,3,01/03/2022,Cavan General Hospital,new_ed_attendances,1021,TRUE
2022,4,01/04/2022,Cavan General Hospital,new_ed_attendances,1011,TRUE
2022,5,01/05/2022,Cavan General Hospital,new_ed_attendances,926,TRUE
2022,6,01/06/2022,Cavan General Hospital,new_ed_attendances,863,TRUE
2022,7,01/07/2022,Cavan General Hospital,new_ed_attendances,916,TRUE
2022,8,01/08/2022,Cavan General Hospital,new_ed_attendances,935,TRUE
2022,9,01/09/2022,Cavan General Hospital,new_ed_attendances,903,TRUE
2022,10,01/10/2022,Cavan General Hospital,new_ed_attendances,1010,TRUE
2022,11,01/11/2022,Cavan General Hospital,new_ed_attendances,1053,TRUE
2022,12,01/12/2022,Cavan General Hospital,new_ed_attendances,1123,TRUE
2023,1,01/01/2023,Cavan General Hospital,new_ed_attendances,1713,TRUE
2023,2,01/02/2023,Cavan General Hospital,new_ed_attendances,1621,TRUE
2023,3,01/03/2023,Cavan General Hospital,new_ed_attendances,1432,TRUE
2023,4,01/04/2023,Cavan General Hospital,new_ed_attendances,1303,TRUE
2023,5,01/05/2023,Cavan General Hospital,new_ed_attendances,1407,TRUE
2023,6,01/06/2023,Cavan General Hospital,new_ed_attendances,1267,TRUE
2023,7,01/07/2023,Cavan General Hospital,new_ed_attendances,1293,TRUE
2023,8,01/08/2023,Cavan General Hospital,new_ed_attendances,1319,TRUE
2023,9,01/09/2023,Cavan General Hospital,new_ed_attendances,1383,TRUE
2023,10,01/10/2023,Cavan General Hospital,new_ed_attendances,1410,TRUE
2023,11,01/11/2023,Cavan General Hospital,new_ed_attendances,1460,TRUE
2023,12,01/12/2023,Cavan General Hospital,new_ed_attendances,1515,TRUE
2024,1,01/01/2024,Cavan General Hospital,new_ed_attendances,2937,TRUE
2024,2,01/02/2024,Cavan General Hospital,new_ed_attendances,2794,TRUE
2024,3,01/03/2024,Cavan General Hospital,new_ed_attendances,2560,TRUE
2024,4,01/04/2024,Cavan General Hospital,new_ed_attendances,2449,TRUE
2024,5,01/05/2024,Cavan General Hospital,new_ed_attendances,2349,TRUE
2024,6,01/06/2024,Cavan General Hospital,new_ed_attendances,16911,FALSE
2024,7,01/07/2024,Cavan General Hospital,new_ed_attendances,14,FALSE
2024,8,01/08/2024,Cavan General Hospital,new_ed_attendances,13,FALSE
2024,9,01/09/2024,Cavan General Hospital,new_ed_attendances,10743,FALSE
2022,1,01/01/2022,Cavan General Hospital,return_ed_attendances,15,TRUE
2022,2,01/02/2022,Cavan General Hospital,return_ed_attendances,15,TRUE
2022,3,01/03/2022,Cavan General Hospital,return_ed_attendances,15,TRUE
2022,4,01/04/2022,Cavan General Hospital,return_ed_attendances,13,TRUE
2022,5,01/05/2022,Cavan General Hospital,return_ed_attendances,12,TRUE
2022,6,01/06/2022,Cavan General Hospital,return_ed_attendances,11,TRUE
2022,7,01/07/2022,Cavan General Hospital,return_ed_attendances,13,TRUE
2022,8,01/08/2022,Cavan General Hospital,return_ed_attendances,12,TRUE
2022,9,01/09/2022,Cavan General Hospital,return_ed_attendances,13,TRUE
2022,10,01/10/2022,Cavan General Hospital,return_ed_attendances,14,TRUE
2022,11,01/11/2022,Cavan General Hospital,return_ed_attendances,14,TRUE
2022,12,01/12/2022,Cavan General Hospital,return_ed_attendances,15,TRUE
2023,1,01/01/2023,Cavan General Hospital,return_ed_attendances,22,TRUE
2023,2,01/02/2023,Cavan General Hospital,return_ed_attendances,22,TRUE
2023,3,01/03/2023,Cavan General Hospital,return_ed_attendances,19,TRUE
2023,4,01/04/2023,Cavan General Hospital,return_ed_attendances,18,TRUE
2023,5,01/05/2023,Cavan General Hospital,return_ed_attendances,17,TRUE
2023,6,01/06/2023,Cavan General Hospital,return_ed_attendances,17,TRUE
2023,7,01/07/2023,Cavan General Hospital,return_ed_attendances,18,TRUE
2023,8,01/08/2023,Cavan General Hospital,return_ed_attendances,18,TRUE
2023,9,01/09/2023,Cavan General Hospital,return_ed_attendances,19,TRUE
2023,10,01/10/2023,Cavan General Hospital,return_ed_attendances,18,TRUE
2023,11,01/11/2023,Cavan General Hospital,return_ed_attendances,21,TRUE
2023,12,01/12/2023,Cavan General Hospital,return_ed_attendances,22,TRUE
2024,1,01/01/2024,Cavan General Hospital,return_ed_attendances,45,TRUE
2024,2,01/02/2024,Cavan General Hospital,return_ed_attendances,45,TRUE
2024,3,01/03/2024,Cavan General Hospital,return_ed_attendances,37,TRUE
2024,4,01/04/2024,Cavan General Hospital,return_ed_attendances,36,TRUE
2024,5,01/05/2024,Cavan General Hospital,return_ed_attendances,35,TRUE
2024,6,01/06/2024,Cavan General Hospital,return_ed_attendances,23,FALSE
2024,7,01/07/2024,Cavan General Hospital,return_ed_attendances,46,FALSE
2024,8,01/08/2024,Cavan General Hospital,return_ed_attendances,45,FALSE
2024,9,01/09/2024,Cavan General Hospital,return_ed_attendances,58,FALSE
2022,1,01/01/2022,Children's Health Ireland,all_emergency_presentations,13320,TRUE
2022,2,01/02/2022,Children's Health Ireland,all_emergency_presentations,13403,TRUE
2022,3,01/03/2022,Children's Health Ireland,all_emergency_presentations,11416,TRUE
2022,4,01/04/2022,Children's Health Ireland,all_emergency_presentations,10969,TRUE
2022,5,01/05/2022,Children's Health Ireland,all_emergency_presentations,10465,TRUE
2022,6,01/06/2022,Children's Health Ireland,all_emergency_presentations,9778,TRUE
2022,7,01/07/2022,Children's Health Ireland,all_emergency_presentations,10557,TRUE
2022,8,01/08/2022,Children's Health Ireland,all_emergency_presentations,10769,TRUE
2022,9,01/09/2022,Children's Health Ireland,all_emergency_presentations,11770,TRUE
2022,10,01/10/2022,Children's Health Ireland,all_emergency_presentations,11816,TRUE
2022,11,01/11/2022,Children's Health Ireland,all_emergency_presentations,11785,TRUE
2022,12,01/12/2022,Children's Health Ireland,all_emergency_presentations,13311,TRUE
2023,1,01/01/2023,Children's Health Ireland,all_emergency_presentations,14161,TRUE
2023,2,01/02/2023,Children's Health Ireland,all_emergency_presentations,13428,TRUE
2023,3,01/03/2023,Children's Health Ireland,all_emergency_presentations,12073,TRUE
2023,4,01/04/2023,Children's Health Ireland,all_emergency_presentations,11019,TRUE
2023,5,01/05/2023,Children's Health Ireland,all_emergency_presentations,10875,TRUE
2023,6,01/06/2023,Children's Health Ireland,all_emergency_presentations,10999,TRUE
2023,7,01/07/2023,Children's Health Ireland,all_emergency_presentations,11498,TRUE
2023,8,01/08/2023,Children's Health Ireland,all_emergency_presentations,11628,TRUE
2023,9,01/09/2023,Children's Health Ireland,all_emergency_presentations,11407,TRUE
2023,10,01/10/2023,Children's Health Ireland,all_emergency_presentations,11524,TRUE
2023,11,01/11/2023,Children's Health Ireland,all_emergency_presentations,12556,TRUE
2023,12,01/12/2023,Children's Health Ireland,all_emergency_presentations,12278,TRUE
2024,1,01/01/2024,Children's Health Ireland,all_emergency_presentations,14184,TRUE
2024,2,01/02/2024,Children's Health Ireland,all_emergency_presentations,13511,TRUE
2024,3,01/03/2024,Children's Health Ireland,all_emergency_presentations,12325,TRUE
2024,4,01/04/2024,Children's Health Ireland,all_emergency_presentations,11108,TRUE
2024,5,01/05/2024,Children's Health Ireland,all_emergency_presentations,11484,TRUE
2024,6,01/06/2024,Children's Health Ireland,all_emergency_presentations,11474,FALSE
2024,7,01/07/2024,Children's Health Ireland,all_emergency_presentations,10033,FALSE
2024,8,01/08/2024,Children's Health Ireland,all_emergency_presentations,9476,FALSE
2024,9,01/09/2024,Children's Health Ireland,all_emergency_presentations,11705,FALSE
2022,1,01/01/2022,Children's Health Ireland,new_ed_attendances,1738,TRUE
2022,2,01/02/2022,Children's Health Ireland,new_ed_attendances,1648,TRUE
2022,3,01/03/2022,Children's Health Ireland,new_ed_attendances,1553,TRUE
2022,4,01/04/2022,Children's Health Ireland,new_ed_attendances,1487,TRUE
2022,5,01/05/2022,Children's Health Ireland,new_ed_attendances,1369,TRUE
2022,6,01/06/2022,Children's Health Ireland,new_ed_attendances,1326,TRUE
2022,7,01/07/2022,Children's Health Ireland,new_ed_attendances,1429,TRUE
2022,8,01/08/2022,Children's Health Ireland,new_ed_attendances,1425,TRUE
2022,9,01/09/2022,Children's Health Ireland,new_ed_attendances,1431,TRUE
2022,10,01/10/2022,Children's Health Ireland,new_ed_attendances,1519,TRUE
2022,11,01/11/2022,Children's Health Ireland,new_ed_attendances,1546,TRUE
2022,12,01/12/2022,Children's Health Ireland,new_ed_attendances,1603,TRUE
2023,1,01/01/2023,Children's Health Ireland,new_ed_attendances,2415,TRUE
2023,2,01/02/2023,Children's Health Ireland,new_ed_attendances,2183,TRUE
2023,3,01/03/2023,Children's Health Ireland,new_ed_attendances,2023,TRUE
2023,4,01/04/2023,Children's Health Ireland,new_ed_attendances,1958,TRUE
2023,5,01/05/2023,Children's Health Ireland,new_ed_attendances,1872,TRUE
2023,6,01/06/2023,Children's Health Ireland,new_ed_attendances,1887,TRUE
2023,7,01/07/2023,Children's Health Ireland,new_ed_attendances,1858,TRUE
2023,8,01/08/2023,Children's Health Ireland,new_ed_attendances,1868,TRUE
2023,9,01/09/2023,Children's Health Ireland,new_ed_attendances,2121,TRUE
2023,10,01/10/2023,Children's Health Ireland,new_ed_attendances,2079,TRUE
2023,11,01/11/2023,Children's Health Ireland,new_ed_attendances,2199,TRUE
2023,12,01/12/2023,Children's Health Ireland,new_ed_attendances,2178,TRUE
2024,1,01/01/2024,Children's Health Ireland,new_ed_attendances,9362,TRUE
2024,2,01/02/2024,Children's Health Ireland,new_ed_attendances,9225,TRUE
2024,3,01/03/2024,Children's Health Ireland,new_ed_attendances,8176,TRUE
2024,4,01/04/2024,Children's Health Ireland,new_ed_attendances,7993,TRUE
2024,5,01/05/2024,Children's Health Ireland,new_ed_attendances,7524,TRUE
2024,6,01/06/2024,Children's Health Ireland,new_ed_attendances,51744,FALSE
2024,7,01/07/2024,Children's Health Ireland,new_ed_attendances,20,FALSE
2024,8,01/08/2024,Children's Health Ireland,new_ed_attendances,9,FALSE
2024,9,01/09/2024,Children's Health Ireland,new_ed_attendances,15518,FALSE
2022,1,01/01/2022,Children's Health Ireland,return_ed_attendances,685,TRUE
2022,2,01/02/2022,Children's Health Ireland,return_ed_attendances,668,TRUE
2022,3,01/03/2022,Children's Health Ireland,return_ed_attendances,578,TRUE
2022,4,01/04/2022,Children's Health Ireland,return_ed_attendances,544,TRUE
2022,5,01/05/2022,Children's Health Ireland,return_ed_attendances,555,TRUE
2022,6,01/06/2022,Children's Health Ireland,return_ed_attendances,545,TRUE
2022,7,01/07/2022,Children's Health Ireland,return_ed_attendances,539,TRUE
2022,8,01/08/2022,Children's Health Ireland,return_ed_attendances,527,TRUE
2022,9,01/09/2022,Children's Health Ireland,return_ed_attendances,597,TRUE
2022,10,01/10/2022,Children's Health Ireland,return_ed_attendances,571,TRUE
2022,11,01/11/2022,Children's Health Ireland,return_ed_attendances,602,TRUE
2022,12,01/12/2022,Children's Health Ireland,return_ed_attendances,638,TRUE
2023,1,01/01/2023,Children's Health Ireland,return_ed_attendances,729,TRUE
2023,2,01/02/2023,Children's Health Ireland,return_ed_attendances,690,TRUE
2023,3,01/03/2023,Children's Health Ireland,return_ed_attendances,628,TRUE
2023,4,01/04/2023,Children's Health Ireland,return_ed_attendances,587,TRUE
2023,5,01/05/2023,Children's Health Ireland,return_ed_attendances,562,TRUE
2023,6,01/06/2023,Children's Health Ireland,return_ed_attendances,552,TRUE
2023,7,01/07/2023,Children's Health Ireland,return_ed_attendances,513,TRUE
2023,8,01/08/2023,Children's Health Ireland,return_ed_attendances,562,TRUE
2023,9,01/09/2023,Children's Health Ireland,return_ed_attendances,595,TRUE
2023,10,01/10/2023,Children's Health Ireland,return_ed_attendances,587,TRUE
2023,11,01/11/2023,Children's Health Ireland,return_ed_attendances,645,TRUE
2023,12,01/12/2023,Children's Health Ireland,return_ed_attendances,657,TRUE
2024,1,01/01/2024,Children's Health Ireland,return_ed_attendances,768,TRUE
2024,2,01/02/2024,Children's Health Ireland,return_ed_attendances,738,TRUE
2024,3,01/03/2024,Children's Health Ireland,return_ed_attendances,640,TRUE
2024,4,01/04/2024,Children's Health Ireland,return_ed_attendances,603,TRUE
2024,5,01/05/2024,Children's Health Ireland,return_ed_attendances,586,TRUE
2024,6,01/06/2024,Children's Health Ireland,return_ed_attendances,641,FALSE
2024,7,01/07/2024,Children's Health Ireland,return_ed_attendances,559,FALSE
2024,8,01/08/2024,Children's Health Ireland,return_ed_attendances,446,FALSE
2024,9,01/09/2024,Children's Health Ireland,return_ed_attendances,553,FALSE
2022,1,01/01/2022,Connolly Hospital Blanchardstown,all_emergency_presentations,4813,TRUE
2022,2,01/02/2022,Connolly Hospital Blanchardstown,all_emergency_presentations,4407,TRUE
2022,3,01/03/2022,Connolly Hospital Blanchardstown,all_emergency_presentations,4241,TRUE
2022,4,01/04/2022,Connolly Hospital Blanchardstown,all_emergency_presentations,3962,TRUE
2022,5,01/05/2022,Connolly Hospital Blanchardstown,all_emergency_presentations,3903,TRUE
2022,6,01/06/2022,Connolly Hospital Blanchardstown,all_emergency_presentations,3967,TRUE
2022,7,01/07/2022,Connolly Hospital Blanchardstown,all_emergency_presentations,3787,TRUE
2022,8,01/08/2022,Connolly Hospital Blanchardstown,all_emergency_presentations,3765,TRUE
2022,9,01/09/2022,Connolly Hospital Blanchardstown,all_emergency_presentations,3979,TRUE
2022,10,01/10/2022,Connolly Hospital Blanchardstown,all_emergency_presentations,3884,TRUE
2022,11,01/11/2022,Connolly Hospital Blanchardstown,all_emergency_presentations,4211,TRUE
2022,12,01/12/2022,Connolly Hospital Blanchardstown,all_emergency_presentations,4405,TRUE
2023,1,01/01/2023,Connolly Hospital Blanchardstown,all_emergency_presentations,4930,TRUE
2023,2,01/02/2023,Connolly Hospital Blanchardstown,all_emergency_presentations,4861,TRUE
2023,3,01/03/2023,Connolly Hospital Blanchardstown,all_emergency_presentations,4347,TRUE
2023,4,01/04/2023,Connolly Hospital Blanchardstown,all_emergency_presentations,4300,TRUE
2023,5,01/05/2023,Connolly Hospital Blanchardstown,all_emergency_presentations,4032,TRUE
2023,6,01/06/2023,Connolly Hospital Blanchardstown,all_emergency_presentations,3904,TRUE
2023,7,01/07/2023,Connolly Hospital Blanchardstown,all_emergency_presentations,3951,TRUE
2023,8,01/08/2023,Connolly Hospital Blanchardstown,all_emergency_presentations,4094,TRUE
2023,9,01/09/2023,Connolly Hospital Blanchardstown,all_emergency_presentations,4350,TRUE
2023,10,01/10/2023,Connolly Hospital Blanchardstown,all_emergency_presentations,4258,TRUE
2023,11,01/11/2023,Connolly Hospital Blanchardstown,all_emergency_presentations,4494,TRUE
2023,12,01/12/2023,Connolly Hospital Blanchardstown,all_emergency_presentations,4711,TRUE
2024,1,01/01/2024,Connolly Hospital Blanchardstown,all_emergency_presentations,5123,TRUE
2024,2,01/02/2024,Connolly Hospital Blanchardstown,all_emergency_presentations,5031,TRUE
2024,3,01/03/2024,Connolly Hospital Blanchardstown,all_emergency_presentations,4682,TRUE
2024,4,01/04/2024,Connolly Hospital Blanchardstown,all_emergency_presentations,4550,TRUE
2024,5,01/05/2024,Connolly Hospital Blanchardstown,all_emergency_presentations,4332,TRUE
2024,6,01/06/2024,Connolly Hospital Blanchardstown,all_emergency_presentations,4409,FALSE
2024,7,01/07/2024,Connolly Hospital Blanchardstown,all_emergency_presentations,4562,FALSE
2024,8,01/08/2024,Connolly Hospital Blanchardstown,all_emergency_presentations,4529,FALSE
2024,9,01/09/2024,Connolly Hospital Blanchardstown,all_emergency_presentations,4471,FALSE
2022,1,01/01/2022,Connolly Hospital Blanchardstown,new_ed_attendances,1105,TRUE
2022,2,01/02/2022,Connolly Hospital Blanchardstown,new_ed_attendances,940,TRUE
2022,3,01/03/2022,Connolly Hospital Blanchardstown,new_ed_attendances,972,TRUE
2022,4,01/04/2022,Connolly Hospital Blanchardstown,new_ed_attendances,911,TRUE
2022,5,01/05/2022,Connolly Hospital Blanchardstown,new_ed_attendances,798,TRUE
2022,6,01/06/2022,Connolly Hospital Blanchardstown,new_ed_attendances,816,TRUE
2022,7,01/07/2022,Connolly Hospital Blanchardstown,new_ed_attendances,833,TRUE
2022,8,01/08/2022,Connolly Hospital Blanchardstown,new_ed_attendances,824,TRUE
2022,9,01/09/2022,Connolly Hospital Blanchardstown,new_ed_attendances,875,TRUE
2022,10,01/10/2022,Connolly Hospital Blanchardstown,new_ed_attendances,892,TRUE
2022,11,01/11/2022,Connolly Hospital Blanchardstown,new_ed_attendances,1019,TRUE
2022,12,01/12/2022,Connolly Hospital Blanchardstown,new_ed_attendances,1032,TRUE
2023,1,01/01/2023,Connolly Hospital Blanchardstown,new_ed_attendances,1537,TRUE
2023,2,01/02/2023,Connolly Hospital Blanchardstown,new_ed_attendances,1461,TRUE
2023,3,01/03/2023,Connolly Hospital Blanchardstown,new_ed_attendances,1273,TRUE
2023,4,01/04/2023,Connolly Hospital Blanchardstown,new_ed_attendances,1210,TRUE
2023,5,01/05/2023,Connolly Hospital Blanchardstown,new_ed_attendances,1209,TRUE
2023,6,01/06/2023,Connolly Hospital Blanchardstown,new_ed_attendances,1112,TRUE
2023,7,01/07/2023,Connolly Hospital Blanchardstown,new_ed_attendances,1205,TRUE
2023,8,01/08/2023,Connolly Hospital Blanchardstown,new_ed_attendances,1196,TRUE
2023,9,01/09/2023,Connolly Hospital Blanchardstown,new_ed_attendances,1241,TRUE
2023,10,01/10/2023,Connolly Hospital Blanchardstown,new_ed_attendances,1320,TRUE
2023,11,01/11/2023,Connolly Hospital Blanchardstown,new_ed_attendances,1373,TRUE
2023,12,01/12/2023,Connolly Hospital Blanchardstown,new_ed_attendances,1390,TRUE
2024,1,01/01/2024,Connolly Hospital Blanchardstown,new_ed_attendances,5415,TRUE
2024,2,01/02/2024,Connolly Hospital Blanchardstown,new_ed_attendances,4892,TRUE
2024,3,01/03/2024,Connolly Hospital Blanchardstown,new_ed_attendances,4743,TRUE
2024,4,01/04/2024,Connolly Hospital Blanchardstown,new_ed_attendances,4424,TRUE
2024,5,01/05/2024,Connolly Hospital Blanchardstown,new_ed_attendances,4174,TRUE
2024,6,01/06/2024,Connolly Hospital Blanchardstown,new_ed_attendances,27501,FALSE
2024,7,01/07/2024,Connolly Hospital Blanchardstown,new_ed_attendances,1,FALSE
2024,8,01/08/2024,Connolly Hospital Blanchardstown,new_ed_attendances,2,FALSE
2024,9,01/09/2024,Connolly Hospital Blanchardstown,new_ed_attendances,10051,FALSE
2022,1,01/01/2022,Connolly Hospital Blanchardstown,return_ed_attendances,500,TRUE
2022,2,01/02/2022,Connolly Hospital Blanchardstown,return_ed_attendances,458,TRUE
2022,3,01/03/2022,Connolly Hospital Blanchardstown,return_ed_attendances,445,TRUE
2022,4,01/04/2022,Connolly Hospital Blanchardstown,return_ed_attendances,423,TRUE
2022,5,01/05/2022,Connolly Hospital Blanchardstown,return_ed_attendances,402,TRUE
2022,6,01/06/2022,Connolly Hospital Blanchardstown,return_ed_attendances,385,TRUE
2022,7,01/07/2022,Connolly Hospital Blanchardstown,return_ed_attendances,378,TRUE
2022,8,01/08/2022,Connolly Hospital Blanchardstown,return_ed_attendances,388,TRUE
2022,9,01/09/2022,Connolly Hospital Blanchardstown,return_ed_attendances,430,TRUE
2022,10,01/10/2022,Connolly Hospital Blanchardstown,return_ed_attendances,437,TRUE
2022,11,01/11/2022,Connolly Hospital Blanchardstown,return_ed_attendances,447,TRUE
2022,12,01/12/2022,Connolly Hospital Blanchardstown,return_ed_attendances,458,TRUE
2023,1,01/01/2023,Connolly Hospital Blanchardstown,return_ed_attendances,395,TRUE
2023,2,01/02/2023,Connolly Hospital Blanchardstown,return_ed_attendances,393,TRUE
2023,3,01/03/2023,Connolly Hospital Blanchardstown,return_ed_attendances,396,TRUE
2023,4,01/04/2023,Connolly Hospital Blanchardstown,return_ed_attendances,336,TRUE
2023,5,01/05/2023,Connolly Hospital Blanchardstown,return_ed_attendances,340,TRUE
2023,6,01/06/2023,Connolly Hospital Blanchardstown,return_ed_attendances,338,TRUE
2023,7,01/07/2023,Connolly Hospital Blanchardstown,return_ed_attendances,322,TRUE
2023,8,01/08/2023,Connolly Hospital Blanchardstown,return_ed_attendances,344,TRUE
2023,9,01/09/2023,Connolly Hospital Blanchardstown,return_ed_attendances,366,TRUE
2023,10,01/10/2023,Connolly Hospital Blanchardstown,return_ed_attendances,367,TRUE
2023,11,01/11/2023,Connolly Hospital Blanchardstown,return_ed_attendances,418,TRUE
2023,12,01/12/2023,Connolly Hospital Blanchardstown,return_ed_attendances,379,TRUE
2024,1,01/01/2024,Connolly Hospital Blanchardstown,return_ed_attendances,373,TRUE
2024,2,01/02/2024,Connolly Hospital Blanchardstown,return_ed_attendances,347,TRUE
2024,3,01/03/2024,Connolly Hospital Blanchardstown,return_ed_attendances,329,TRUE
2024,4,01/04/2024,Connolly Hospital Blanchardstown,return_ed_attendances,304,TRUE
2024,5,01/05/2024,Connolly Hospital Blanchardstown,return_ed_attendances,285,TRUE
2024,6,01/06/2024,Connolly Hospital Blanchardstown,return_ed_attendances,325,FALSE
2024,7,01/07/2024,Connolly Hospital Blanchardstown,return_ed_attendances,304,FALSE
2024,8,01/08/2024,Connolly Hospital Blanchardstown,return_ed_attendances,350,FALSE
2024,9,01/09/2024,Connolly Hospital Blanchardstown,return_ed_attendances,282,FALSE
2022,1,01/01/2022,Coombe Women and Infants University Hospital,new_ed_attendances,1154,TRUE
2022,2,01/02/2022,Coombe Women and Infants University Hospital,new_ed_attendances,1136,TRUE
2022,3,01/03/2022,Coombe Women and Infants University Hospital,new_ed_attendances,1002,TRUE
2022,4,01/04/2022,Coombe Women and Infants University Hospital,new_ed_attendances,944,TRUE
2022,5,01/05/2022,Coombe Women and Infants University Hospital,new_ed_attendances,889,TRUE
2022,6,01/06/2022,Coombe Women and Infants University Hospital,new_ed_attendances,859,TRUE
2022,7,01/07/2022,Coombe Women and Infants University Hospital,new_ed_attendances,933,TRUE
2022,8,01/08/2022,Coombe Women and Infants University Hospital,new_ed_attendances,968,TRUE
2022,9,01/09/2022,Coombe Women and Infants University Hospital,new_ed_attendances,966,TRUE
2022,10,01/10/2022,Coombe Women and Infants University Hospital,new_ed_attendances,1028,TRUE
2022,11,01/11/2022,Coombe Women and Infants University Hospital,new_ed_attendances,1057,TRUE
2022,12,01/12/2022,Coombe Women and Infants University Hospital,new_ed_attendances,1064,TRUE
2023,1,01/01/2023,Coombe Women and Infants University Hospital,new_ed_attendances,1617,TRUE
2023,2,01/02/2023,Coombe Women and Infants University Hospital,new_ed_attendances,1617,TRUE
2023,3,01/03/2023,Coombe Women and Infants University Hospital,new_ed_attendances,1422,TRUE
2023,4,01/04/2023,Coombe Women and Infants University Hospital,new_ed_attendances,1391,TRUE
2023,5,01/05/2023,Coombe Women and Infants University Hospital,new_ed_attendances,1187,TRUE
2023,6,01/06/2023,Coombe Women and Infants University Hospital,new_ed_attendances,1278,TRUE
2023,7,01/07/2023,Coombe Women and Infants University Hospital,new_ed_attendances,1278,TRUE
2023,8,01/08/2023,Coombe Women and Infants University Hospital,new_ed_attendances,1290,TRUE
2023,9,01/09/2023,Coombe Women and Infants University Hospital,new_ed_attendances,1360,TRUE
2023,10,01/10/2023,Coombe Women and Infants University Hospital,new_ed_attendances,1313,TRUE
2023,11,01/11/2023,Coombe Women and Infants University Hospital,new_ed_attendances,1455,TRUE
2023,12,01/12/2023,Coombe Women and Infants University Hospital,new_ed_attendances,1535,TRUE
2024,1,01/01/2024,Coombe Women and Infants University Hospital,new_ed_attendances,2973,TRUE
2024,2,01/02/2024,Coombe Women and Infants University Hospital,new_ed_attendances,2708,TRUE
2024,3,01/03/2024,Coombe Women and Infants University Hospital,new_ed_attendances,2472,TRUE
2024,4,01/04/2024,Coombe Women and Infants University Hospital,new_ed_attendances,2329,TRUE
2024,5,01/05/2024,Coombe Women and Infants University Hospital,new_ed_attendances,2355,TRUE
2024,6,01/06/2024,Coombe Women and Infants University Hospital,new_ed_attendances,14079,FALSE
2024,9,01/09/2024,Coombe Women and Infants University Hospital,new_ed_attendances,11278,FALSE
2022,1,01/01/2022,Coombe Women and Infants University Hospital,return_ed_attendances,732,TRUE
2022,2,01/02/2022,Coombe Women and Infants University Hospital,return_ed_attendances,735,TRUE
2022,3,01/03/2022,Coombe Women and Infants University Hospital,return_ed_attendances,670,TRUE
2022,4,01/04/2022,Coombe Women and Infants University Hospital,return_ed_attendances,623,TRUE
2022,5,01/05/2022,Coombe Women and Infants University Hospital,return_ed_attendances,591,TRUE
2022,6,01/06/2022,Coombe Women and Infants University Hospital,return_ed_attendances,555,TRUE
2022,7,01/07/2022,Coombe Women and Infants University Hospital,return_ed_attendances,599,TRUE
2022,8,01/08/2022,Coombe Women and Infants University Hospital,return_ed_attendances,588,TRUE
2022,9,01/09/2022,Coombe Women and Infants University Hospital,return_ed_attendances,669,TRUE
2022,10,01/10/2022,Coombe Women and Infants University Hospital,return_ed_attendances,658,TRUE
2022,11,01/11/2022,Coombe Women and Infants University Hospital,return_ed_attendances,666,TRUE
2022,12,01/12/2022,Coombe Women and Infants University Hospital,return_ed_attendances,690,TRUE
2023,1,01/01/2023,Coombe Women and Infants University Hospital,return_ed_attendances,684,TRUE
2023,2,01/02/2023,Coombe Women and Infants University Hospital,return_ed_attendances,658,TRUE
2023,3,01/03/2023,Coombe Women and Infants University Hospital,return_ed_attendances,631,TRUE
2023,4,01/04/2023,Coombe Women and Infants University Hospital,return_ed_attendances,573,TRUE
2023,5,01/05/2023,Coombe Women and Infants University Hospital,return_ed_attendances,540,TRUE
2023,6,01/06/2023,Coombe Women and Infants University Hospital,return_ed_attendances,565,TRUE
2023,7,01/07/2023,Coombe Women and Infants University Hospital,return_ed_attendances,547,TRUE
2023,8,01/08/2023,Coombe Women and Infants University Hospital,return_ed_attendances,571,TRUE
2023,9,01/09/2023,Coombe Women and Infants University Hospital,return_ed_attendances,571,TRUE
2023,10,01/10/2023,Coombe Women and Infants University Hospital,return_ed_attendances,605,TRUE
2023,11,01/11/2023,Coombe Women and Infants University Hospital,return_ed_attendances,634,TRUE
2023,12,01/12/2023,Coombe Women and Infants University Hospital,return_ed_attendances,614,TRUE
2024,1,01/01/2024,Coombe Women and Infants University Hospital,return_ed_attendances,673,TRUE
2024,2,01/02/2024,Coombe Women and Infants University Hospital,return_ed_attendances,637,TRUE
2024,3,01/03/2024,Coombe Women and Infants University Hospital,return_ed_attendances,558,TRUE
2024,4,01/04/2024,Coombe Women and Infants University Hospital,return_ed_attendances,510,TRUE
2024,5,01/05/2024,Coombe Women and Infants University Hospital,return_ed_attendances,516,TRUE
2024,6,01/06/2024,Coombe Women and Infants University Hospital,return_ed_attendances,531,FALSE
2024,7,01/07/2024,Coombe Women and Infants University Hospital,return_ed_attendances,597,FALSE
2024,8,01/08/2024,Coombe Women and Infants University Hospital,return_ed_attendances,557,FALSE
2024,9,01/09/2024,Coombe Women and Infants University Hospital,return_ed_attendances,538,FALSE
2022,1,01/01/2022,Cork University Hospital,all_emergency_presentations,7063,TRUE
2022,2,01/02/2022,Cork University Hospital,all_emergency_presentations,6820,TRUE
2022,3,01/03/2022,Cork University Hospital,all_emergency_presentations,5921,TRUE
2022,4,01/04/2022,Cork University Hospital,all_emergency_presentations,5864,TRUE
2022,5,01/05/2022,Cork University Hospital,all_emergency_presentations,5804,TRUE
2022,6,01/06/2022,Cork University Hospital,all_emergency_presentations,5192,TRUE
2022,7,01/07/2022,Cork University Hospital,all_emergency_presentations,5339,TRUE
2022,8,01/08/2022,Cork University Hospital,all_emergency_presentations,5778,TRUE
2022,9,01/09/2022,Cork University Hospital,all_emergency_presentations,5888,TRUE
2022,10,01/10/2022,Cork University Hospital,all_emergency_presentations,6115,TRUE
2022,11,01/11/2022,Cork University Hospital,all_emergency_presentations,6372,TRUE
2022,12,01/12/2022,Cork University Hospital,all_emergency_presentations,6618,TRUE
2023,1,01/01/2023,Cork University Hospital,all_emergency_presentations,7363,TRUE
2023,2,01/02/2023,Cork University Hospital,all_emergency_presentations,7641,TRUE
2023,3,01/03/2023,Cork University Hospital,all_emergency_presentations,7062,TRUE
2023,4,01/04/2023,Cork University Hospital,all_emergency_presentations,6324,TRUE
2023,5,01/05/2023,Cork University Hospital,all_emergency_presentations,6165,TRUE
2023,6,01/06/2023,Cork University Hospital,all_emergency_presentations,5704,TRUE
2023,7,01/07/2023,Cork University Hospital,all_emergency_presentations,6202,TRUE
2023,8,01/08/2023,Cork University Hospital,all_emergency_presentations,6345,TRUE
2023,9,01/09/2023,Cork University Hospital,all_emergency_presentations,6486,TRUE
2023,10,01/10/2023,Cork University Hospital,all_emergency_presentations,6919,TRUE
2023,11,01/11/2023,Cork University Hospital,all_emergency_presentations,6948,TRUE
2023,12,01/12/2023,Cork University Hospital,all_emergency_presentations,7401,TRUE
2024,1,01/01/2024,Cork University Hospital,all_emergency_presentations,8271,TRUE
2024,2,01/02/2024,Cork University Hospital,all_emergency_presentations,8237,TRUE
2024,3,01/03/2024,Cork University Hospital,all_emergency_presentations,7552,TRUE
2024,4,01/04/2024,Cork University Hospital,all_emergency_presentations,7134,TRUE
2024,5,01/05/2024,Cork University Hospital,all_emergency_presentations,6793,TRUE
2024,6,01/06/2024,Cork University Hospital,all_emergency_presentations,7381,FALSE
2024,7,01/07/2024,Cork University Hospital,all_emergency_presentations,7076,FALSE
2024,8,01/08/2024,Cork University Hospital,all_emergency_presentations,7017,FALSE
2024,9,01/09/2024,Cork University Hospital,all_emergency_presentations,7309,FALSE
2022,1,01/01/2022,Cork University Hospital,new_ed_attendances,3022,TRUE
2022,2,01/02/2022,Cork University Hospital,new_ed_attendances,2845,TRUE
2022,3,01/03/2022,Cork University Hospital,new_ed_attendances,2634,TRUE
2022,4,01/04/2022,Cork University Hospital,new_ed_attendances,2471,TRUE
2022,5,01/05/2022,Cork University Hospital,new_ed_attendances,2449,TRUE
2022,6,01/06/2022,Cork University Hospital,new_ed_attendances,2379,TRUE
2022,7,01/07/2022,Cork University Hospital,new_ed_attendances,2352,TRUE
2022,8,01/08/2022,Cork University Hospital,new_ed_attendances,2442,TRUE
2022,9,01/09/2022,Cork University Hospital,new_ed_attendances,2709,TRUE
2022,10,01/10/2022,Cork University Hospital,new_ed_attendances,2758,TRUE
2022,11,01/11/2022,Cork University Hospital,new_ed_attendances,2785,TRUE
2022,12,01/12/2022,Cork University Hospital,new_ed_attendances,2854,TRUE
2023,1,01/01/2023,Cork University Hospital,new_ed_attendances,4221,TRUE
2023,2,01/02/2023,Cork University Hospital,new_ed_attendances,4138,TRUE
2023,3,01/03/2023,Cork University Hospital,new_ed_attendances,3627,TRUE
2023,4,01/04/2023,Cork University Hospital,new_ed_attendances,3466,TRUE
2023,5,01/05/2023,Cork University Hospital,new_ed_attendances,3216,TRUE
2023,6,01/06/2023,Cork University Hospital,new_ed_attendances,3318,TRUE
2023,7,01/07/2023,Cork University Hospital,new_ed_attendances,3415,TRUE
2023,8,01/08/2023,Cork University Hospital,new_ed_attendances,3372,TRUE
2023,9,01/09/2023,Cork University Hospital,new_ed_attendances,3732,TRUE
2023,10,01/10/2023,Cork University Hospital,new_ed_attendances,3536,TRUE
2023,11,01/11/2023,Cork University Hospital,new_ed_attendances,3680,TRUE
2023,12,01/12/2023,Cork University Hospital,new_ed_attendances,4019,TRUE
2024,1,01/01/2024,Cork University Hospital,new_ed_attendances,15474,TRUE
2024,2,01/02/2024,Cork University Hospital,new_ed_attendances,15226,TRUE
2024,3,01/03/2024,Cork University Hospital,new_ed_attendances,13166,TRUE
2024,4,01/04/2024,Cork University Hospital,new_ed_attendances,12863,TRUE
2024,5,01/05/2024,Cork University Hospital,new_ed_attendances,12064,TRUE
2024,6,01/06/2024,Cork University Hospital,new_ed_attendances,77866,FALSE
2024,7,01/07/2024,Cork University Hospital,new_ed_attendances,15,FALSE
2024,8,01/08/2024,Cork University Hospital,new_ed_attendances,2,FALSE
2024,9,01/09/2024,Cork University Hospital,new_ed_attendances,27916,FALSE
2022,1,01/01/2022,Cork University Hospital,return_ed_attendances,400,TRUE
2022,2,01/02/2022,Cork University Hospital,return_ed_attendances,359,TRUE
2022,3,01/03/2022,Cork University Hospital,return_ed_attendances,355,TRUE
2022,4,01/04/2022,Cork University Hospital,return_ed_attendances,335,TRUE
2022,5,01/05/2022,Cork University Hospital,return_ed_attendances,315,TRUE
2022,6,01/06/2022,Cork University Hospital,return_ed_attendances,310,TRUE
2022,7,01/07/2022,Cork University Hospital,return_ed_attendances,336,TRUE
2022,8,01/08/2022,Cork University Hospital,return_ed_attendances,335,TRUE
2022,9,01/09/2022,Cork University Hospital,return_ed_attendances,333,TRUE
2022,10,01/10/2022,Cork University Hospital,return_ed_attendances,335,TRUE
2022,11,01/11/2022,Cork University Hospital,return_ed_attendances,366,TRUE
2022,12,01/12/2022,Cork University Hospital,return_ed_attendances,381,TRUE
2023,1,01/01/2023,Cork University Hospital,return_ed_attendances,519,TRUE
2023,2,01/02/2023,Cork University Hospital,return_ed_attendances,486,TRUE
2023,3,01/03/2023,Cork University Hospital,return_ed_attendances,462,TRUE
2023,4,01/04/2023,Cork University Hospital,return_ed_attendances,449,TRUE
2023,5,01/05/2023,Cork University Hospital,return_ed_attendances,422,TRUE
2023,6,01/06/2023,Cork University Hospital,return_ed_attendances,398,TRUE
2023,7,01/07/2023,Cork University Hospital,return_ed_attendances,405,TRUE
2023,8,01/08/2023,Cork University Hospital,return_ed_attendances,411,TRUE
2023,9,01/09/2023,Cork University Hospital,return_ed_attendances,449,TRUE
2023,10,01/10/2023,Cork University Hospital,return_ed_attendances,438,TRUE
2023,11,01/11/2023,Cork University Hospital,return_ed_attendances,469,TRUE
2023,12,01/12/2023,Cork University Hospital,return_ed_attendances,486,TRUE
2024,1,01/01/2024,Cork University Hospital,return_ed_attendances,638,TRUE
2024,2,01/02/2024,Cork University Hospital,return_ed_attendances,600,TRUE
2024,3,01/03/2024,Cork University Hospital,return_ed_attendances,582,TRUE
2024,4,01/04/2024,Cork University Hospital,return_ed_attendances,537,TRUE
2024,5,01/05/2024,Cork University Hospital,return_ed_attendances,529,TRUE
2024,6,01/06/2024,Cork University Hospital,return_ed_attendances,594,FALSE
2024,7,01/07/2024,Cork University Hospital,return_ed_attendances,526,FALSE
2024,8,01/08/2024,Cork University Hospital,return_ed_attendances,579,FALSE
2024,9,01/09/2024,Cork University Hospital,return_ed_attendances,594,FALSE
2022,1,01/01/2022,Cork University Maternity Hospital,return_ed_attendances,604,TRUE
2022,2,01/02/2022,Cork University Maternity Hospital,return_ed_attendances,588,TRUE
2022,3,01/03/2022,Cork University Maternity Hospital,return_ed_attendances,513,TRUE
2022,4,01/04/2022,Cork University Maternity Hospital,return_ed_attendances,511,TRUE
2022,5,01/05/2022,Cork University Maternity Hospital,return_ed_attendances,522,TRUE
2022,6,01/06/2022,Cork University Maternity Hospital,return_ed_attendances,499,TRUE
2022,7,01/07/2022,Cork University Maternity Hospital,return_ed_attendances,499,TRUE
2022,8,01/08/2022,Cork University Maternity Hospital,return_ed_attendances,513,TRUE
2022,9,01/09/2022,Cork University Maternity Hospital,return_ed_attendances,523,TRUE
2022,10,01/10/2022,Cork University Maternity Hospital,return_ed_attendances,554,TRUE
2022,11,01/11/2022,Cork University Maternity Hospital,return_ed_attendances,590,TRUE
2022,12,01/12/2022,Cork University Maternity Hospital,return_ed_attendances,570,TRUE
2023,1,01/01/2023,Cork University Maternity Hospital,return_ed_attendances,641,TRUE
2023,2,01/02/2023,Cork University Maternity Hospital,return_ed_attendances,631,TRUE
2023,3,01/03/2023,Cork University Maternity Hospital,return_ed_attendances,559,TRUE
2023,4,01/04/2023,Cork University Maternity Hospital,return_ed_attendances,539,TRUE
2023,5,01/05/2023,Cork University Maternity Hospital,return_ed_attendances,555,TRUE
2023,6,01/06/2023,Cork University Maternity Hospital,return_ed_attendances,494,TRUE
2023,7,01/07/2023,Cork University Maternity Hospital,return_ed_attendances,512,TRUE
2023,8,01/08/2023,Cork University Maternity Hospital,return_ed_attendances,506,TRUE
2023,9,01/09/2023,Cork University Maternity Hospital,return_ed_attendances,542,TRUE
2023,10,01/10/2023,Cork University Maternity Hospital,return_ed_attendances,562,TRUE
2023,11,01/11/2023,Cork University Maternity Hospital,return_ed_attendances,585,TRUE
2023,12,01/12/2023,Cork University Maternity Hospital,return_ed_attendances,585,TRUE
2024,1,01/01/2024,Cork University Maternity Hospital,return_ed_attendances,645,TRUE
2024,2,01/02/2024,Cork University Maternity Hospital,return_ed_attendances,646,TRUE
2024,3,01/03/2024,Cork University Maternity Hospital,return_ed_attendances,578,TRUE
2024,4,01/04/2024,Cork University Maternity Hospital,return_ed_attendances,547,TRUE
2024,5,01/05/2024,Cork University Maternity Hospital,return_ed_attendances,512,TRUE
2024,6,01/06/2024,Cork University Maternity Hospital,return_ed_attendances,518,FALSE
2024,7,01/07/2024,Cork University Maternity Hospital,return_ed_attendances,560,FALSE
2024,8,01/08/2024,Cork University Maternity Hospital,return_ed_attendances,545,FALSE
2024,9,01/09/2024,Cork University Maternity Hospital,return_ed_attendances,559,FALSE
2022,1,01/01/2022,Croom Orthopaedic Hospital,new_ed_attendances,164,TRUE
2022,2,01/02/2022,Croom Orthopaedic Hospital,new_ed_attendances,150,TRUE
2022,3,01/03/2022,Croom Orthopaedic Hospital,new_ed_attendances,137,TRUE
2022,4,01/04/2022,Croom Orthopaedic Hospital,new_ed_attendances,126,TRUE
2022,5,01/05/2022,Croom Orthopaedic Hospital,new_ed_attendances,124,TRUE
2022,6,01/06/2022,Croom Orthopaedic Hospital,new_ed_attendances,119,TRUE
2022,7,01/07/2022,Croom Orthopaedic Hospital,new_ed_attendances,125,TRUE
2022,8,01/08/2022,Croom Orthopaedic Hospital,new_ed_attendances,128,TRUE
2022,9,01/09/2022,Croom Orthopaedic Hospital,new_ed_attendances,127,TRUE
2022,10,01/10/2022,Croom Orthopaedic Hospital,new_ed_attendances,128,TRUE
2022,11,01/11/2022,Croom Orthopaedic Hospital,new_ed_attendances,133,TRUE
2022,12,01/12/2022,Croom Orthopaedic Hospital,new_ed_attendances,148,TRUE
2023,1,01/01/2023,Croom Orthopaedic Hospital,new_ed_attendances,207,TRUE
2023,2,01/02/2023,Croom Orthopaedic Hospital,new_ed_attendances,194,TRUE
2023,3,01/03/2023,Croom Orthopaedic Hospital,new_ed_attendances,193,TRUE
2023,4,01/04/2023,Croom Orthopaedic Hospital,new_ed_attendances,192,TRUE
2023,5,01/05/2023,Croom Orthopaedic Hospital,new_ed_attendances,173,TRUE
2023,6,01/06/2023,Croom Orthopaedic Hospital,new_ed_attendances,171,TRUE
2023,7,01/07/2023,Croom Orthopaedic Hospital,new_ed_attendances,171,TRUE
2023,8,01/08/2023,Croom Orthopaedic Hospital,new_ed_attendances,174,TRUE
2023,9,01/09/2023,Croom Orthopaedic Hospital,new_ed_attendances,187,TRUE
2023,10,01/10/2023,Croom Orthopaedic Hospital,new_ed_attendances,186,TRUE
2023,11,01/11/2023,Croom Orthopaedic Hospital,new_ed_attendances,198,TRUE
2023,12,01/12/2023,Croom Orthopaedic Hospital,new_ed_attendances,206,TRUE
2024,1,01/01/2024,Croom Orthopaedic Hospital,new_ed_attendances,837,TRUE
2024,2,01/02/2024,Croom Orthopaedic Hospital,new_ed_attendances,850,TRUE
2024,3,01/03/2024,Croom Orthopaedic Hospital,new_ed_attendances,756,TRUE
2024,4,01/04/2024,Croom Orthopaedic Hospital,new_ed_attendances,694,TRUE
2024,5,01/05/2024,Croom Orthopaedic Hospital,new_ed_attendances,699,TRUE
2024,6,01/06/2024,Croom Orthopaedic Hospital,new_ed_attendances,4788,FALSE
2024,7,01/07/2024,Croom Orthopaedic Hospital,new_ed_attendances,17,FALSE
2024,8,01/08/2024,Croom Orthopaedic Hospital,new_ed_attendances,11,FALSE
2024,9,01/09/2024,Croom Orthopaedic Hospital,new_ed_attendances,1385,FALSE
2022,1,01/01/2022,Croom Orthopaedic Hospital,return_ed_attendances,1431,TRUE
2022,2,01/02/2022,Croom Orthopaedic Hospital,return_ed_attendances,1399,TRUE
2022,3,01/03/2022,Croom Orthopaedic Hospital,return_ed_attendances,1393,TRUE
2022,4,01/04/2022,Croom Orthopaedic Hospital,return_ed_attendances,1234,TRUE
2022,5,01/05/2022,Croom Orthopaedic Hospital,return_ed_attendances,1261,TRUE
2022,6,01/06/2022,Croom Orthopaedic Hospital,return_ed_attendances,1168,TRUE
2022,7,01/07/2022,Croom Orthopaedic Hospital,return_ed_attendances,1130,TRUE
2022,8,01/08/2022,Croom Orthopaedic Hospital,return_ed_attendances,1254,TRUE
2022,9,01/09/2022,Croom Orthopaedic Hospital,return_ed_attendances,1250,TRUE
2022,10,01/10/2022,Croom Orthopaedic Hospital,return_ed_attendances,1338,TRUE
2022,11,01/11/2022,Croom Orthopaedic Hospital,return_ed_attendances,1375,TRUE
2022,12,01/12/2022,Croom Orthopaedic Hospital,return_ed_attendances,1359,TRUE
2023,1,01/01/2023,Croom Orthopaedic Hospital,return_ed_attendances,1056,TRUE
2023,2,01/02/2023,Croom Orthopaedic Hospital,return_ed_attendances,1082,TRUE
2023,3,01/03/2023,Croom Orthopaedic Hospital,return_ed_attendances,949,TRUE
2023,4,01/04/2023,Croom Orthopaedic Hospital,return_ed_attendances,871,TRUE
2023,5,01/05/2023,Croom Orthopaedic Hospital,return_ed_attendances,873,TRUE
2023,6,01/06/2023,Croom Orthopaedic Hospital,return_ed_attendances,824,TRUE
2023,7,01/07/2023,Croom Orthopaedic Hospital,return_ed_attendances,842,TRUE
2023,8,01/08/2023,Croom Orthopaedic Hospital,return_ed_attendances,827,TRUE
2023,9,01/09/2023,Croom Orthopaedic Hospital,return_ed_attendances,897,TRUE
2023,10,01/10/2023,Croom Orthopaedic Hospital,return_ed_attendances,946,TRUE
2023,11,01/11/2023,Croom Orthopaedic Hospital,return_ed_attendances,938,TRUE
2023,12,01/12/2023,Croom Orthopaedic Hospital,return_ed_attendances,1040,TRUE
2024,1,01/01/2024,Croom Orthopaedic Hospital,return_ed_attendances,0,TRUE
2024,2,01/02/2024,Croom Orthopaedic Hospital,return_ed_attendances,0,TRUE
2024,3,01/03/2024,Croom Orthopaedic Hospital,return_ed_attendances,0,TRUE
2024,4,01/04/2024,Croom Orthopaedic Hospital,return_ed_attendances,0,TRUE
2024,5,01/05/2024,Croom Orthopaedic Hospital,return_ed_attendances,0,TRUE
2024,6,01/06/2024,Croom Orthopaedic Hospital,return_ed_attendances,5,FALSE
2024,8,01/08/2024,Croom Orthopaedic Hospital,return_ed_attendances,146,FALSE
2024,9,01/09/2024,Croom Orthopaedic Hospital,return_ed_attendances,7931,FALSE
2022,1,01/01/2022,Dublin Midlands Hospital Group,all_emergency_presentations,19743,TRUE
2022,2,01/02/2022,Dublin Midlands Hospital Group,all_emergency_presentations,18703,TRUE
2022,3,01/03/2022,Dublin Midlands Hospital Group,all_emergency_presentations,16315,TRUE
2022,4,01/04/2022,Dublin Midlands Hospital Group,all_emergency_presentations,16649,TRUE
2022,5,01/05/2022,Dublin Midlands Hospital Group,all_emergency_presentations,17011,TRUE
2022,6,01/06/2022,Dublin Midlands Hospital Group,all_emergency_presentations,16422,TRUE
2022,7,01/07/2022,Dublin Midlands Hospital Group,all_emergency_presentations,15763,TRUE
2022,8,01/08/2022,Dublin Midlands Hospital Group,all_emergency_presentations,16028,TRUE
2022,9,01/09/2022,Dublin Midlands Hospital Group,all_emergency_presentations,17242,TRUE
2022,10,01/10/2022,Dublin Midlands Hospital Group,all_emergency_presentations,16988,TRUE
2022,11,01/11/2022,Dublin Midlands Hospital Group,all_emergency_presentations,18529,TRUE
2022,12,01/12/2022,Dublin Midlands Hospital Group,all_emergency_presentations,19481,TRUE
2023,1,01/01/2023,Dublin Midlands Hospital Group,all_emergency_presentations,23348,TRUE
2023,2,01/02/2023,Dublin Midlands Hospital Group,all_emergency_presentations,21690,TRUE
2023,3,01/03/2023,Dublin Midlands Hospital Group,all_emergency_presentations,19916,TRUE
2023,4,01/04/2023,Dublin Midlands Hospital Group,all_emergency_presentations,18210,TRUE
2023,5,01/05/2023,Dublin Midlands Hospital Group,all_emergency_presentations,17680,TRUE
2023,6,01/06/2023,Dublin Midlands Hospital Group,all_emergency_presentations,17438,TRUE
2023,7,01/07/2023,Dublin Midlands Hospital Group,all_emergency_presentations,18137,TRUE
2023,8,01/08/2023,Dublin Midlands Hospital Group,all_emergency_presentations,18823,TRUE
2023,9,01/09/2023,Dublin Midlands Hospital Group,all_emergency_presentations,18624,TRUE
2023,10,01/10/2023,Dublin Midlands Hospital Group,all_emergency_presentations,20537,TRUE
2023,11,01/11/2023,Dublin Midlands Hospital Group,all_emergency_presentations,20443,TRUE
2023,12,01/12/2023,Dublin Midlands Hospital Group,all_emergency_presentations,21360,TRUE
2024,1,01/01/2024,Dublin Midlands Hospital Group,all_emergency_presentations,24709,TRUE
2024,2,01/02/2024,Dublin Midlands Hospital Group,all_emergency_presentations,22643,TRUE
2024,3,01/03/2024,Dublin Midlands Hospital Group,all_emergency_presentations,23087,TRUE
2024,4,01/04/2024,Dublin Midlands Hospital Group,all_emergency_presentations,21455,TRUE
2024,5,01/05/2024,Dublin Midlands Hospital Group,all_emergency_presentations,20177,TRUE
2024,6,01/06/2024,Dublin Midlands Hospital Group,all_emergency_presentations,20760,FALSE
2024,7,01/07/2024,Dublin Midlands Hospital Group,all_emergency_presentations,22010,FALSE
2024,8,01/08/2024,Dublin Midlands Hospital Group,all_emergency_presentations,21173,FALSE
2024,9,01/09/2024,Dublin Midlands Hospital Group,all_emergency_presentations,21738,FALSE
2022,1,01/01/2022,Dublin Midlands Hospital Group,new_ed_attendances,6828,TRUE
2022,2,01/02/2022,Dublin Midlands Hospital Group,new_ed_attendances,6535,TRUE
2022,3,01/03/2022,Dublin Midlands Hospital Group,new_ed_attendances,6470,TRUE
2022,4,01/04/2022,Dublin Midlands Hospital Group,new_ed_attendances,5719,TRUE
2022,5,01/05/2022,Dublin Midlands Hospital Group,new_ed_attendances,5370,TRUE
2022,6,01/06/2022,Dublin Midlands Hospital Group,new_ed_attendances,5503,TRUE
2022,7,01/07/2022,Dublin Midlands Hospital Group,new_ed_attendances,5286,TRUE
2022,8,01/08/2022,Dublin Midlands Hospital Group,new_ed_attendances,5639,TRUE
2022,9,01/09/2022,Dublin Midlands Hospital Group,new_ed_attendances,5495,TRUE
2022,10,01/10/2022,Dublin Midlands Hospital Group,new_ed_attendances,5773,TRUE
2022,11,01/11/2022,Dublin Midlands Hospital Group,new_ed_attendances,6342,TRUE
2022,12,01/12/2022,Dublin Midlands Hospital Group,new_ed_attendances,6683,TRUE
2023,1,01/01/2023,Dublin Midlands Hospital Group,new_ed_attendances,9694,TRUE
2023,2,01/02/2023,Dublin Midlands Hospital Group,new_ed_attendances,9285,TRUE
2023,3,01/03/2023,Dublin Midlands Hospital Group,new_ed_attendances,8504,TRUE
2023,4,01/04/2023,Dublin Midlands Hospital Group,new_ed_attendances,7654,TRUE
2023,5,01/05/2023,Dublin Midlands Hospital Group,new_ed_attendances,7597,TRUE
2023,6,01/06/2023,Dublin Midlands Hospital Group,new_ed_attendances,7415,TRUE
2023,7,01/07/2023,Dublin Midlands Hospital Group,new_ed_attendances,7926,TRUE
2023,8,01/08/2023,Dublin Midlands Hospital Group,new_ed_attendances,7927,TRUE
2023,9,01/09/2023,Dublin Midlands Hospital Group,new_ed_attendances,7741,TRUE
2023,10,01/10/2023,Dublin Midlands Hospital Group,new_ed_attendances,8500,TRUE
2023,11,01/11/2023,Dublin Midlands Hospital Group,new_ed_attendances,8725,TRUE
2023,12,01/12/2023,Dublin Midlands Hospital Group,new_ed_attendances,8968,TRUE
2024,1,01/01/2024,Dublin Midlands Hospital Group,new_ed_attendances,32183,TRUE
2024,2,01/02/2024,Dublin Midlands Hospital Group,new_ed_attendances,31476,TRUE
2024,3,01/03/2024,Dublin Midlands Hospital Group,new_ed_attendances,28907,TRUE
2024,4,01/04/2024,Dublin Midlands Hospital Group,new_ed_attendances,25586,TRUE
2024,5,01/05/2024,Dublin Midlands Hospital Group,new_ed_attendances,25207,TRUE
2024,6,01/06/2024,Dublin Midlands Hospital Group,new_ed_attendances,166769,FALSE
2024,7,01/07/2024,Dublin Midlands Hospital Group,new_ed_attendances,6,FALSE
2024,8,01/08/2024,Dublin Midlands Hospital Group,new_ed_attendances,3,FALSE
2024,9,01/09/2024,Dublin Midlands Hospital Group,new_ed_attendances,65260,FALSE
2022,1,01/01/2022,Dublin Midlands Hospital Group,return_ed_attendances,1434,TRUE
2022,2,01/02/2022,Dublin Midlands Hospital Group,return_ed_attendances,1412,TRUE
2022,3,01/03/2022,Dublin Midlands Hospital Group,return_ed_attendances,1264,TRUE
2022,4,01/04/2022,Dublin Midlands Hospital Group,return_ed_attendances,1166,TRUE
2022,5,01/05/2022,Dublin Midlands Hospital Group,return_ed_attendances,1192,TRUE
2022,6,01/06/2022,Dublin Midlands Hospital Group,return_ed_attendances,1155,TRUE
2022,7,01/07/2022,Dublin Midlands Hospital Group,return_ed_attendances,1130,TRUE
2022,8,01/08/2022,Dublin Midlands Hospital Group,return_ed_attendances,1214,TRUE
2022,9,01/09/2022,Dublin Midlands Hospital Group,return_ed_attendances,1208,TRUE
2022,10,01/10/2022,Dublin Midlands Hospital Group,return_ed_attendances,1278,TRUE
2022,11,01/11/2022,Dublin Midlands Hospital Group,return_ed_attendances,1363,TRUE
2022,12,01/12/2022,Dublin Midlands Hospital Group,return_ed_attendances,1378,TRUE
2023,1,01/01/2023,Dublin Midlands Hospital Group,return_ed_attendances,1729,TRUE
2023,2,01/02/2023,Dublin Midlands Hospital Group,return_ed_attendances,1622,TRUE
2023,3,01/03/2023,Dublin Midlands Hospital Group,return_ed_attendances,1508,TRUE
2023,4,01/04/2023,Dublin Midlands Hospital Group,return_ed_attendances,1408,TRUE
2023,5,01/05/2023,Dublin Midlands Hospital Group,return_ed_attendances,1342,TRUE
2023,6,01/06/2023,Dublin Midlands Hospital Group,return_ed_attendances,1323,TRUE
2023,7,01/07/2023,Dublin Midlands Hospital Group,return_ed_attendances,1295,TRUE
2023,8,01/08/2023,Dublin Midlands Hospital Group,return_ed_attendances,1367,TRUE
2023,9,01/09/2023,Dublin Midlands Hospital Group,return_ed_attendances,1433,TRUE
2023,10,01/10/2023,Dublin Midlands Hospital Group,return_ed_attendances,1477,TRUE
2023,11,01/11/2023,Dublin Midlands Hospital Group,return_ed_attendances,1549,TRUE
2023,12,01/12/2023,Dublin Midlands Hospital Group,return_ed_attendances,1616,TRUE
2024,1,01/01/2024,Dublin Midlands Hospital Group,return_ed_attendances,2030,TRUE
2024,2,01/02/2024,Dublin Midlands Hospital Group,return_ed_attendances,1984,TRUE
2024,3,01/03/2024,Dublin Midlands Hospital Group,return_ed_attendances,1746,TRUE
2024,4,01/04/2024,Dublin Midlands Hospital Group,return_ed_attendances,1602,TRUE
2024,5,01/05/2024,Dublin Midlands Hospital Group,return_ed_attendances,1560,TRUE
2024,6,01/06/2024,Dublin Midlands Hospital Group,return_ed_attendances,1638,FALSE
2024,7,01/07/2024,Dublin Midlands Hospital Group,return_ed_attendances,1798,FALSE
2024,8,01/08/2024,Dublin Midlands Hospital Group,return_ed_attendances,1622,FALSE
2024,9,01/09/2024,Dublin Midlands Hospital Group,return_ed_attendances,1731,FALSE
2022,1,01/01/2022,Ennis Hospital,all_emergency_presentations,1307,TRUE
2022,2,01/02/2022,Ennis Hospital,all_emergency_presentations,1197,TRUE
2022,3,01/03/2022,Ennis Hospital,all_emergency_presentations,1134,TRUE
2022,4,01/04/2022,Ennis Hospital,all_emergency_presentations,1065,TRUE
2022,5,01/05/2022,Ennis Hospital,all_emergency_presentations,1051,TRUE
2022,6,01/06/2022,Ennis Hospital,all_emergency_presentations,1020,TRUE
2022,7,01/07/2022,Ennis Hospital,all_emergency_presentations,999,TRUE
2022,8,01/08/2022,Ennis Hospital,all_emergency_presentations,1046,TRUE
2022,9,01/09/2022,Ennis Hospital,all_emergency_presentations,1102,TRUE
2022,10,01/10/2022,Ennis Hospital,all_emergency_presentations,1168,TRUE
2022,11,01/11/2022,Ennis Hospital,all_emergency_presentations,1198,TRUE
2022,12,01/12/2022,Ennis Hospital,all_emergency_presentations,1246,TRUE
2023,1,01/01/2023,Ennis Hospital,all_emergency_presentations,1501,TRUE
2023,2,01/02/2023,Ennis Hospital,all_emergency_presentations,1508,TRUE
2023,3,01/03/2023,Ennis Hospital,all_emergency_presentations,1349,TRUE
2023,4,01/04/2023,Ennis Hospital,all_emergency_presentations,1212,TRUE
2023,5,01/05/2023,Ennis Hospital,all_emergency_presentations,1256,TRUE
2023,6,01/06/2023,Ennis Hospital,all_emergency_presentations,1192,TRUE
2023,7,01/07/2023,Ennis Hospital,all_emergency_presentations,1177,TRUE
2023,8,01/08/2023,Ennis Hospital,all_emergency_presentations,1201,TRUE
2023,9,01/09/2023,Ennis Hospital,all_emergency_presentations,1280,TRUE
2023,10,01/10/2023,Ennis Hospital,all_emergency_presentations,1325,TRUE
2023,11,01/11/2023,Ennis Hospital,all_emergency_presentations,1379,TRUE
2023,12,01/12/2023,Ennis Hospital,all_emergency_presentations,1435,TRUE
2024,1,01/01/2024,Ennis Hospital,all_emergency_presentations,1838,TRUE
2024,2,01/02/2024,Ennis Hospital,all_emergency_presentations,1744,TRUE
2024,3,01/03/2024,Ennis Hospital,all_emergency_presentations,1565,TRUE
2024,4,01/04/2024,Ennis Hospital,all_emergency_presentations,1494,TRUE
2024,5,01/05/2024,Ennis Hospital,all_emergency_presentations,1364,TRUE
2024,6,01/06/2024,Ennis Hospital,all_emergency_presentations,1516,FALSE
2024,7,01/07/2024,Ennis Hospital,all_emergency_presentations,1534,FALSE
2024,8,01/08/2024,Ennis Hospital,all_emergency_presentations,1559,FALSE
2024,9,01/09/2024,Ennis Hospital,all_emergency_presentations,1684,FALSE
2022,1,01/01/2022,Ennis Hospital,new_ed_attendances,933,TRUE
2022,2,01/02/2022,Ennis Hospital,new_ed_attendances,928,TRUE
2022,3,01/03/2022,Ennis Hospital,new_ed_attendances,853,TRUE
2022,4,01/04/2022,Ennis Hospital,new_ed_attendances,823,TRUE
2022,5,01/05/2022,Ennis Hospital,new_ed_attendances,783,TRUE
2022,6,01/06/2022,Ennis Hospital,new_ed_attendances,747,TRUE
2022,7,01/07/2022,Ennis Hospital,new_ed_attendances,783,TRUE
2022,8,01/08/2022,Ennis Hospital,new_ed_attendances,813,TRUE
2022,9,01/09/2022,Ennis Hospital,new_ed_attendances,827,TRUE
2022,10,01/10/2022,Ennis Hospital,new_ed_attendances,838,TRUE
2022,11,01/11/2022,Ennis Hospital,new_ed_attendances,843,TRUE
2022,12,01/12/2022,Ennis Hospital,new_ed_attendances,881,TRUE
2023,1,01/01/2023,Ennis Hospital,new_ed_attendances,817,TRUE
2023,2,01/02/2023,Ennis Hospital,new_ed_attendances,782,TRUE
2023,3,01/03/2023,Ennis Hospital,new_ed_attendances,730,TRUE
2023,4,01/04/2023,Ennis Hospital,new_ed_attendances,686,TRUE
2023,5,01/05/2023,Ennis Hospital,new_ed_attendances,675,TRUE
2023,6,01/06/2023,Ennis Hospital,new_ed_attendances,642,TRUE
2023,7,01/07/2023,Ennis Hospital,new_ed_attendances,667,TRUE
2023,8,01/08/2023,Ennis Hospital,new_ed_attendances,672,TRUE
2023,9,01/09/2023,Ennis Hospital,new_ed_attendances,657,TRUE
2023,10,01/10/2023,Ennis Hospital,new_ed_attendances,700,TRUE
2023,11,01/11/2023,Ennis Hospital,new_ed_attendances,752,TRUE
2023,12,01/12/2023,Ennis Hospital,new_ed_attendances,754,TRUE
2024,1,01/01/2024,Ennis Hospital,new_ed_attendances,722,TRUE
2024,2,01/02/2024,Ennis Hospital,new_ed_attendances,716,TRUE
2024,3,01/03/2024,Ennis Hospital,new_ed_attendances,654,TRUE
2024,4,01/04/2024,Ennis Hospital,new_ed_attendances,585,TRUE
2024,5,01/05/2024,Ennis Hospital,new_ed_attendances,596,TRUE
2024,6,01/06/2024,Ennis Hospital,new_ed_attendances,3585,FALSE
2024,9,01/09/2024,Ennis Hospital,new_ed_attendances,5814,FALSE
2022,1,01/01/2022,Ennis Hospital,return_ed_attendances,1305,TRUE
2022,2,01/02/2022,Ennis Hospital,return_ed_attendances,1212,TRUE
2022,3,01/03/2022,Ennis Hospital,return_ed_attendances,1134,TRUE
2022,4,01/04/2022,Ennis Hospital,return_ed_attendances,1051,TRUE
2022,5,01/05/2022,Ennis Hospital,return_ed_attendances,1008,TRUE
2022,6,01/06/2022,Ennis Hospital,return_ed_attendances,1000,TRUE
2022,7,01/07/2022,Ennis Hospital,return_ed_attendances,1015,TRUE
2022,8,01/08/2022,Ennis Hospital,return_ed_attendances,1032,TRUE
2022,9,01/09/2022,Ennis Hospital,return_ed_attendances,1063,TRUE
2022,10,01/10/2022,Ennis Hospital,return_ed_attendances,1130,TRUE
2022,11,01/11/2022,Ennis Hospital,return_ed_attendances,1232,TRUE
2022,12,01/12/2022,Ennis Hospital,return_ed_attendances,1222,TRUE
2023,1,01/01/2023,Ennis Hospital,return_ed_attendances,1542,TRUE
2023,2,01/02/2023,Ennis Hospital,return_ed_attendances,1387,TRUE
2023,3,01/03/2023,Ennis Hospital,return_ed_attendances,1339,TRUE
2023,4,01/04/2023,Ennis Hospital,return_ed_attendances,1203,TRUE
2023,5,01/05/2023,Ennis Hospital,return_ed_attendances,1152,TRUE
2023,6,01/06/2023,Ennis Hospital,return_ed_attendances,1142,TRUE
2023,7,01/07/2023,Ennis Hospital,return_ed_attendances,1236,TRUE
2023,8,01/08/2023,Ennis Hospital,return_ed_attendances,1253,TRUE
2023,9,01/09/2023,Ennis Hospital,return_ed_attendances,1278,TRUE
2023,10,01/10/2023,Ennis Hospital,return_ed_attendances,1247,TRUE
2023,11,01/11/2023,Ennis Hospital,return_ed_attendances,1363,TRUE
2023,12,01/12/2023,Ennis Hospital,return_ed_attendances,1434,TRUE
2024,1,01/01/2024,Ennis Hospital,return_ed_attendances,1758,TRUE
2024,2,01/02/2024,Ennis Hospital,return_ed_attendances,1596,TRUE
2024,3,01/03/2024,Ennis Hospital,return_ed_attendances,1515,TRUE
2024,4,01/04/2024,Ennis Hospital,return_ed_attendances,1450,TRUE
2024,5,01/05/2024,Ennis Hospital,return_ed_attendances,1431,TRUE
2024,6,01/06/2024,Ennis Hospital,return_ed_attendances,1516,FALSE
2024,7,01/07/2024,Ennis Hospital,return_ed_attendances,1534,FALSE
2024,8,01/08/2024,Ennis Hospital,return_ed_attendances,1559,FALSE
2024,9,01/09/2024,Ennis Hospital,return_ed_attendances,1684,FALSE
2022,1,01/01/2022,Galway University Hospitals,all_emergency_presentations,7432,TRUE
2022,2,01/02/2022,Galway University Hospitals,all_emergency_presentations,6430,TRUE
2022,3,01/03/2022,Galway University Hospitals,all_emergency_presentations,6257,TRUE
2022,4,01/04/2022,Galway University Hospitals,all_emergency_presentations,6160,TRUE
2022,5,01/05/2022,Galway University Hospitals,all_emergency_presentations,5631,TRUE
2022,6,01/06/2022,Galway University Hospitals,all_emergency_presentations,5421,TRUE
2022,7,01/07/2022,Galway University Hospitals,all_emergency_presentations,5511,TRUE
2022,8,01/08/2022,Galway University Hospitals,all_emergency_presentations,5659,TRUE
2022,9,01/09/2022,Galway University Hospitals,all_emergency_presentations,6170,TRUE
2022,10,01/10/2022,Galway University Hospitals,all_emergency_presentations,5699,TRUE
2022,11,01/11/2022,Galway University Hospitals,all_emergency_presentations,6695,TRUE
2022,12,01/12/2022,Galway University Hospitals,all_emergency_presentations,6354,TRUE
2023,1,01/01/2023,Galway University Hospitals,all_emergency_presentations,7374,TRUE
2023,2,01/02/2023,Galway University Hospitals,all_emergency_presentations,7089,TRUE
2023,3,01/03/2023,Galway University Hospitals,all_emergency_presentations,6731,TRUE
2023,4,01/04/2023,Galway University Hospitals,all_emergency_presentations,5878,TRUE
2023,5,01/05/2023,Galway University Hospitals,all_emergency_presentations,6068,TRUE
2023,6,01/06/2023,Galway University Hospitals,all_emergency_presentations,6148,TRUE
2023,7,01/07/2023,Galway University Hospitals,all_emergency_presentations,5680,TRUE
2023,8,01/08/2023,Galway University Hospitals,all_emergency_presentations,6082,TRUE
2023,9,01/09/2023,Galway University Hospitals,all_emergency_presentations,6175,TRUE
2023,10,01/10/2023,Galway University Hospitals,all_emergency_presentations,6572,TRUE
2023,11,01/11/2023,Galway University Hospitals,all_emergency_presentations,6808,TRUE
2023,12,01/12/2023,Galway University Hospitals,all_emergency_presentations,6920,TRUE
2024,1,01/01/2024,Galway University Hospitals,all_emergency_presentations,8017,TRUE
2024,2,01/02/2024,Galway University Hospitals,all_emergency_presentations,8047,TRUE
2024,3,01/03/2024,Galway University Hospitals,all_emergency_presentations,6991,TRUE
2024,4,01/04/2024,Galway University Hospitals,all_emergency_presentations,6704,TRUE
2024,5,01/05/2024,Galway University Hospitals,all_emergency_presentations,6115,TRUE
2024,6,01/06/2024,Galway University Hospitals,all_emergency_presentations,6462,FALSE
2024,7,01/07/2024,Galway University Hospitals,all_emergency_presentations,6676,FALSE
2024,8,01/08/2024,Galway University Hospitals,all_emergency_presentations,6705,FALSE
2024,9,01/09/2024,Galway University Hospitals,all_emergency_presentations,6866,FALSE
2022,1,01/01/2022,Galway University Hospitals,new_ed_attendances,2623,TRUE
2022,2,01/02/2022,Galway University Hospitals,new_ed_attendances,2530,TRUE
2022,3,01/03/2022,Galway University Hospitals,new_ed_attendances,2366,TRUE
2022,4,01/04/2022,Galway University Hospitals,new_ed_attendances,2193,TRUE
2022,5,01/05/2022,Galway University Hospitals,new_ed_attendances,2102,TRUE
2022,6,01/06/2022,Galway University Hospitals,new_ed_attendances,2004,TRUE
2022,7,01/07/2022,Galway University Hospitals,new_ed_attendances,1949,TRUE
2022,8,01/08/2022,Galway University Hospitals,new_ed_attendances,2122,TRUE
2022,9,01/09/2022,Galway University Hospitals,new_ed_attendances,2196,TRUE
2022,10,01/10/2022,Galway University Hospitals,new_ed_attendances,2266,TRUE
2022,11,01/11/2022,Galway University Hospitals,new_ed_attendances,2267,TRUE
2022,12,01/12/2022,Galway University Hospitals,new_ed_attendances,2365,TRUE
2023,1,01/01/2023,Galway University Hospitals,new_ed_attendances,3720,TRUE
2023,2,01/02/2023,Galway University Hospitals,new_ed_attendances,3479,TRUE
2023,3,01/03/2023,Galway University Hospitals,new_ed_attendances,3274,TRUE
2023,4,01/04/2023,Galway University Hospitals,new_ed_attendances,2997,TRUE
2023,5,01/05/2023,Galway University Hospitals,new_ed_attendances,2906,TRUE
2023,6,01/06/2023,Galway University Hospitals,new_ed_attendances,2890,TRUE
2023,7,01/07/2023,Galway University Hospitals,new_ed_attendances,2828,TRUE
2023,8,01/08/2023,Galway University Hospitals,new_ed_attendances,2942,TRUE
2023,9,01/09/2023,Galway University Hospitals,new_ed_attendances,3013,TRUE
2023,10,01/10/2023,Galway University Hospitals,new_ed_attendances,3106,TRUE
2023,11,01/11/2023,Galway University Hospitals,new_ed_attendances,3270,TRUE
2023,12,01/12/2023,Galway University Hospitals,new_ed_attendances,3445,TRUE
2024,1,01/01/2024,Galway University Hospitals,new_ed_attendances,12462,TRUE
2024,2,01/02/2024,Galway University Hospitals,new_ed_attendances,12675,TRUE
2024,3,01/03/2024,Galway University Hospitals,new_ed_attendances,10949,TRUE
2024,4,01/04/2024,Galway University Hospitals,new_ed_attendances,10442,TRUE
2024,5,01/05/2024,Galway University Hospitals,new_ed_attendances,10045,TRUE
2024,6,01/06/2024,Galway University Hospitals,new_ed_attendances,66531,FALSE
2024,7,01/07/2024,Galway University Hospitals,new_ed_attendances,5,FALSE
2024,8,01/08/2024,Galway University Hospitals,new_ed_attendances,3,FALSE
2024,9,01/09/2024,Galway University Hospitals,new_ed_attendances,24355,FALSE
2022,1,01/01/2022,Galway University Hospitals,return_ed_attendances,622,TRUE
2022,2,01/02/2022,Galway University Hospitals,return_ed_attendances,598,TRUE
2022,3,01/03/2022,Galway University Hospitals,return_ed_attendances,574,TRUE
2022,4,01/04/2022,Galway University Hospitals,return_ed_attendances,509,TRUE
2022,5,01/05/2022,Galway University Hospitals,return_ed_attendances,476,TRUE
2022,6,01/06/2022,Galway University Hospitals,return_ed_attendances,484,TRUE
2022,7,01/07/2022,Galway University Hospitals,return_ed_attendances,519,TRUE
2022,8,01/08/2022,Galway University Hospitals,return_ed_attendances,483,TRUE
2022,9,01/09/2022,Galway University Hospitals,return_ed_attendances,514,TRUE
2022,10,01/10/2022,Galway University Hospitals,return_ed_attendances,541,TRUE
2022,11,01/11/2022,Galway University Hospitals,return_ed_attendances,560,TRUE
2022,12,01/12/2022,Galway University Hospitals,return_ed_attendances,564,TRUE
2023,1,01/01/2023,Galway University Hospitals,return_ed_attendances,706,TRUE
2023,2,01/02/2023,Galway University Hospitals,return_ed_attendances,706,TRUE
2023,3,01/03/2023,Galway University Hospitals,return_ed_attendances,611,TRUE
2023,4,01/04/2023,Galway University Hospitals,return_ed_attendances,552,TRUE
2023,5,01/05/2023,Galway University Hospitals,return_ed_attendances,524,TRUE
2023,6,01/06/2023,Galway University Hospitals,return_ed_attendances,536,TRUE
2023,7,01/07/2023,Galway University Hospitals,return_ed_attendances,562,TRUE
2023,8,01/08/2023,Galway University Hospitals,return_ed_attendances,563,TRUE
2023,9,01/09/2023,Galway University Hospitals,return_ed_attendances,579,TRUE
2023,10,01/10/2023,Galway University Hospitals,return_ed_attendances,585,TRUE
2023,11,01/11/2023,Galway University Hospitals,return_ed_attendances,604,TRUE
2023,12,01/12/2023,Galway University Hospitals,return_ed_attendances,664,TRUE
2024,1,01/01/2024,Galway University Hospitals,return_ed_attendances,782,TRUE
2024,2,01/02/2024,Galway University Hospitals,return_ed_attendances,701,TRUE
2024,3,01/03/2024,Galway University Hospitals,return_ed_attendances,710,TRUE
2024,4,01/04/2024,Galway University Hospitals,return_ed_attendances,643,TRUE
2024,5,01/05/2024,Galway University Hospitals,return_ed_attendances,638,TRUE
2024,6,01/06/2024,Galway University Hospitals,return_ed_attendances,607,FALSE
2024,7,01/07/2024,Galway University Hospitals,return_ed_attendances,654,FALSE
2024,8,01/08/2024,Galway University Hospitals,return_ed_attendances,677,FALSE
2024,9,01/09/2024,Galway University Hospitals,return_ed_attendances,692,FALSE
2022,1,01/01/2022,Ireland East Hospital Group,all_emergency_presentations,31606,TRUE
2022,2,01/02/2022,Ireland East Hospital Group,all_emergency_presentations,28648,TRUE
2022,3,01/03/2022,Ireland East Hospital Group,all_emergency_presentations,28943,TRUE
2022,4,01/04/2022,Ireland East Hospital Group,all_emergency_presentations,25921,TRUE
2022,5,01/05/2022,Ireland East Hospital Group,all_emergency_presentations,25468,TRUE
2022,6,01/06/2022,Ireland East Hospital Group,all_emergency_presentations,24977,TRUE
2022,7,01/07/2022,Ireland East Hospital Group,all_emergency_presentations,25413,TRUE
2022,8,01/08/2022,Ireland East Hospital Group,all_emergency_presentations,26356,TRUE
2022,9,01/09/2022,Ireland East Hospital Group,all_emergency_presentations,26530,TRUE
2022,10,01/10/2022,Ireland East Hospital Group,all_emergency_presentations,28114,TRUE
2022,11,01/11/2022,Ireland East Hospital Group,all_emergency_presentations,28806,TRUE
2022,12,01/12/2022,Ireland East Hospital Group,all_emergency_presentations,30775,TRUE
2023,1,01/01/2023,Ireland East Hospital Group,all_emergency_presentations,36212,TRUE
2023,2,01/02/2023,Ireland East Hospital Group,all_emergency_presentations,33386,TRUE
2023,3,01/03/2023,Ireland East Hospital Group,all_emergency_presentations,32669,TRUE
2023,4,01/04/2023,Ireland East Hospital Group,all_emergency_presentations,29055,TRUE
2023,5,01/05/2023,Ireland East Hospital Group,all_emergency_presentations,29319,TRUE
2023,6,01/06/2023,Ireland East Hospital Group,all_emergency_presentations,28027,TRUE
2023,7,01/07/2023,Ireland East Hospital Group,all_emergency_presentations,29886,TRUE
2023,8,01/08/2023,Ireland East Hospital Group,all_emergency_presentations,28733,TRUE
2023,9,01/09/2023,Ireland East Hospital Group,all_emergency_presentations,29816,TRUE
2023,10,01/10/2023,Ireland East Hospital Group,all_emergency_presentations,31018,TRUE
2023,11,01/11/2023,Ireland East Hospital Group,all_emergency_presentations,32247,TRUE
2023,12,01/12/2023,Ireland East Hospital Group,all_emergency_presentations,34558,TRUE
2024,1,01/01/2024,Ireland East Hospital Group,all_emergency_presentations,37922,TRUE
2024,2,01/02/2024,Ireland East Hospital Group,all_emergency_presentations,37287,TRUE
2024,3,01/03/2024,Ireland East Hospital Group,all_emergency_presentations,34328,TRUE
2024,4,01/04/2024,Ireland East Hospital Group,all_emergency_presentations,34043,TRUE
2024,5,01/05/2024,Ireland East Hospital Group,all_emergency_presentations,33733,TRUE
2024,6,01/06/2024,Ireland East Hospital Group,all_emergency_presentations,33145,FALSE
2024,7,01/07/2024,Ireland East Hospital Group,all_emergency_presentations,34152,FALSE
2024,8,01/08/2024,Ireland East Hospital Group,all_emergency_presentations,33632,FALSE
2024,9,01/09/2024,Ireland East Hospital Group,all_emergency_presentations,33881,FALSE
2022,1,01/01/2022,Ireland East Hospital Group,new_ed_attendances,9350,TRUE
2022,2,01/02/2022,Ireland East Hospital Group,new_ed_attendances,8845,TRUE
2022,3,01/03/2022,Ireland East Hospital Group,new_ed_attendances,8843,TRUE
2022,4,01/04/2022,Ireland East Hospital Group,new_ed_attendances,7902,TRUE
2022,5,01/05/2022,Ireland East Hospital Group,new_ed_attendances,7061,TRUE
2022,6,01/06/2022,Ireland East Hospital Group,new_ed_attendances,7321,TRUE
2022,7,01/07/2022,Ireland East Hospital Group,new_ed_attendances,7291,TRUE
2022,8,01/08/2022,Ireland East Hospital Group,new_ed_attendances,7791,TRUE
2022,9,01/09/2022,Ireland East Hospital Group,new_ed_attendances,7725,TRUE
2022,10,01/10/2022,Ireland East Hospital Group,new_ed_attendances,8122,TRUE
2022,11,01/11/2022,Ireland East Hospital Group,new_ed_attendances,8676,TRUE
2022,12,01/12/2022,Ireland East Hospital Group,new_ed_attendances,9093,TRUE
2023,1,01/01/2023,Ireland East Hospital Group,new_ed_attendances,12602,TRUE
2023,2,01/02/2023,Ireland East Hospital Group,new_ed_attendances,12503,TRUE
2023,3,01/03/2023,Ireland East Hospital Group,new_ed_attendances,11467,TRUE
2023,4,01/04/2023,Ireland East Hospital Group,new_ed_attendances,10644,TRUE
2023,5,01/05/2023,Ireland East Hospital Group,new_ed_attendances,11082,TRUE
2023,6,01/06/2023,Ireland East Hospital Group,new_ed_attendances,10316,TRUE
2023,7,01/07/2023,Ireland East Hospital Group,new_ed_attendances,10020,TRUE
2023,8,01/08/2023,Ireland East Hospital Group,new_ed_attendances,10928,TRUE
2023,9,01/09/2023,Ireland East Hospital Group,new_ed_attendances,11784,TRUE
2023,10,01/10/2023,Ireland East Hospital Group,new_ed_attendances,11764,TRUE
2023,11,01/11/2023,Ireland East Hospital Group,new_ed_attendances,11419,TRUE
2023,12,01/12/2023,Ireland East Hospital Group,new_ed_attendances,12228,TRUE
2024,1,01/01/2024,Ireland East Hospital Group,new_ed_attendances,42603,TRUE
2024,2,01/02/2024,Ireland East Hospital Group,new_ed_attendances,38810,TRUE
2024,3,01/03/2024,Ireland East Hospital Group,new_ed_attendances,37007,TRUE
2024,4,01/04/2024,Ireland East Hospital Group,new_ed_attendances,34879,TRUE
2024,5,01/05/2024,Ireland East Hospital Group,new_ed_attendances,32124,TRUE
2024,6,01/06/2024,Ireland East Hospital Group,new_ed_attendances,214426,FALSE
2024,7,01/07/2024,Ireland East Hospital Group,new_ed_attendances,8,FALSE
2024,8,01/08/2024,Ireland East Hospital Group,new_ed_attendances,2,FALSE
2024,9,01/09/2024,Ireland East Hospital Group,new_ed_attendances,87666,FALSE
2022,1,01/01/2022,Ireland East Hospital Group,return_ed_attendances,2306,TRUE
2022,2,01/02/2022,Ireland East Hospital Group,return_ed_attendances,2221,TRUE
2022,3,01/03/2022,Ireland East Hospital Group,return_ed_attendances,1966,TRUE
2022,4,01/04/2022,Ireland East Hospital Group,return_ed_attendances,1811,TRUE
2022,5,01/05/2022,Ireland East Hospital Group,return_ed_attendances,1855,TRUE
2022,6,01/06/2022,Ireland East Hospital Group,return_ed_attendances,1792,TRUE
2022,7,01/07/2022,Ireland East Hospital Group,return_ed_attendances,1863,TRUE
2022,8,01/08/2022,Ireland East Hospital Group,return_ed_attendances,1789,TRUE
2022,9,01/09/2022,Ireland East Hospital Group,return_ed_attendances,1885,TRUE
2022,10,01/10/2022,Ireland East Hospital Group,return_ed_attendances,1859,TRUE
2022,11,01/11/2022,Ireland East Hospital Group,return_ed_attendances,2026,TRUE
2022,12,01/12/2022,Ireland East Hospital Group,return_ed_attendances,2190,TRUE
2023,1,01/01/2023,Ireland East Hospital Group,return_ed_attendances,2621,TRUE
2023,2,01/02/2023,Ireland East Hospital Group,return_ed_attendances,2618,TRUE
2023,3,01/03/2023,Ireland East Hospital Group,return_ed_attendances,2352,TRUE
2023,4,01/04/2023,Ireland East Hospital Group,return_ed_attendances,2229,TRUE
2023,5,01/05/2023,Ireland East Hospital Group,return_ed_attendances,2067,TRUE
2023,6,01/06/2023,Ireland East Hospital Group,return_ed_attendances,2078,TRUE
2023,7,01/07/2023,Ireland East Hospital Group,return_ed_attendances,1928,TRUE
2023,8,01/08/2023,Ireland East Hospital Group,return_ed_attendances,2151,TRUE
2023,9,01/09/2023,Ireland East Hospital Group,return_ed_attendances,2143,TRUE
2023,10,01/10/2023,Ireland East Hospital Group,return_ed_attendances,2405,TRUE
2023,11,01/11/2023,Ireland East Hospital Group,return_ed_attendances,2490,TRUE
2023,12,01/12/2023,Ireland East Hospital Group,return_ed_attendances,2559,TRUE
2024,1,01/01/2024,Ireland East Hospital Group,return_ed_attendances,3299,TRUE
2024,2,01/02/2024,Ireland East Hospital Group,return_ed_attendances,2961,TRUE
2024,3,01/03/2024,Ireland East Hospital Group,return_ed_attendances,2955,TRUE
2024,4,01/04/2024,Ireland East Hospital Group,return_ed_attendances,2694,TRUE
2024,5,01/05/2024,Ireland East Hospital Group,return_ed_attendances,2522,TRUE
2024,6,01/06/2024,Ireland East Hospital Group,return_ed_attendances,2578,FALSE
2024,7,01/07/2024,Ireland East Hospital Group,return_ed_attendances,2618,FALSE
2024,8,01/08/2024,Ireland East Hospital Group,return_ed_attendances,2604,FALSE
2024,9,01/09/2024,Ireland East Hospital Group,return_ed_attendances,2545,FALSE
2022,1,01/01/2022,Kilcreene Regional Orthopaedic Hospital,new_ed_attendances,61,TRUE
2022,2,01/02/2022,Kilcreene Regional Orthopaedic Hospital,new_ed_attendances,61,TRUE
2022,3,01/03/2022,Kilcreene Regional Orthopaedic Hospital,new_ed_attendances,56,TRUE
2022,4,01/04/2022,Kilcreene Regional Orthopaedic Hospital,new_ed_attendances,48,TRUE
2022,5,01/05/2022,Kilcreene Regional Orthopaedic Hospital,new_ed_attendances,51,TRUE
2022,6,01/06/2022,Kilcreene Regional Orthopaedic Hospital,new_ed_attendances,50,TRUE
2022,7,01/07/2022,Kilcreene Regional Orthopaedic Hospital,new_ed_attendances,48,TRUE
2022,8,01/08/2022,Kilcreene Regional Orthopaedic Hospital,new_ed_attendances,50,TRUE
2022,9,01/09/2022,Kilcreene Regional Orthopaedic Hospital,new_ed_attendances,53,TRUE
2022,10,01/10/2022,Kilcreene Regional Orthopaedic Hospital,new_ed_attendances,54,TRUE
2022,11,01/11/2022,Kilcreene Regional Orthopaedic Hospital,new_ed_attendances,55,TRUE
2022,12,01/12/2022,Kilcreene Regional Orthopaedic Hospital,new_ed_attendances,57,TRUE
2023,1,01/01/2023,Kilcreene Regional Orthopaedic Hospital,new_ed_attendances,86,TRUE
2023,2,01/02/2023,Kilcreene Regional Orthopaedic Hospital,new_ed_attendances,86,TRUE
2023,3,01/03/2023,Kilcreene Regional Orthopaedic Hospital,new_ed_attendances,77,TRUE
2023,4,01/04/2023,Kilcreene Regional Orthopaedic Hospital,new_ed_attendances,70,TRUE
2023,5,01/05/2023,Kilcreene Regional Orthopaedic Hospital,new_ed_attendances,71,TRUE
2023,6,01/06/2023,Kilcreene Regional Orthopaedic Hospital,new_ed_attendances,61,TRUE
2023,7,01/07/2023,Kilcreene Regional Orthopaedic Hospital,new_ed_attendances,71,TRUE
2023,8,01/08/2023,Kilcreene Regional Orthopaedic Hospital,new_ed_attendances,66,TRUE
2023,9,01/09/2023,Kilcreene Regional Orthopaedic Hospital,new_ed_attendances,72,TRUE
2023,10,01/10/2023,Kilcreene Regional Orthopaedic Hospital,new_ed_attendances,72,TRUE
2023,11,01/11/2023,Kilcreene Regional Orthopaedic Hospital,new_ed_attendances,75,TRUE
2023,12,01/12/2023,Kilcreene Regional Orthopaedic Hospital,new_ed_attendances,84,TRUE
2024,1,01/01/2024,Kilcreene Regional Orthopaedic Hospital,new_ed_attendances,845,TRUE
2024,2,01/02/2024,Kilcreene Regional Orthopaedic Hospital,new_ed_attendances,837,TRUE
2024,3,01/03/2024,Kilcreene Regional Orthopaedic Hospital,new_ed_attendances,762,TRUE
2024,4,01/04/2024,Kilcreene Regional Orthopaedic Hospital,new_ed_attendances,722,TRUE
2024,5,01/05/2024,Kilcreene Regional Orthopaedic Hospital,new_ed_attendances,692,TRUE
2024,6,01/06/2024,Kilcreene Regional Orthopaedic Hospital,new_ed_attendances,2426,FALSE
2024,9,01/09/2024,Kilcreene Regional Orthopaedic Hospital,new_ed_attendances,553,FALSE
2022,1,01/01/2022,Kilcreene Regional Orthopaedic Hospital,return_ed_attendances,318,TRUE
2022,2,01/02/2022,Kilcreene Regional Orthopaedic Hospital,return_ed_attendances,310,TRUE
2022,3,01/03/2022,Kilcreene Regional Orthopaedic Hospital,return_ed_attendances,299,TRUE
2022,4,01/04/2022,Kilcreene Regional Orthopaedic Hospital,return_ed_attendances,262,TRUE
2022,5,01/05/2022,Kilcreene Regional Orthopaedic Hospital,return_ed_attendances,258,TRUE
2022,6,01/06/2022,Kilcreene Regional Orthopaedic Hospital,return_ed_attendances,244,TRUE
2022,7,01/07/2022,Kilcreene Regional Orthopaedic Hospital,return_ed_attendances,247,TRUE
2022,8,01/08/2022,Kilcreene Regional Orthopaedic Hospital,return_ed_attendances,254,TRUE
2022,9,01/09/2022,Kilcreene Regional Orthopaedic Hospital,return_ed_attendances,266,TRUE
2022,10,01/10/2022,Kilcreene Regional Orthopaedic Hospital,return_ed_attendances,281,TRUE
2022,11,01/11/2022,Kilcreene Regional Orthopaedic Hospital,return_ed_attendances,312,TRUE
2022,12,01/12/2022,Kilcreene Regional Orthopaedic Hospital,return_ed_attendances,296,TRUE
2023,1,01/01/2023,Kilcreene Regional Orthopaedic Hospital,return_ed_attendances,220,TRUE
2023,2,01/02/2023,Kilcreene Regional Orthopaedic Hospital,return_ed_attendances,215,TRUE
2023,3,01/03/2023,Kilcreene Regional Orthopaedic Hospital,return_ed_attendances,201,TRUE
2023,4,01/04/2023,Kilcreene Regional Orthopaedic Hospital,return_ed_attendances,186,TRUE
2023,5,01/05/2023,Kilcreene Regional Orthopaedic Hospital,return_ed_attendances,186,TRUE
2023,6,01/06/2023,Kilcreene Regional Orthopaedic Hospital,return_ed_attendances,161,TRUE
2023,7,01/07/2023,Kilcreene Regional Orthopaedic Hospital,return_ed_attendances,165,TRUE
2023,8,01/08/2023,Kilcreene Regional Orthopaedic Hospital,return_ed_attendances,179,TRUE
2023,9,01/09/2023,Kilcreene Regional Orthopaedic Hospital,return_ed_attendances,195,TRUE
2023,10,01/10/2023,Kilcreene Regional Orthopaedic Hospital,return_ed_attendances,185,TRUE
2023,11,01/11/2023,Kilcreene Regional Orthopaedic Hospital,return_ed_attendances,185,TRUE
2023,12,01/12/2023,Kilcreene Regional Orthopaedic Hospital,return_ed_attendances,215,TRUE
2024,1,01/01/2024,Kilcreene Regional Orthopaedic Hospital,return_ed_attendances,0,TRUE
2024,2,01/02/2024,Kilcreene Regional Orthopaedic Hospital,return_ed_attendances,0,TRUE
2024,3,01/03/2024,Kilcreene Regional Orthopaedic Hospital,return_ed_attendances,0,TRUE
2024,4,01/04/2024,Kilcreene Regional Orthopaedic Hospital,return_ed_attendances,0,TRUE
2024,5,01/05/2024,Kilcreene Regional Orthopaedic Hospital,return_ed_attendances,0,TRUE
2024,6,01/06/2024,Kilcreene Regional Orthopaedic Hospital,return_ed_attendances,1,FALSE
2024,9,01/09/2024,Kilcreene Regional Orthopaedic Hospital,return_ed_attendances,1790,FALSE
2022,1,01/01/2022,Letterkenny University Hospital,all_emergency_presentations,5262,TRUE
2022,2,01/02/2022,Letterkenny University Hospital,all_emergency_presentations,5308,TRUE
2022,3,01/03/2022,Letterkenny University Hospital,all_emergency_presentations,5036,TRUE
2022,4,01/04/2022,Letterkenny University Hospital,all_emergency_presentations,4548,TRUE
2022,5,01/05/2022,Letterkenny University Hospital,all_emergency_presentations,4321,TRUE
2022,6,01/06/2022,Letterkenny University Hospital,all_emergency_presentations,4224,TRUE
2022,7,01/07/2022,Letterkenny University Hospital,all_emergency_presentations,4154,TRUE
2022,8,01/08/2022,Letterkenny University Hospital,all_emergency_presentations,4488,TRUE
2022,9,01/09/2022,Letterkenny University Hospital,all_emergency_presentations,4713,TRUE
2022,10,01/10/2022,Letterkenny University Hospital,all_emergency_presentations,4665,TRUE
2022,11,01/11/2022,Letterkenny University Hospital,all_emergency_presentations,4889,TRUE
2022,12,01/12/2022,Letterkenny University Hospital,all_emergency_presentations,5183,TRUE
2023,1,01/01/2023,Letterkenny University Hospital,all_emergency_presentations,5621,TRUE
2023,2,01/02/2023,Letterkenny University Hospital,all_emergency_presentations,5492,TRUE
2023,3,01/03/2023,Letterkenny University Hospital,all_emergency_presentations,5387,TRUE
2023,4,01/04/2023,Letterkenny University Hospital,all_emergency_presentations,4695,TRUE
2023,5,01/05/2023,Letterkenny University Hospital,all_emergency_presentations,4536,TRUE
2023,6,01/06/2023,Letterkenny University Hospital,all_emergency_presentations,4354,TRUE
2023,7,01/07/2023,Letterkenny University Hospital,all_emergency_presentations,4638,TRUE
2023,8,01/08/2023,Letterkenny University Hospital,all_emergency_presentations,4608,TRUE
2023,9,01/09/2023,Letterkenny University Hospital,all_emergency_presentations,4733,TRUE
2023,10,01/10/2023,Letterkenny University Hospital,all_emergency_presentations,5169,TRUE
2023,11,01/11/2023,Letterkenny University Hospital,all_emergency_presentations,5435,TRUE
2023,12,01/12/2023,Letterkenny University Hospital,all_emergency_presentations,5309,TRUE
2024,1,01/01/2024,Letterkenny University Hospital,all_emergency_presentations,5652,TRUE
2024,2,01/02/2024,Letterkenny University Hospital,all_emergency_presentations,5959,TRUE
2024,3,01/03/2024,Letterkenny University Hospital,all_emergency_presentations,5219,TRUE
2024,4,01/04/2024,Letterkenny University Hospital,all_emergency_presentations,5091,TRUE
2024,5,01/05/2024,Letterkenny University Hospital,all_emergency_presentations,4536,TRUE
2024,6,01/06/2024,Letterkenny University Hospital,all_emergency_presentations,4698,FALSE
2024,7,01/07/2024,Letterkenny University Hospital,all_emergency_presentations,5467,FALSE
2024,8,01/08/2024,Letterkenny University Hospital,all_emergency_presentations,5460,FALSE
2024,9,01/09/2024,Letterkenny University Hospital,all_emergency_presentations,4914,FALSE
2022,1,01/01/2022,Letterkenny University Hospital,new_ed_attendances,1795,TRUE
2022,2,01/02/2022,Letterkenny University Hospital,new_ed_attendances,1672,TRUE
2022,3,01/03/2022,Letterkenny University Hospital,new_ed_attendances,1578,TRUE
2022,4,01/04/2022,Letterkenny University Hospital,new_ed_attendances,1365,TRUE
2022,5,01/05/2022,Letterkenny University Hospital,new_ed_attendances,1396,TRUE
2022,6,01/06/2022,Letterkenny University Hospital,new_ed_attendances,1377,TRUE
2022,7,01/07/2022,Letterkenny University Hospital,new_ed_attendances,1374,TRUE
2022,8,01/08/2022,Letterkenny University Hospital,new_ed_attendances,1444,TRUE
2022,9,01/09/2022,Letterkenny University Hospital,new_ed_attendances,1435,TRUE
2022,10,01/10/2022,Letterkenny University Hospital,new_ed_attendances,1565,TRUE
2022,11,01/11/2022,Letterkenny University Hospital,new_ed_attendances,1683,TRUE
2022,12,01/12/2022,Letterkenny University Hospital,new_ed_attendances,1615,TRUE
2023,1,01/01/2023,Letterkenny University Hospital,new_ed_attendances,2376,TRUE
2023,2,01/02/2023,Letterkenny University Hospital,new_ed_attendances,2428,TRUE
2023,3,01/03/2023,Letterkenny University Hospital,new_ed_attendances,2245,TRUE
2023,4,01/04/2023,Letterkenny University Hospital,new_ed_attendances,1969,TRUE
2023,5,01/05/2023,Letterkenny University Hospital,new_ed_attendances,1915,TRUE
2023,6,01/06/2023,Letterkenny University Hospital,new_ed_attendances,1862,TRUE
2023,7,01/07/2023,Letterkenny University Hospital,new_ed_attendances,1841,TRUE
2023,8,01/08/2023,Letterkenny University Hospital,new_ed_attendances,1906,TRUE
2023,9,01/09/2023,Letterkenny University Hospital,new_ed_attendances,1980,TRUE
2023,10,01/10/2023,Letterkenny University Hospital,new_ed_attendances,2054,TRUE
2023,11,01/11/2023,Letterkenny University Hospital,new_ed_attendances,2202,TRUE
2023,12,01/12/2023,Letterkenny University Hospital,new_ed_attendances,2302,TRUE
2024,1,01/01/2024,Letterkenny University Hospital,new_ed_attendances,5989,TRUE
2024,2,01/02/2024,Letterkenny University Hospital,new_ed_attendances,5364,TRUE
2024,3,01/03/2024,Letterkenny University Hospital,new_ed_attendances,5243,TRUE
2024,4,01/04/2024,Letterkenny University Hospital,new_ed_attendances,4723,TRUE
2024,5,01/05/2024,Letterkenny University Hospital,new_ed_attendances,4601,TRUE
2024,6,01/06/2024,Letterkenny University Hospital,new_ed_attendances,28187,FALSE
2024,9,01/09/2024,Letterkenny University Hospital,new_ed_attendances,16796,FALSE
2022,1,01/01/2022,Letterkenny University Hospital,return_ed_attendances,590,TRUE
2022,2,01/02/2022,Letterkenny University Hospital,return_ed_attendances,570,TRUE
2022,3,01/03/2022,Letterkenny University Hospital,return_ed_attendances,545,TRUE
2022,4,01/04/2022,Letterkenny University Hospital,return_ed_attendances,518,TRUE
2022,5,01/05/2022,Letterkenny University Hospital,return_ed_attendances,522,TRUE
2022,6,01/06/2022,Letterkenny University Hospital,return_ed_attendances,489,TRUE
2022,7,01/07/2022,Letterkenny University Hospital,return_ed_attendances,486,TRUE
2022,8,01/08/2022,Letterkenny University Hospital,return_ed_attendances,485,TRUE
2022,9,01/09/2022,Letterkenny University Hospital,return_ed_attendances,540,TRUE
2022,10,01/10/2022,Letterkenny University Hospital,return_ed_attendances,521,TRUE
2022,11,01/11/2022,Letterkenny University Hospital,return_ed_attendances,590,TRUE
2022,12,01/12/2022,Letterkenny University Hospital,return_ed_attendances,578,TRUE
2023,1,01/01/2023,Letterkenny University Hospital,return_ed_attendances,451,TRUE
2023,2,01/02/2023,Letterkenny University Hospital,return_ed_attendances,424,TRUE
2023,3,01/03/2023,Letterkenny University Hospital,return_ed_attendances,381,TRUE
2023,4,01/04/2023,Letterkenny University Hospital,return_ed_attendances,352,TRUE
2023,5,01/05/2023,Letterkenny University Hospital,return_ed_attendances,343,TRUE
2023,6,01/06/2023,Letterkenny University Hospital,return_ed_attendances,340,TRUE
2023,7,01/07/2023,Letterkenny University Hospital,return_ed_attendances,344,TRUE
2023,8,01/08/2023,Letterkenny University Hospital,return_ed_attendances,344,TRUE
2023,9,01/09/2023,Letterkenny University Hospital,return_ed_attendances,363,TRUE
2023,10,01/10/2023,Letterkenny University Hospital,return_ed_attendances,376,TRUE
2023,11,01/11/2023,Letterkenny University Hospital,return_ed_attendances,369,TRUE
2023,12,01/12/2023,Letterkenny University Hospital,return_ed_attendances,414,TRUE
2024,1,01/01/2024,Letterkenny University Hospital,return_ed_attendances,284,TRUE
2024,2,01/02/2024,Letterkenny University Hospital,return_ed_attendances,273,TRUE
2024,3,01/03/2024,Letterkenny University Hospital,return_ed_attendances,247,TRUE
2024,4,01/04/2024,Letterkenny University Hospital,return_ed_attendances,230,TRUE
2024,5,01/05/2024,Letterkenny University Hospital,return_ed_attendances,226,TRUE
2024,6,01/06/2024,Letterkenny University Hospital,return_ed_attendances,195,FALSE
2024,7,01/07/2024,Letterkenny University Hospital,return_ed_attendances,228,FALSE
2024,8,01/08/2024,Letterkenny University Hospital,return_ed_attendances,277,FALSE
2024,9,01/09/2024,Letterkenny University Hospital,return_ed_attendances,228,FALSE
2022,1,01/01/2022,Louth County Hospital,all_emergency_presentations,1404,TRUE
2022,2,01/02/2022,Louth County Hospital,all_emergency_presentations,1383,TRUE
2022,3,01/03/2022,Louth County Hospital,all_emergency_presentations,1237,TRUE
2022,4,01/04/2022,Louth County Hospital,all_emergency_presentations,1173,TRUE
2022,5,01/05/2022,Louth County Hospital,all_emergency_presentations,1120,TRUE
2022,6,01/06/2022,Louth County Hospital,all_emergency_presentations,1097,TRUE
2022,7,01/07/2022,Louth County Hospital,all_emergency_presentations,1092,TRUE
2022,8,01/08/2022,Louth County Hospital,all_emergency_presentations,1052,TRUE
2022,9,01/09/2022,Louth County Hospital,all_emergency_presentations,1178,TRUE
2022,10,01/10/2022,Louth County Hospital,all_emergency_presentations,1270,TRUE
2022,11,01/11/2022,Louth County Hospital,all_emergency_presentations,1313,TRUE
2022,12,01/12/2022,Louth County Hospital,all_emergency_presentations,1363,TRUE
2023,1,01/01/2023,Louth County Hospital,all_emergency_presentations,1641,TRUE
2023,2,01/02/2023,Louth County Hospital,all_emergency_presentations,1533,TRUE
2023,3,01/03/2023,Louth County Hospital,all_emergency_presentations,1417,TRUE
2023,4,01/04/2023,Louth County Hospital,all_emergency_presentations,1290,TRUE
2023,5,01/05/2023,Louth County Hospital,all_emergency_presentations,1262,TRUE
2023,6,01/06/2023,Louth County Hospital,all_emergency_presentations,1257,TRUE
2023,7,01/07/2023,Louth County Hospital,all_emergency_presentations,1306,TRUE
2023,8,01/08/2023,Louth County Hospital,all_emergency_presentations,1282,TRUE
2023,9,01/09/2023,Louth County Hospital,all_emergency_presentations,1323,TRUE
2023,10,01/10/2023,Louth County Hospital,all_emergency_presentations,1382,TRUE
2023,11,01/11/2023,Louth County Hospital,all_emergency_presentations,1475,TRUE
2023,12,01/12/2023,Louth County Hospital,all_emergency_presentations,1437,TRUE
2024,1,01/01/2024,Louth County Hospital,all_emergency_presentations,1671,TRUE
2024,2,01/02/2024,Louth County Hospital,all_emergency_presentations,1705,TRUE
2024,3,01/03/2024,Louth County Hospital,all_emergency_presentations,1539,TRUE
2024,4,01/04/2024,Louth County Hospital,all_emergency_presentations,1468,TRUE
2024,5,01/05/2024,Louth County Hospital,all_emergency_presentations,1439,TRUE
2024,6,01/06/2024,Louth County Hospital,all_emergency_presentations,1626,FALSE
2024,7,01/07/2024,Louth County Hospital,all_emergency_presentations,1511,FALSE
2024,8,01/08/2024,Louth County Hospital,all_emergency_presentations,1573,FALSE
2024,9,01/09/2024,Louth County Hospital,all_emergency_presentations,1696,FALSE
2022,1,01/01/2022,Louth County Hospital,new_ed_attendances,1408,TRUE
2022,2,01/02/2022,Louth County Hospital,new_ed_attendances,1417,TRUE
2022,3,01/03/2022,Louth County Hospital,new_ed_attendances,1250,TRUE
2022,4,01/04/2022,Louth County Hospital,new_ed_attendances,1249,TRUE
2022,5,01/05/2022,Louth County Hospital,new_ed_attendances,1142,TRUE
2022,6,01/06/2022,Louth County Hospital,new_ed_attendances,1030,TRUE
2022,7,01/07/2022,Louth County Hospital,new_ed_attendances,1137,TRUE
2022,8,01/08/2022,Louth County Hospital,new_ed_attendances,1148,TRUE
2022,9,01/09/2022,Louth County Hospital,new_ed_attendances,1228,TRUE
2022,10,01/10/2022,Louth County Hospital,new_ed_attendances,1242,TRUE
2022,11,01/11/2022,Louth County Hospital,new_ed_attendances,1272,TRUE
2022,12,01/12/2022,Louth County Hospital,new_ed_attendances,1276,TRUE
2023,1,01/01/2023,Louth County Hospital,new_ed_attendances,971,TRUE
2023,2,01/02/2023,Louth County Hospital,new_ed_attendances,919,TRUE
2023,3,01/03/2023,Louth County Hospital,new_ed_attendances,854,TRUE
2023,4,01/04/2023,Louth County Hospital,new_ed_attendances,825,TRUE
2023,5,01/05/2023,Louth County Hospital,new_ed_attendances,826,TRUE
2023,6,01/06/2023,Louth County Hospital,new_ed_attendances,770,TRUE
2023,7,01/07/2023,Louth County Hospital,new_ed_attendances,750,TRUE
2023,8,01/08/2023,Louth County Hospital,new_ed_attendances,805,TRUE
2023,9,01/09/2023,Louth County Hospital,new_ed_attendances,857,TRUE
2023,10,01/10/2023,Louth County Hospital,new_ed_attendances,837,TRUE
2023,11,01/11/2023,Louth County Hospital,new_ed_attendances,890,TRUE
2023,12,01/12/2023,Louth County Hospital,new_ed_attendances,927,TRUE
2024,1,01/01/2024,Louth County Hospital,new_ed_attendances,459,TRUE
2024,2,01/02/2024,Louth County Hospital,new_ed_attendances,463,TRUE
2024,3,01/03/2024,Louth County Hospital,new_ed_attendances,417,TRUE
2024,4,01/04/2024,Louth County Hospital,new_ed_attendances,395,TRUE
2024,5,01/05/2024,Louth County Hospital,new_ed_attendances,368,TRUE
2024,6,01/06/2024,Louth County Hospital,new_ed_attendances,2257,FALSE
2024,7,01/07/2024,Louth County Hospital,new_ed_attendances,2,FALSE
2024,9,01/09/2024,Louth County Hospital,new_ed_attendances,6562,FALSE
2022,1,01/01/2022,Louth County Hospital,return_ed_attendances,1407,TRUE
2022,2,01/02/2022,Louth County Hospital,return_ed_attendances,1262,TRUE
2022,3,01/03/2022,Louth County Hospital,return_ed_attendances,1280,TRUE
2022,4,01/04/2022,Louth County Hospital,return_ed_attendances,1154,TRUE
2022,5,01/05/2022,Louth County Hospital,return_ed_attendances,1233,TRUE
2022,6,01/06/2022,Louth County Hospital,return_ed_attendances,1163,TRUE
2022,7,01/07/2022,Louth County Hospital,return_ed_attendances,1106,TRUE
2022,8,01/08/2022,Louth County Hospital,return_ed_attendances,1132,TRUE
2022,9,01/09/2022,Louth County Hospital,return_ed_attendances,1218,TRUE
2022,10,01/10/2022,Louth County Hospital,return_ed_attendances,1280,TRUE
2022,11,01/11/2022,Louth County Hospital,return_ed_attendances,1215,TRUE
2022,12,01/12/2022,Louth County Hospital,return_ed_attendances,1254,TRUE
2023,1,01/01/2023,Louth County Hospital,return_ed_attendances,1553,TRUE
2023,2,01/02/2023,Louth County Hospital,return_ed_attendances,1556,TRUE
2023,3,01/03/2023,Louth County Hospital,return_ed_attendances,1429,TRUE
2023,4,01/04/2023,Louth County Hospital,return_ed_attendances,1357,TRUE
2023,5,01/05/2023,Louth County Hospital,return_ed_attendances,1228,TRUE
2023,6,01/06/2023,Louth County Hospital,return_ed_attendances,1148,TRUE
2023,7,01/07/2023,Louth County Hospital,return_ed_attendances,1293,TRUE
2023,8,01/08/2023,Louth County Hospital,return_ed_attendances,1256,TRUE
2023,9,01/09/2023,Louth County Hospital,return_ed_attendances,1260,TRUE
2023,10,01/10/2023,Louth County Hospital,return_ed_attendances,1387,TRUE
2023,11,01/11/2023,Louth County Hospital,return_ed_attendances,1483,TRUE
2023,12,01/12/2023,Louth County Hospital,return_ed_attendances,1497,TRUE
2024,1,01/01/2024,Louth County Hospital,return_ed_attendances,1770,TRUE
2024,2,01/02/2024,Louth County Hospital,return_ed_attendances,1726,TRUE
2024,3,01/03/2024,Louth County Hospital,return_ed_attendances,1579,TRUE
2024,4,01/04/2024,Louth County Hospital,return_ed_attendances,1430,TRUE
2024,5,01/05/2024,Louth County Hospital,return_ed_attendances,1414,TRUE
2024,6,01/06/2024,Louth County Hospital,return_ed_attendances,1626,FALSE
2024,7,01/07/2024,Louth County Hospital,return_ed_attendances,1511,FALSE
2024,8,01/08/2024,Louth County Hospital,return_ed_attendances,1573,FALSE
2024,9,01/09/2024,Louth County Hospital,return_ed_attendances,1696,FALSE
2022,1,01/01/2022,MRH Portlaoise,all_emergency_presentations,4109,TRUE
2022,2,01/02/2022,MRH Portlaoise,all_emergency_presentations,4023,TRUE
2022,3,01/03/2022,MRH Portlaoise,all_emergency_presentations,3478,TRUE
2022,4,01/04/2022,MRH Portlaoise,all_emergency_presentations,3352,TRUE
2022,5,01/05/2022,MRH Portlaoise,all_emergency_presentations,3380,TRUE
2022,6,01/06/2022,MRH Portlaoise,all_emergency_presentations,3077,TRUE
2022,7,01/07/2022,MRH Portlaoise,all_emergency_presentations,3295,TRUE
2022,8,01/08/2022,MRH Portlaoise,all_emergency_presentations,3200,TRUE
2022,9,01/09/2022,MRH Portlaoise,all_emergency_presentations,3524,TRUE
2022,10,01/10/2022,MRH Portlaoise,all_emergency_presentations,3576,TRUE
2022,11,01/11/2022,MRH Portlaoise,all_emergency_presentations,3571,TRUE
2022,12,01/12/2022,MRH Portlaoise,all_emergency_presentations,4028,TRUE
2023,1,01/01/2023,MRH Portlaoise,all_emergency_presentations,4363,TRUE
2023,2,01/02/2023,MRH Portlaoise,all_emergency_presentations,4205,TRUE
2023,3,01/03/2023,MRH Portlaoise,all_emergency_presentations,3993,TRUE
2023,4,01/04/2023,MRH Portlaoise,all_emergency_presentations,3832,TRUE
2023,5,01/05/2023,MRH Portlaoise,all_emergency_presentations,3482,TRUE
2023,6,01/06/2023,MRH Portlaoise,all_emergency_presentations,3484,TRUE
2023,7,01/07/2023,MRH Portlaoise,all_emergency_presentations,3599,TRUE
2023,8,01/08/2023,MRH Portlaoise,all_emergency_presentations,3705,TRUE
2023,9,01/09/2023,MRH Portlaoise,all_emergency_presentations,3800,TRUE
2023,10,01/10/2023,MRH Portlaoise,all_emergency_presentations,3851,TRUE
2023,11,01/11/2023,MRH Portlaoise,all_emergency_presentations,3981,TRUE
2023,12,01/12/2023,MRH Portlaoise,all_emergency_presentations,4245,TRUE
2024,1,01/01/2024,MRH Portlaoise,all_emergency_presentations,4697,TRUE
2024,2,01/02/2024,MRH Portlaoise,all_emergency_presentations,4277,TRUE
2024,3,01/03/2024,MRH Portlaoise,all_emergency_presentations,4375,TRUE
2024,4,01/04/2024,MRH Portlaoise,all_emergency_presentations,4139,TRUE
2024,5,01/05/2024,MRH Portlaoise,all_emergency_presentations,3630,TRUE
2024,6,01/06/2024,MRH Portlaoise,all_emergency_presentations,4000,FALSE
2024,7,01/07/2024,MRH Portlaoise,all_emergency_presentations,4058,FALSE
2024,8,01/08/2024,MRH Portlaoise,all_emergency_presentations,3858,FALSE
2024,9,01/09/2024,MRH Portlaoise,all_emergency_presentations,4051,FALSE
2022,1,01/01/2022,MRH Portlaoise,new_ed_attendances,974,TRUE
2022,2,01/02/2022,MRH Portlaoise,new_ed_attendances,917,TRUE
2022,3,01/03/2022,MRH Portlaoise,new_ed_attendances,871,TRUE
2022,4,01/04/2022,MRH Portlaoise,new_ed_attendances,803,TRUE
2022,5,01/05/2022,MRH Portlaoise,new_ed_attendances,799,TRUE
2022,6,01/06/2022,MRH Portlaoise,new_ed_attendances,736,TRUE
2022,7,01/07/2022,MRH Portlaoise,new_ed_attendances,761,TRUE
2022,8,01/08/2022,MRH Portlaoise,new_ed_attendances,775,TRUE
2022,9,01/09/2022,MRH Portlaoise,new_ed_attendances,781,TRUE
2022,10,01/10/2022,MRH Portlaoise,new_ed_attendances,849,TRUE
2022,11,01/11/2022,MRH Portlaoise,new_ed_attendances,889,TRUE
2022,12,01/12/2022,MRH Portlaoise,new_ed_attendances,915,TRUE
2023,1,01/01/2023,MRH Portlaoise,new_ed_attendances,1340,TRUE
2023,2,01/02/2023,MRH Portlaoise,new_ed_attendances,1249,TRUE
2023,3,01/03/2023,MRH Portlaoise,new_ed_attendances,1186,TRUE
2023,4,01/04/2023,MRH Portlaoise,new_ed_attendances,1110,TRUE
2023,5,01/05/2023,MRH Portlaoise,new_ed_attendances,1061,TRUE
2023,6,01/06/2023,MRH Portlaoise,new_ed_attendances,1047,TRUE
2023,7,01/07/2023,MRH Portlaoise,new_ed_attendances,1088,TRUE
2023,8,01/08/2023,MRH Portlaoise,new_ed_attendances,1160,TRUE
2023,9,01/09/2023,MRH Portlaoise,new_ed_attendances,1150,TRUE
2023,10,01/10/2023,MRH Portlaoise,new_ed_attendances,1187,TRUE
2023,11,01/11/2023,MRH Portlaoise,new_ed_attendances,1233,TRUE
2023,12,01/12/2023,MRH Portlaoise,new_ed_attendances,1208,TRUE
2024,1,01/01/2024,MRH Portlaoise,new_ed_attendances,1900,TRUE
2024,2,01/02/2024,MRH Portlaoise,new_ed_attendances,1841,TRUE
2024,3,01/03/2024,MRH Portlaoise,new_ed_attendances,1817,TRUE
2024,4,01/04/2024,MRH Portlaoise,new_ed_attendances,1570,TRUE
2024,5,01/05/2024,MRH Portlaoise,new_ed_attendances,1545,TRUE
2024,6,01/06/2024,MRH Portlaoise,new_ed_attendances,10877,FALSE
2024,7,01/07/2024,MRH Portlaoise,new_ed_attendances,21,FALSE
2024,8,01/08/2024,MRH Portlaoise,new_ed_attendances,13,FALSE
2024,9,01/09/2024,MRH Portlaoise,new_ed_attendances,8927,FALSE
2022,1,01/01/2022,MRH Portlaoise,return_ed_attendances,353,TRUE
2022,2,01/02/2022,MRH Portlaoise,return_ed_attendances,343,TRUE
2022,3,01/03/2022,MRH Portlaoise,return_ed_attendances,311,TRUE
2022,4,01/04/2022,MRH Portlaoise,return_ed_attendances,286,TRUE
2022,5,01/05/2022,MRH Portlaoise,return_ed_attendances,285,TRUE
2022,6,01/06/2022,MRH Portlaoise,return_ed_attendances,281,TRUE
2022,7,01/07/2022,MRH Portlaoise,return_ed_attendances,291,TRUE
2022,8,01/08/2022,MRH Portlaoise,return_ed_attendances,287,TRUE
2022,9,01/09/2022,MRH Portlaoise,return_ed_attendances,300,TRUE
2022,10,01/10/2022,MRH Portlaoise,return_ed_attendances,304,TRUE
2022,11,01/11/2022,MRH Portlaoise,return_ed_attendances,328,TRUE
2022,12,01/12/2022,MRH Portlaoise,return_ed_attendances,331,TRUE
2023,1,01/01/2023,MRH Portlaoise,return_ed_attendances,441,TRUE
2023,2,01/02/2023,MRH Portlaoise,return_ed_attendances,397,TRUE
2023,3,01/03/2023,MRH Portlaoise,return_ed_attendances,382,TRUE
2023,4,01/04/2023,MRH Portlaoise,return_ed_attendances,363,TRUE
2023,5,01/05/2023,MRH Portlaoise,return_ed_attendances,351,TRUE
2023,6,01/06/2023,MRH Portlaoise,return_ed_attendances,365,TRUE
2023,7,01/07/2023,MRH Portlaoise,return_ed_attendances,349,TRUE
2023,8,01/08/2023,MRH Portlaoise,return_ed_attendances,342,TRUE
2023,9,01/09/2023,MRH Portlaoise,return_ed_attendances,366,TRUE
2023,10,01/10/2023,MRH Portlaoise,return_ed_attendances,358,TRUE
2023,11,01/11/2023,MRH Portlaoise,return_ed_attendances,396,TRUE
2023,12,01/12/2023,MRH Portlaoise,return_ed_attendances,401,TRUE
2024,1,01/01/2024,MRH Portlaoise,return_ed_attendances,539,TRUE
2024,2,01/02/2024,MRH Portlaoise,return_ed_attendances,499,TRUE
2024,3,01/03/2024,MRH Portlaoise,return_ed_attendances,465,TRUE
2024,4,01/04/2024,MRH Portlaoise,return_ed_attendances,428,TRUE
2024,5,01/05/2024,MRH Portlaoise,return_ed_attendances,445,TRUE
2024,6,01/06/2024,MRH Portlaoise,return_ed_attendances,427,FALSE
2024,7,01/07/2024,MRH Portlaoise,return_ed_attendances,483,FALSE
2024,8,01/08/2024,MRH Portlaoise,return_ed_attendances,433,FALSE
2024,9,01/09/2024,MRH Portlaoise,return_ed_attendances,424,FALSE
2022,1,01/01/2022,MRH Tullamore,all_emergency_presentations,3658,TRUE
2022,2,01/02/2022,MRH Tullamore,all_emergency_presentations,3712,TRUE
2022,3,01/03/2022,MRH Tullamore,all_emergency_presentations,3564,TRUE
2022,4,01/04/2022,MRH Tullamore,all_emergency_presentations,3135,TRUE
2022,5,01/05/2022,MRH Tullamore,all_emergency_presentations,2971,TRUE
2022,6,01/06/2022,MRH Tullamore,all_emergency_presentations,2925,TRUE
2022,7,01/07/2022,MRH Tullamore,all_emergency_presentations,3129,TRUE
2022,8,01/08/2022,MRH Tullamore,all_emergency_presentations,3009,TRUE
2022,9,01/09/2022,MRH Tullamore,all_emergency_presentations,3120,TRUE
2022,10,01/10/2022,MRH Tullamore,all_emergency_presentations,3245,TRUE
2022,11,01/11/2022,MRH Tullamore,all_emergency_presentations,3354,TRUE
2022,12,01/12/2022,MRH Tullamore,all_emergency_presentations,3593,TRUE
2023,1,01/01/2023,MRH Tullamore,all_emergency_presentations,4288,TRUE
2023,2,01/02/2023,MRH Tullamore,all_emergency_presentations,3988,TRUE
2023,3,01/03/2023,MRH Tullamore,all_emergency_presentations,3611,TRUE
2023,4,01/04/2023,MRH Tullamore,all_emergency_presentations,3366,TRUE
2023,5,01/05/2023,MRH Tullamore,all_emergency_presentations,3137,TRUE
2023,6,01/06/2023,MRH Tullamore,all_emergency_presentations,3272,TRUE
2023,7,01/07/2023,MRH Tullamore,all_emergency_presentations,3250,TRUE
2023,8,01/08/2023,MRH Tullamore,all_emergency_presentations,3308,TRUE
2023,9,01/09/2023,MRH Tullamore,all_emergency_presentations,3797,TRUE
2023,10,01/10/2023,MRH Tullamore,all_emergency_presentations,3601,TRUE
2023,11,01/11/2023,MRH Tullamore,all_emergency_presentations,3658,TRUE
2023,12,01/12/2023,MRH Tullamore,all_emergency_presentations,3831,TRUE
2024,1,01/01/2024,MRH Tullamore,all_emergency_presentations,4585,TRUE
2024,2,01/02/2024,MRH Tullamore,all_emergency_presentations,4296,TRUE
2024,3,01/03/2024,MRH Tullamore,all_emergency_presentations,3774,TRUE
2024,4,01/04/2024,MRH Tullamore,all_emergency_presentations,3782,TRUE
2024,5,01/05/2024,MRH Tullamore,all_emergency_presentations,3497,TRUE
2024,6,01/06/2024,MRH Tullamore,all_emergency_presentations,3584,FALSE
2024,7,01/07/2024,MRH Tullamore,all_emergency_presentations,3842,FALSE
2024,8,01/08/2024,MRH Tullamore,all_emergency_presentations,3658,FALSE
2024,9,01/09/2024,MRH Tullamore,all_emergency_presentations,3852,FALSE
2022,1,01/01/2022,MRH Tullamore,new_ed_attendances,963,TRUE
2022,2,01/02/2022,MRH Tullamore,new_ed_attendances,899,TRUE
2022,3,01/03/2022,MRH Tullamore,new_ed_attendances,887,TRUE
2022,4,01/04/2022,MRH Tullamore,new_ed_attendances,819,TRUE
2022,5,01/05/2022,MRH Tullamore,new_ed_attendances,795,TRUE
2022,6,01/06/2022,MRH Tullamore,new_ed_attendances,731,TRUE
2022,7,01/07/2022,MRH Tullamore,new_ed_attendances,800,TRUE
2022,8,01/08/2022,MRH Tullamore,new_ed_attendances,751,TRUE
2022,9,01/09/2022,MRH Tullamore,new_ed_attendances,831,TRUE
2022,10,01/10/2022,MRH Tullamore,new_ed_attendances,897,TRUE
2022,11,01/11/2022,MRH Tullamore,new_ed_attendances,856,TRUE
2022,12,01/12/2022,MRH Tullamore,new_ed_attendances,899,TRUE
2023,1,01/01/2023,MRH Tullamore,new_ed_attendances,1354,TRUE
2023,2,01/02/2023,MRH Tullamore,new_ed_attendances,1284,TRUE
2023,3,01/03/2023,MRH Tullamore,new_ed_attendances,1145,TRUE
2023,4,01/04/2023,MRH Tullamore,new_ed_attendances,1123,TRUE
2023,5,01/05/2023,MRH Tullamore,new_ed_attendances,1052,TRUE
2023,6,01/06/2023,MRH Tullamore,new_ed_attendances,1067,TRUE
2023,7,01/07/2023,MRH Tullamore,new_ed_attendances,1045,TRUE
2023,8,01/08/2023,MRH Tullamore,new_ed_attendances,1149,TRUE
2023,9,01/09/2023,MRH Tullamore,new_ed_attendances,1117,TRUE
2023,10,01/10/2023,MRH Tullamore,new_ed_attendances,1167,TRUE
2023,11,01/11/2023,MRH Tullamore,new_ed_attendances,1265,TRUE
2023,12,01/12/2023,MRH Tullamore,new_ed_attendances,1234,TRUE
2024,1,01/01/2024,MRH Tullamore,new_ed_attendances,3636,TRUE
2024,2,01/02/2024,MRH Tullamore,new_ed_attendances,3625,TRUE
2024,3,01/03/2024,MRH Tullamore,new_ed_attendances,3058,TRUE
2024,4,01/04/2024,MRH Tullamore,new_ed_attendances,3016,TRUE
2024,5,01/05/2024,MRH Tullamore,new_ed_attendances,2930,TRUE
2024,6,01/06/2024,MRH Tullamore,new_ed_attendances,20687,FALSE
2024,7,01/07/2024,MRH Tullamore,new_ed_attendances,8,FALSE
2024,8,01/08/2024,MRH Tullamore,new_ed_attendances,13,FALSE
2024,9,01/09/2024,MRH Tullamore,new_ed_attendances,9108,FALSE
2022,1,01/01/2022,MRH Tullamore,return_ed_attendances,178,TRUE
2022,2,01/02/2022,MRH Tullamore,return_ed_attendances,183,TRUE
2022,3,01/03/2022,MRH Tullamore,return_ed_attendances,163,TRUE
2022,4,01/04/2022,MRH Tullamore,return_ed_attendances,151,TRUE
2022,5,01/05/2022,MRH Tullamore,return_ed_attendances,146,TRUE
2022,6,01/06/2022,MRH Tullamore,return_ed_attendances,141,TRUE
2022,7,01/07/2022,MRH Tullamore,return_ed_attendances,135,TRUE
2022,8,01/08/2022,MRH Tullamore,return_ed_attendances,145,TRUE
2022,9,01/09/2022,MRH Tullamore,return_ed_attendances,156,TRUE
2022,10,01/10/2022,MRH Tullamore,return_ed_attendances,156,TRUE
2022,11,01/11/2022,MRH Tullamore,return_ed_attendances,157,TRUE
2022,12,01/12/2022,MRH Tullamore,return_ed_attendances,170,TRUE
2023,1,01/01/2023,MRH Tullamore,return_ed_attendances,239,TRUE
2023,2,01/02/2023,MRH Tullamore,return_ed_attendances,228,TRUE
2023,3,01/03/2023,MRH Tullamore,return_ed_attendances,202,TRUE
2023,4,01/04/2023,MRH Tullamore,return_ed_attendances,194,TRUE
2023,5,01/05/2023,MRH Tullamore,return_ed_attendances,181,TRUE
2023,6,01/06/2023,MRH Tullamore,return_ed_attendances,168,TRUE
2023,7,01/07/2023,MRH Tullamore,return_ed_attendances,176,TRUE
2023,8,01/08/2023,MRH Tullamore,return_ed_attendances,194,TRUE
2023,9,01/09/2023,MRH Tullamore,return_ed_attendances,191,TRUE
2023,10,01/10/2023,MRH Tullamore,return_ed_attendances,197,TRUE
2023,11,01/11/2023,MRH Tullamore,return_ed_attendances,206,TRUE
2023,12,01/12/2023,MRH Tullamore,return_ed_attendances,228,TRUE
2024,1,01/01/2024,MRH Tullamore,return_ed_attendances,303,TRUE
2024,2,01/02/2024,MRH Tullamore,return_ed_attendances,298,TRUE
2024,3,01/03/2024,MRH Tullamore,return_ed_attendances,256,TRUE
2024,4,01/04/2024,MRH Tullamore,return_ed_attendances,242,TRUE
2024,5,01/05/2024,MRH Tullamore,return_ed_attendances,222,TRUE
2024,6,01/06/2024,MRH Tullamore,return_ed_attendances,208,FALSE
2024,7,01/07/2024,MRH Tullamore,return_ed_attendances,321,FALSE
2024,8,01/08/2024,MRH Tullamore,return_ed_attendances,253,FALSE
2024,9,01/09/2024,MRH Tullamore,return_ed_attendances,296,FALSE
2022,1,01/01/2022,Mallow General Hospital,all_emergency_presentations,863,TRUE
2022,2,01/02/2022,Mallow General Hospital,all_emergency_presentations,858,TRUE
2022,3,01/03/2022,Mallow General Hospital,all_emergency_presentations,761,TRUE
2022,4,01/04/2022,Mallow General Hospital,all_emergency_presentations,685,TRUE
2022,5,01/05/2022,Mallow General Hospital,all_emergency_presentations,734,TRUE
2022,6,01/06/2022,Mallow General Hospital,all_emergency_presentations,703,TRUE
2022,7,01/07/2022,Mallow General Hospital,all_emergency_presentations,663,TRUE
2022,8,01/08/2022,Mallow General Hospital,all_emergency_presentations,719,TRUE
2022,9,01/09/2022,Mallow General Hospital,all_emergency_presentations,723,TRUE
2022,10,01/10/2022,Mallow General Hospital,all_emergency_presentations,762,TRUE
2022,11,01/11/2022,Mallow General Hospital,all_emergency_presentations,800,TRUE
2022,12,01/12/2022,Mallow General Hospital,all_emergency_presentations,816,TRUE
2023,1,01/01/2023,Mallow General Hospital,all_emergency_presentations,949,TRUE
2023,2,01/02/2023,Mallow General Hospital,all_emergency_presentations,919,TRUE
2023,3,01/03/2023,Mallow General Hospital,all_emergency_presentations,841,TRUE
2023,4,01/04/2023,Mallow General Hospital,all_emergency_presentations,787,TRUE
2023,5,01/05/2023,Mallow General Hospital,all_emergency_presentations,781,TRUE
2023,6,01/06/2023,Mallow General Hospital,all_emergency_presentations,741,TRUE
2023,7,01/07/2023,Mallow General Hospital,all_emergency_presentations,790,TRUE
2023,8,01/08/2023,Mallow General Hospital,all_emergency_presentations,826,TRUE
2023,9,01/09/2023,Mallow General Hospital,all_emergency_presentations,809,TRUE
2023,10,01/10/2023,Mallow General Hospital,all_emergency_presentations,854,TRUE
2023,11,01/11/2023,Mallow General Hospital,all_emergency_presentations,903,TRUE
2023,12,01/12/2023,Mallow General Hospital,all_emergency_presentations,935,TRUE
2024,1,01/01/2024,Mallow General Hospital,all_emergency_presentations,1093,TRUE
2024,2,01/02/2024,Mallow General Hospital,all_emergency_presentations,1077,TRUE
2024,3,01/03/2024,Mallow General Hospital,all_emergency_presentations,984,TRUE
2024,4,01/04/2024,Mallow General Hospital,all_emergency_presentations,872,TRUE
2024,5,01/05/2024,Mallow General Hospital,all_emergency_presentations,900,TRUE
2024,6,01/06/2024,Mallow General Hospital,all_emergency_presentations,958,FALSE
2024,7,01/07/2024,Mallow General Hospital,all_emergency_presentations,891,FALSE
2024,8,01/08/2024,Mallow General Hospital,all_emergency_presentations,1023,FALSE
2024,9,01/09/2024,Mallow General Hospital,all_emergency_presentations,1051,FALSE
2022,1,01/01/2022,Mallow General Hospital,new_ed_attendances,253,TRUE
2022,2,01/02/2022,Mallow General Hospital,new_ed_attendances,262,TRUE
2022,3,01/03/2022,Mallow General Hospital,new_ed_attendances,231,TRUE
2022,4,01/04/2022,Mallow General Hospital,new_ed_attendances,208,TRUE
2022,5,01/05/2022,Mallow General Hospital,new_ed_attendances,209,TRUE
2022,6,01/06/2022,Mallow General Hospital,new_ed_attendances,215,TRUE
2022,7,01/07/2022,Mallow General Hospital,new_ed_attendances,215,TRUE
2022,8,01/08/2022,Mallow General Hospital,new_ed_attendances,212,TRUE
2022,9,01/09/2022,Mallow General Hospital,new_ed_attendances,221,TRUE
2022,10,01/10/2022,Mallow General Hospital,new_ed_attendances,228,TRUE
2022,11,01/11/2022,Mallow General Hospital,new_ed_attendances,256,TRUE
2022,12,01/12/2022,Mallow General Hospital,new_ed_attendances,253,TRUE
2023,1,01/01/2023,Mallow General Hospital,new_ed_attendances,373,TRUE
2023,2,01/02/2023,Mallow General Hospital,new_ed_attendances,367,TRUE
2023,3,01/03/2023,Mallow General Hospital,new_ed_attendances,330,TRUE
2023,4,01/04/2023,Mallow General Hospital,new_ed_attendances,304,TRUE
2023,5,01/05/2023,Mallow General Hospital,new_ed_attendances,295,TRUE
2023,6,01/06/2023,Mallow General Hospital,new_ed_attendances,287,TRUE
2023,7,01/07/2023,Mallow General Hospital,new_ed_attendances,293,TRUE
2023,8,01/08/2023,Mallow General Hospital,new_ed_attendances,306,TRUE
2023,9,01/09/2023,Mallow General Hospital,new_ed_attendances,313,TRUE
2023,10,01/10/2023,Mallow General Hospital,new_ed_attendances,329,TRUE
2023,11,01/11/2023,Mallow General Hospital,new_ed_attendances,337,TRUE
2023,12,01/12/2023,Mallow General Hospital,new_ed_attendances,351,TRUE
2024,1,01/01/2024,Mallow General Hospital,new_ed_attendances,650,TRUE
2024,2,01/02/2024,Mallow General Hospital,new_ed_attendances,687,TRUE
2024,3,01/03/2024,Mallow General Hospital,new_ed_attendances,622,TRUE
2024,4,01/04/2024,Mallow General Hospital,new_ed_attendances,592,TRUE
2024,5,01/05/2024,Mallow General Hospital,new_ed_attendances,509,TRUE
2024,6,01/06/2024,Mallow General Hospital,new_ed_attendances,3833,FALSE
2024,7,01/07/2024,Mallow General Hospital,new_ed_attendances,3,FALSE
2024,8,01/08/2024,Mallow General Hospital,new_ed_attendances,11,FALSE
2024,9,01/09/2024,Mallow General Hospital,new_ed_attendances,2427,FALSE
2022,1,01/01/2022,Mallow General Hospital,return_ed_attendances,897,TRUE
2022,2,01/02/2022,Mallow General Hospital,return_ed_attendances,849,TRUE
2022,3,01/03/2022,Mallow General Hospital,return_ed_attendances,766,TRUE
2022,4,01/04/2022,Mallow General Hospital,return_ed_attendances,708,TRUE
2022,5,01/05/2022,Mallow General Hospital,return_ed_attendances,719,TRUE
2022,6,01/06/2022,Mallow General Hospital,return_ed_attendances,647,TRUE
2022,7,01/07/2022,Mallow General Hospital,return_ed_attendances,670,TRUE
2022,8,01/08/2022,Mallow General Hospital,return_ed_attendances,696,TRUE
2022,9,01/09/2022,Mallow General Hospital,return_ed_attendances,761,TRUE
2022,10,01/10/2022,Mallow General Hospital,return_ed_attendances,765,TRUE
2022,11,01/11/2022,Mallow General Hospital,return_ed_attendances,770,TRUE
2022,12,01/12/2022,Mallow General Hospital,return_ed_attendances,815,TRUE
2023,1,01/01/2023,Mallow General Hospital,return_ed_attendances,954,TRUE
2023,2,01/02/2023,Mallow General Hospital,return_ed_attendances,919,TRUE
2023,3,01/03/2023,Mallow General Hospital,return_ed_attendances,890,TRUE
2023,4,01/04/2023,Mallow General Hospital,return_ed_attendances,774,TRUE
2023,5,01/05/2023,Mallow General Hospital,return_ed_attendances,820,TRUE
2023,6,01/06/2023,Mallow General Hospital,return_ed_attendances,776,TRUE
2023,7,01/07/2023,Mallow General Hospital,return_ed_attendances,799,TRUE
2023,8,01/08/2023,Mallow General Hospital,return_ed_attendances,780,TRUE
2023,9,01/09/2023,Mallow General Hospital,return_ed_attendances,820,TRUE
2023,10,01/10/2023,Mallow General Hospital,return_ed_attendances,812,TRUE
2023,11,01/11/2023,Mallow General Hospital,return_ed_attendances,875,TRUE
2023,12,01/12/2023,Mallow General Hospital,return_ed_attendances,936,TRUE
2024,1,01/01/2024,Mallow General Hospital,return_ed_attendances,1132,TRUE
2024,2,01/02/2024,Mallow General Hospital,return_ed_attendances,1018,TRUE
2024,3,01/03/2024,Mallow General Hospital,return_ed_attendances,959,TRUE
2024,4,01/04/2024,Mallow General Hospital,return_ed_attendances,901,TRUE
2024,5,01/05/2024,Mallow General Hospital,return_ed_attendances,841,TRUE
2024,6,01/06/2024,Mallow General Hospital,return_ed_attendances,958,FALSE
2024,7,01/07/2024,Mallow General Hospital,return_ed_attendances,891,FALSE
2024,8,01/08/2024,Mallow General Hospital,return_ed_attendances,1023,FALSE
2024,9,01/09/2024,Mallow General Hospital,return_ed_attendances,1051,FALSE
2022,1,01/01/2022,Mater Misericordiae University Hospital,all_emergency_presentations,8786,TRUE
2022,2,01/02/2022,Mater Misericordiae University Hospital,all_emergency_presentations,8472,TRUE
2022,3,01/03/2022,Mater Misericordiae University Hospital,all_emergency_presentations,7859,TRUE
2022,4,01/04/2022,Mater Misericordiae University Hospital,all_emergency_presentations,7575,TRUE
2022,5,01/05/2022,Mater Misericordiae University Hospital,all_emergency_presentations,6898,TRUE
2022,6,01/06/2022,Mater Misericordiae University Hospital,all_emergency_presentations,6921,TRUE
2022,7,01/07/2022,Mater Misericordiae University Hospital,all_emergency_presentations,7226,TRUE
2022,8,01/08/2022,Mater Misericordiae University Hospital,all_emergency_presentations,7278,TRUE
2022,9,01/09/2022,Mater Misericordiae University Hospital,all_emergency_presentations,7512,TRUE
2022,10,01/10/2022,Mater Misericordiae University Hospital,all_emergency_presentations,7924,TRUE
2022,11,01/11/2022,Mater Misericordiae University Hospital,all_emergency_presentations,7413,TRUE
2022,12,01/12/2022,Mater Misericordiae University Hospital,all_emergency_presentations,8536,TRUE
2023,1,01/01/2023,Mater Misericordiae University Hospital,all_emergency_presentations,9276,TRUE
2023,2,01/02/2023,Mater Misericordiae University Hospital,all_emergency_presentations,8639,TRUE
2023,3,01/03/2023,Mater Misericordiae University Hospital,all_emergency_presentations,8548,TRUE
2023,4,01/04/2023,Mater Misericordiae University Hospital,all_emergency_presentations,8182,TRUE
2023,5,01/05/2023,Mater Misericordiae University Hospital,all_emergency_presentations,7586,TRUE
2023,6,01/06/2023,Mater Misericordiae University Hospital,all_emergency_presentations,7588,TRUE
2023,7,01/07/2023,Mater Misericordiae University Hospital,all_emergency_presentations,7902,TRUE
2023,8,01/08/2023,Mater Misericordiae University Hospital,all_emergency_presentations,8001,TRUE
2023,9,01/09/2023,Mater Misericordiae University Hospital,all_emergency_presentations,8413,TRUE
2023,10,01/10/2023,Mater Misericordiae University Hospital,all_emergency_presentations,8443,TRUE
2023,11,01/11/2023,Mater Misericordiae University Hospital,all_emergency_presentations,8679,TRUE
2023,12,01/12/2023,Mater Misericordiae University Hospital,all_emergency_presentations,8549,TRUE
2024,1,01/01/2024,Mater Misericordiae University Hospital,all_emergency_presentations,10082,TRUE
2024,2,01/02/2024,Mater Misericordiae University Hospital,all_emergency_presentations,9565,TRUE
2024,3,01/03/2024,Mater Misericordiae University Hospital,all_emergency_presentations,9627,TRUE
2024,4,01/04/2024,Mater Misericordiae University Hospital,all_emergency_presentations,8391,TRUE
2024,5,01/05/2024,Mater Misericordiae University Hospital,all_emergency_presentations,8208,TRUE
2024,6,01/06/2024,Mater Misericordiae University Hospital,all_emergency_presentations,8528,FALSE
2024,7,01/07/2024,Mater Misericordiae University Hospital,all_emergency_presentations,8809,FALSE
2024,8,01/08/2024,Mater Misericordiae University Hospital,all_emergency_presentations,8703,FALSE
2024,9,01/09/2024,Mater Misericordiae University Hospital,all_emergency_presentations,8675,FALSE
2022,1,01/01/2022,Mater Misericordiae University Hospital,new_ed_attendances,1652,TRUE
2022,2,01/02/2022,Mater Misericordiae University Hospital,new_ed_attendances,1443,TRUE
2022,3,01/03/2022,Mater Misericordiae University Hospital,new_ed_attendances,1427,TRUE
2022,4,01/04/2022,Mater Misericordiae University Hospital,new_ed_attendances,1364,TRUE
2022,5,01/05/2022,Mater Misericordiae University Hospital,new_ed_attendances,1282,TRUE
2022,6,01/06/2022,Mater Misericordiae University Hospital,new_ed_attendances,1353,TRUE
2022,7,01/07/2022,Mater Misericordiae University Hospital,new_ed_attendances,1261,TRUE
2022,8,01/08/2022,Mater Misericordiae University Hospital,new_ed_attendances,1328,TRUE
2022,9,01/09/2022,Mater Misericordiae University Hospital,new_ed_attendances,1408,TRUE
2022,10,01/10/2022,Mater Misericordiae University Hospital,new_ed_attendances,1507,TRUE
2022,11,01/11/2022,Mater Misericordiae University Hospital,new_ed_attendances,1449,TRUE
2022,12,01/12/2022,Mater Misericordiae University Hospital,new_ed_attendances,1625,TRUE
2023,1,01/01/2023,Mater Misericordiae University Hospital,new_ed_attendances,2317,TRUE
2023,2,01/02/2023,Mater Misericordiae University Hospital,new_ed_attendances,2172,TRUE
2023,3,01/03/2023,Mater Misericordiae University Hospital,new_ed_attendances,2090,TRUE
2023,4,01/04/2023,Mater Misericordiae University Hospital,new_ed_attendances,1935,TRUE
2023,5,01/05/2023,Mater Misericordiae University Hospital,new_ed_attendances,1831,TRUE
2023,6,01/06/2023,Mater Misericordiae University Hospital,new_ed_attendances,1810,TRUE
2023,7,01/07/2023,Mater Misericordiae University Hospital,new_ed_attendances,1824,TRUE
2023,8,01/08/2023,Mater Misericordiae University Hospital,new_ed_attendances,1891,TRUE
2023,9,01/09/2023,Mater Misericordiae University Hospital,new_ed_attendances,2002,TRUE
2023,10,01/10/2023,Mater Misericordiae University Hospital,new_ed_attendances,2118,TRUE
2023,11,01/11/2023,Mater Misericordiae University Hospital,new_ed_attendances,2041,TRUE
2023,12,01/12/2023,Mater Misericordiae University Hospital,new_ed_attendances,2339,TRUE
2024,1,01/01/2024,Mater Misericordiae University Hospital,new_ed_attendances,11363,TRUE
2024,2,01/02/2024,Mater Misericordiae University Hospital,new_ed_attendances,11607,TRUE
2024,3,01/03/2024,Mater Misericordiae University Hospital,new_ed_attendances,10929,TRUE
2024,4,01/04/2024,Mater Misericordiae University Hospital,new_ed_attendances,10108,TRUE
2024,5,01/05/2024,Mater Misericordiae University Hospital,new_ed_attendances,9535,TRUE
2024,6,01/06/2024,Mater Misericordiae University Hospital,new_ed_attendances,63382,FALSE
2024,7,01/07/2024,Mater Misericordiae University Hospital,new_ed_attendances,5,FALSE
2024,8,01/08/2024,Mater Misericordiae University Hospital,new_ed_attendances,2,FALSE
2024,9,01/09/2024,Mater Misericordiae University Hospital,new_ed_attendances,15765,FALSE
2022,1,01/01/2022,Mater Misericordiae University Hospital,return_ed_attendances,591,TRUE
2022,2,01/02/2022,Mater Misericordiae University Hospital,return_ed_attendances,534,TRUE
2022,3,01/03/2022,Mater Misericordiae University Hospital,return_ed_attendances,496,TRUE
2022,4,01/04/2022,Mater Misericordiae University Hospital,return_ed_attendances,466,TRUE
2022,5,01/05/2022,Mater Misericordiae University Hospital,return_ed_attendances,453,TRUE
2022,6,01/06/2022,Mater Misericordiae University Hospital,return_ed_attendances,431,TRUE
2022,7,01/07/2022,Mater Misericordiae University Hospital,return_ed_attendances,472,TRUE
2022,8,01/08/2022,Mater Misericordiae University Hospital,return_ed_attendances,461,TRUE
2022,9,01/09/2022,Mater Misericordiae University Hospital,return_ed_attendances,489,TRUE
2022,10,01/10/2022,Mater Misericordiae University Hospital,return_ed_attendances,490,TRUE
2022,11,01/11/2022,Mater Misericordiae University Hospital,return_ed_attendances,494,TRUE
2022,12,01/12/2022,Mater Misericordiae University Hospital,return_ed_attendances,547,TRUE
2023,1,01/01/2023,Mater Misericordiae University Hospital,return_ed_attendances,588,TRUE
2023,2,01/02/2023,Mater Misericordiae University Hospital,return_ed_attendances,601,TRUE
2023,3,01/03/2023,Mater Misericordiae University Hospital,return_ed_attendances,532,TRUE
2023,4,01/04/2023,Mater Misericordiae University Hospital,return_ed_attendances,549,TRUE
2023,5,01/05/2023,Mater Misericordiae University Hospital,return_ed_attendances,516,TRUE
2023,6,01/06/2023,Mater Misericordiae University Hospital,return_ed_attendances,488,TRUE
2023,7,01/07/2023,Mater Misericordiae University Hospital,return_ed_attendances,516,TRUE
2023,8,01/08/2023,Mater Misericordiae University Hospital,return_ed_attendances,494,TRUE
2023,9,01/09/2023,Mater Misericordiae University Hospital,return_ed_attendances,537,TRUE
2023,10,01/10/2023,Mater Misericordiae University Hospital,return_ed_attendances,548,TRUE
2023,11,01/11/2023,Mater Misericordiae University Hospital,return_ed_attendances,575,TRUE
2023,12,01/12/2023,Mater Misericordiae University Hospital,return_ed_attendances,615,TRUE
2024,1,01/01/2024,Mater Misericordiae University Hospital,return_ed_attendances,696,TRUE
2024,2,01/02/2024,Mater Misericordiae University Hospital,return_ed_attendances,663,TRUE
2024,3,01/03/2024,Mater Misericordiae University Hospital,return_ed_attendances,576,TRUE
2024,4,01/04/2024,Mater Misericordiae University Hospital,return_ed_attendances,549,TRUE
2024,5,01/05/2024,Mater Misericordiae University Hospital,return_ed_attendances,546,TRUE
2024,6,01/06/2024,Mater Misericordiae University Hospital,return_ed_attendances,580,FALSE
2024,7,01/07/2024,Mater Misericordiae University Hospital,return_ed_attendances,532,FALSE
2024,8,01/08/2024,Mater Misericordiae University Hospital,return_ed_attendances,559,FALSE
2024,9,01/09/2024,Mater Misericordiae University Hospital,return_ed_attendances,588,FALSE
2022,1,01/01/2022,Mayo University Hospital,all_emergency_presentations,3866,TRUE
2022,2,01/02/2022,Mayo University Hospital,all_emergency_presentations,3505,TRUE
2022,3,01/03/2022,Mayo University Hospital,all_emergency_presentations,3423,TRUE
2022,4,01/04/2022,Mayo University Hospital,all_emergency_presentations,3128,TRUE
2022,5,01/05/2022,Mayo University Hospital,all_emergency_presentations,2944,TRUE
2022,6,01/06/2022,Mayo University Hospital,all_emergency_presentations,2899,TRUE
2022,7,01/07/2022,Mayo University Hospital,all_emergency_presentations,3061,TRUE
2022,8,01/08/2022,Mayo University Hospital,all_emergency_presentations,3073,TRUE
2022,9,01/09/2022,Mayo University Hospital,all_emergency_presentations,3246,TRUE
2022,10,01/10/2022,Mayo University Hospital,all_emergency_presentations,3481,TRUE
2022,11,01/11/2022,Mayo University Hospital,all_emergency_presentations,3284,TRUE
2022,12,01/12/2022,Mayo University Hospital,all_emergency_presentations,3747,TRUE
2023,1,01/01/2023,Mayo University Hospital,all_emergency_presentations,4113,TRUE
2023,2,01/02/2023,Mayo University Hospital,all_emergency_presentations,3854,TRUE
2023,3,01/03/2023,Mayo University Hospital,all_emergency_presentations,3503,TRUE
2023,4,01/04/2023,Mayo University Hospital,all_emergency_presentations,3386,TRUE
2023,5,01/05/2023,Mayo University Hospital,all_emergency_presentations,3392,TRUE
2023,6,01/06/2023,Mayo University Hospital,all_emergency_presentations,3184,TRUE
2023,7,01/07/2023,Mayo University Hospital,all_emergency_presentations,3414,TRUE
2023,8,01/08/2023,Mayo University Hospital,all_emergency_presentations,3190,TRUE
2023,9,01/09/2023,Mayo University Hospital,all_emergency_presentations,3473,TRUE
2023,10,01/10/2023,Mayo University Hospital,all_emergency_presentations,3444,TRUE
2023,11,01/11/2023,Mayo University Hospital,all_emergency_presentations,3793,TRUE
2023,12,01/12/2023,Mayo University Hospital,all_emergency_presentations,3995,TRUE
2024,1,01/01/2024,Mayo University Hospital,all_emergency_presentations,4408,TRUE
2024,2,01/02/2024,Mayo University Hospital,all_emergency_presentations,3976,TRUE
2024,3,01/03/2024,Mayo University Hospital,all_emergency_presentations,3997,TRUE
2024,4,01/04/2024,Mayo University Hospital,all_emergency_presentations,3757,TRUE
2024,5,01/05/2024,Mayo University Hospital,all_emergency_presentations,3638,TRUE
2024,6,01/06/2024,Mayo University Hospital,all_emergency_presentations,3762,FALSE
2024,7,01/07/2024,Mayo University Hospital,all_emergency_presentations,3839,FALSE
2024,8,01/08/2024,Mayo University Hospital,all_emergency_presentations,3754,FALSE
2024,9,01/09/2024,Mayo University Hospital,all_emergency_presentations,3742,FALSE
2022,1,01/01/2022,Mayo University Hospital,new_ed_attendances,1251,TRUE
2022,2,01/02/2022,Mayo University Hospital,new_ed_attendances,1145,TRUE
2022,3,01/03/2022,Mayo University Hospital,new_ed_attendances,1104,TRUE
2022,4,01/04/2022,Mayo University Hospital,new_ed_attendances,1023,TRUE
2022,5,01/05/2022,Mayo University Hospital,new_ed_attendances,1002,TRUE
2022,6,01/06/2022,Mayo University Hospital,new_ed_attendances,964,TRUE
2022,7,01/07/2022,Mayo University Hospital,new_ed_attendances,1049,TRUE
2022,8,01/08/2022,Mayo University Hospital,new_ed_attendances,978,TRUE
2022,9,01/09/2022,Mayo University Hospital,new_ed_attendances,1023,TRUE
2022,10,01/10/2022,Mayo University Hospital,new_ed_attendances,1050,TRUE
2022,11,01/11/2022,Mayo University Hospital,new_ed_attendances,1104,TRUE
2022,12,01/12/2022,Mayo University Hospital,new_ed_attendances,1142,TRUE
2023,1,01/01/2023,Mayo University Hospital,new_ed_attendances,1778,TRUE
2023,2,01/02/2023,Mayo University Hospital,new_ed_attendances,1729,TRUE
2023,3,01/03/2023,Mayo University Hospital,new_ed_attendances,1501,TRUE
2023,4,01/04/2023,Mayo University Hospital,new_ed_attendances,1390,TRUE
2023,5,01/05/2023,Mayo University Hospital,new_ed_attendances,1402,TRUE
2023,6,01/06/2023,Mayo University Hospital,new_ed_attendances,1316,TRUE
2023,7,01/07/2023,Mayo University Hospital,new_ed_attendances,1393,TRUE
2023,8,01/08/2023,Mayo University Hospital,new_ed_attendances,1405,TRUE
2023,9,01/09/2023,Mayo University Hospital,new_ed_attendances,1389,TRUE
2023,10,01/10/2023,Mayo University Hospital,new_ed_attendances,1568,TRUE
2023,11,01/11/2023,Mayo University Hospital,new_ed_attendances,1656,TRUE
2023,12,01/12/2023,Mayo University Hospital,new_ed_attendances,1599,TRUE
2024,1,01/01/2024,Mayo University Hospital,new_ed_attendances,3838,TRUE
2024,2,01/02/2024,Mayo University Hospital,new_ed_attendances,3784,TRUE
2024,3,01/03/2024,Mayo University Hospital,new_ed_attendances,3490,TRUE
2024,4,01/04/2024,Mayo University Hospital,new_ed_attendances,3289,TRUE
2024,5,01/05/2024,Mayo University Hospital,new_ed_attendances,3315,TRUE
2024,6,01/06/2024,Mayo University Hospital,new_ed_attendances,20249,FALSE
2024,7,01/07/2024,Mayo University Hospital,new_ed_attendances,15,FALSE
2024,8,01/08/2024,Mayo University Hospital,new_ed_attendances,6,FALSE
2024,9,01/09/2024,Mayo University Hospital,new_ed_attendances,11578,FALSE
2022,1,01/01/2022,Mayo University Hospital,return_ed_attendances,151,TRUE
2022,2,01/02/2022,Mayo University Hospital,return_ed_attendances,157,TRUE
2022,3,01/03/2022,Mayo University Hospital,return_ed_attendances,135,TRUE
2022,4,01/04/2022,Mayo University Hospital,return_ed_attendances,128,TRUE
2022,5,01/05/2022,Mayo University Hospital,return_ed_attendances,125,TRUE
2022,6,01/06/2022,Mayo University Hospital,return_ed_attendances,120,TRUE
2022,7,01/07/2022,Mayo University Hospital,return_ed_attendances,122,TRUE
2022,8,01/08/2022,Mayo University Hospital,return_ed_attendances,121,TRUE
2022,9,01/09/2022,Mayo University Hospital,return_ed_attendances,136,TRUE
2022,10,01/10/2022,Mayo University Hospital,return_ed_attendances,142,TRUE
2022,11,01/11/2022,Mayo University Hospital,return_ed_attendances,134,TRUE
2022,12,01/12/2022,Mayo University Hospital,return_ed_attendances,142,TRUE
2023,1,01/01/2023,Mayo University Hospital,return_ed_attendances,189,TRUE
2023,2,01/02/2023,Mayo University Hospital,return_ed_attendances,179,TRUE
2023,3,01/03/2023,Mayo University Hospital,return_ed_attendances,172,TRUE
2023,4,01/04/2023,Mayo University Hospital,return_ed_attendances,155,TRUE
2023,5,01/05/2023,Mayo University Hospital,return_ed_attendances,164,TRUE
2023,6,01/06/2023,Mayo University Hospital,return_ed_attendances,154,TRUE
2023,7,01/07/2023,Mayo University Hospital,return_ed_attendances,153,TRUE
2023,8,01/08/2023,Mayo University Hospital,return_ed_attendances,160,TRUE
2023,9,01/09/2023,Mayo University Hospital,return_ed_attendances,167,TRUE
2023,10,01/10/2023,Mayo University Hospital,return_ed_attendances,164,TRUE
2023,11,01/11/2023,Mayo University Hospital,return_ed_attendances,170,TRUE
2023,12,01/12/2023,Mayo University Hospital,return_ed_attendances,182,TRUE
2024,1,01/01/2024,Mayo University Hospital,return_ed_attendances,243,TRUE
2024,2,01/02/2024,Mayo University Hospital,return_ed_attendances,230,TRUE
2024,3,01/03/2024,Mayo University Hospital,return_ed_attendances,201,TRUE
2024,4,01/04/2024,Mayo University Hospital,return_ed_attendances,192,TRUE
2024,5,01/05/2024,Mayo University Hospital,return_ed_attendances,190,TRUE
2024,6,01/06/2024,Mayo University Hospital,return_ed_attendances,202,FALSE
2024,7,01/07/2024,Mayo University Hospital,return_ed_attendances,232,FALSE
2024,8,01/08/2024,Mayo University Hospital,return_ed_attendances,207,FALSE
2024,9,01/09/2024,Mayo University Hospital,return_ed_attendances,198,FALSE
2022,1,01/01/2022,Mercy University Hospital,all_emergency_presentations,4957,TRUE
2022,2,01/02/2022,Mercy University Hospital,all_emergency_presentations,4558,TRUE
2022,3,01/03/2022,Mercy University Hospital,all_emergency_presentations,4302,TRUE
2022,4,01/04/2022,Mercy University Hospital,all_emergency_presentations,4092,TRUE
2022,5,01/05/2022,Mercy University Hospital,all_emergency_presentations,3863,TRUE
2022,6,01/06/2022,Mercy University Hospital,all_emergency_presentations,3886,TRUE
2022,7,01/07/2022,Mercy University Hospital,all_emergency_presentations,4119,TRUE
2022,8,01/08/2022,Mercy University Hospital,all_emergency_presentations,3836,TRUE
2022,9,01/09/2022,Mercy University Hospital,all_emergency_presentations,3922,TRUE
2022,10,01/10/2022,Mercy University Hospital,all_emergency_presentations,4253,TRUE
2022,11,01/11/2022,Mercy University Hospital,all_emergency_presentations,4515,TRUE
2022,12,01/12/2022,Mercy University Hospital,all_emergency_presentations,4551,TRUE
2023,1,01/01/2023,Mercy University Hospital,all_emergency_presentations,5221,TRUE
2023,2,01/02/2023,Mercy University Hospital,all_emergency_presentations,4639,TRUE
2023,3,01/03/2023,Mercy University Hospital,all_emergency_presentations,4545,TRUE
2023,4,01/04/2023,Mercy University Hospital,all_emergency_presentations,4080,TRUE
2023,5,01/05/2023,Mercy University Hospital,all_emergency_presentations,4236,TRUE
2023,6,01/06/2023,Mercy University Hospital,all_emergency_presentations,4134,TRUE
2023,7,01/07/2023,Mercy University Hospital,all_emergency_presentations,3894,TRUE
2023,8,01/08/2023,Mercy University Hospital,all_emergency_presentations,4003,TRUE
2023,9,01/09/2023,Mercy University Hospital,all_emergency_presentations,4349,TRUE
2023,10,01/10/2023,Mercy University Hospital,all_emergency_presentations,4316,TRUE
2023,11,01/11/2023,Mercy University Hospital,all_emergency_presentations,4573,TRUE
2023,12,01/12/2023,Mercy University Hospital,all_emergency_presentations,4752,TRUE
2024,1,01/01/2024,Mercy University Hospital,all_emergency_presentations,4886,TRUE
2024,2,01/02/2024,Mercy University Hospital,all_emergency_presentations,5006,TRUE
2024,3,01/03/2024,Mercy University Hospital,all_emergency_presentations,4518,TRUE
2024,4,01/04/2024,Mercy University Hospital,all_emergency_presentations,4242,TRUE
2024,5,01/05/2024,Mercy University Hospital,all_emergency_presentations,4354,TRUE
2024,6,01/06/2024,Mercy University Hospital,all_emergency_presentations,4446,FALSE
2024,7,01/07/2024,Mercy University Hospital,all_emergency_presentations,4291,FALSE
2024,8,01/08/2024,Mercy University Hospital,all_emergency_presentations,4212,FALSE
2024,9,01/09/2024,Mercy University Hospital,all_emergency_presentations,4350,FALSE
2022,1,01/01/2022,Mercy University Hospital,new_ed_attendances,728,TRUE
2022,2,01/02/2022,Mercy University Hospital,new_ed_attendances,659,TRUE
2022,3,01/03/2022,Mercy University Hospital,new_ed_attendances,630,TRUE
2022,4,01/04/2022,Mercy University Hospital,new_ed_attendances,551,TRUE
2022,5,01/05/2022,Mercy University Hospital,new_ed_attendances,562,TRUE
2022,6,01/06/2022,Mercy University Hospital,new_ed_attendances,517,TRUE
2022,7,01/07/2022,Mercy University Hospital,new_ed_attendances,535,TRUE
2022,8,01/08/2022,Mercy University Hospital,new_ed_attendances,589,TRUE
2022,9,01/09/2022,Mercy University Hospital,new_ed_attendances,577,TRUE
2022,10,01/10/2022,Mercy University Hospital,new_ed_attendances,602,TRUE
2022,11,01/11/2022,Mercy University Hospital,new_ed_attendances,643,TRUE
2022,12,01/12/2022,Mercy University Hospital,new_ed_attendances,660,TRUE
2023,1,01/01/2023,Mercy University Hospital,new_ed_attendances,963,TRUE
2023,2,01/02/2023,Mercy University Hospital,new_ed_attendances,937,TRUE
2023,3,01/03/2023,Mercy University Hospital,new_ed_attendances,915,TRUE
2023,4,01/04/2023,Mercy University Hospital,new_ed_attendances,795,TRUE
2023,5,01/05/2023,Mercy University Hospital,new_ed_attendances,777,TRUE
2023,6,01/06/2023,Mercy University Hospital,new_ed_attendances,771,TRUE
2023,7,01/07/2023,Mercy University Hospital,new_ed_attendances,789,TRUE
2023,8,01/08/2023,Mercy University Hospital,new_ed_attendances,808,TRUE
2023,9,01/09/2023,Mercy University Hospital,new_ed_attendances,828,TRUE
2023,10,01/10/2023,Mercy University Hospital,new_ed_attendances,808,TRUE
2023,11,01/11/2023,Mercy University Hospital,new_ed_attendances,921,TRUE
2023,12,01/12/2023,Mercy University Hospital,new_ed_attendances,879,TRUE
2024,1,01/01/2024,Mercy University Hospital,new_ed_attendances,3758,TRUE
2024,2,01/02/2024,Mercy University Hospital,new_ed_attendances,3516,TRUE
2024,3,01/03/2024,Mercy University Hospital,new_ed_attendances,3307,TRUE
2024,4,01/04/2024,Mercy University Hospital,new_ed_attendances,3123,TRUE
2024,5,01/05/2024,Mercy University Hospital,new_ed_attendances,3027,TRUE
2024,6,01/06/2024,Mercy University Hospital,new_ed_attendances,20062,FALSE
2024,7,01/07/2024,Mercy University Hospital,new_ed_attendances,10,FALSE
2024,8,01/08/2024,Mercy University Hospital,new_ed_attendances,4,FALSE
2024,9,01/09/2024,Mercy University Hospital,new_ed_attendances,6349,FALSE
2022,1,01/01/2022,Mercy University Hospital,return_ed_attendances,243,TRUE
2022,2,01/02/2022,Mercy University Hospital,return_ed_attendances,247,TRUE
2022,3,01/03/2022,Mercy University Hospital,return_ed_attendances,214,TRUE
2022,4,01/04/2022,Mercy University Hospital,return_ed_attendances,215,TRUE
2022,5,01/05/2022,Mercy University Hospital,return_ed_attendances,188,TRUE
2022,6,01/06/2022,Mercy University Hospital,return_ed_attendances,195,TRUE
2022,7,01/07/2022,Mercy University Hospital,return_ed_attendances,199,TRUE
2022,8,01/08/2022,Mercy University Hospital,return_ed_attendances,196,TRUE
2022,9,01/09/2022,Mercy University Hospital,return_ed_attendances,212,TRUE
2022,10,01/10/2022,Mercy University Hospital,return_ed_attendances,223,TRUE
2022,11,01/11/2022,Mercy University Hospital,return_ed_attendances,211,TRUE
2022,12,01/12/2022,Mercy University Hospital,return_ed_attendances,238,TRUE
2023,1,01/01/2023,Mercy University Hospital,return_ed_attendances,229,TRUE
2023,2,01/02/2023,Mercy University Hospital,return_ed_attendances,232,TRUE
2023,3,01/03/2023,Mercy University Hospital,return_ed_attendances,231,TRUE
2023,4,01/04/2023,Mercy University Hospital,return_ed_attendances,202,TRUE
2023,5,01/05/2023,Mercy University Hospital,return_ed_attendances,192,TRUE
2023,6,01/06/2023,Mercy University Hospital,return_ed_attendances,192,TRUE
2023,7,01/07/2023,Mercy University Hospital,return_ed_attendances,209,TRUE
2023,8,01/08/2023,Mercy University Hospital,return_ed_attendances,190,TRUE
2023,9,01/09/2023,Mercy University Hospital,return_ed_attendances,203,TRUE
2023,10,01/10/2023,Mercy University Hospital,return_ed_attendances,226,TRUE
2023,11,01/11/2023,Mercy University Hospital,return_ed_attendances,239,TRUE
2023,12,01/12/2023,Mercy University Hospital,return_ed_attendances,234,TRUE
2024,1,01/01/2024,Mercy University Hospital,return_ed_attendances,239,TRUE
2024,2,01/02/2024,Mercy University Hospital,return_ed_attendances,255,TRUE
2024,3,01/03/2024,Mercy University Hospital,return_ed_attendances,232,TRUE
2024,4,01/04/2024,Mercy University Hospital,return_ed_attendances,211,TRUE
2024,5,01/05/2024,Mercy University Hospital,return_ed_attendances,195,TRUE
2024,6,01/06/2024,Mercy University Hospital,return_ed_attendances,213,FALSE
2024,7,01/07/2024,Mercy University Hospital,return_ed_attendances,194,FALSE
2024,8,01/08/2024,Mercy University Hospital,return_ed_attendances,210,FALSE
2024,9,01/09/2024,Mercy University Hospital,return_ed_attendances,190,FALSE
2022,1,01/01/2022,Monaghan Hospital,all_emergency_presentations,785,TRUE
2022,2,01/02/2022,Monaghan Hospital,all_emergency_presentations,802,TRUE
2022,3,01/03/2022,Monaghan Hospital,all_emergency_presentations,715,TRUE
2022,4,01/04/2022,Monaghan Hospital,all_emergency_presentations,667,TRUE
2022,5,01/05/2022,Monaghan Hospital,all_emergency_presentations,652,TRUE
2022,6,01/06/2022,Monaghan Hospital,all_emergency_presentations,599,TRUE
2022,7,01/07/2022,Monaghan Hospital,all_emergency_presentations,653,TRUE
2022,8,01/08/2022,Monaghan Hospital,all_emergency_presentations,646,TRUE
2022,9,01/09/2022,Monaghan Hospital,all_emergency_presentations,688,TRUE
2022,10,01/10/2022,Monaghan Hospital,all_emergency_presentations,672,TRUE
2022,11,01/11/2022,Monaghan Hospital,all_emergency_presentations,694,TRUE
2022,12,01/12/2022,Monaghan Hospital,all_emergency_presentations,774,TRUE
2023,1,01/01/2023,Monaghan Hospital,all_emergency_presentations,1055,TRUE
2023,2,01/02/2023,Monaghan Hospital,all_emergency_presentations,980,TRUE
2023,3,01/03/2023,Monaghan Hospital,all_emergency_presentations,904,TRUE
2023,4,01/04/2023,Monaghan Hospital,all_emergency_presentations,895,TRUE
2023,5,01/05/2023,Monaghan Hospital,all_emergency_presentations,810,TRUE
2023,6,01/06/2023,Monaghan Hospital,all_emergency_presentations,853,TRUE
2023,7,01/07/2023,Monaghan Hospital,all_emergency_presentations,808,TRUE
2023,8,01/08/2023,Monaghan Hospital,all_emergency_presentations,865,TRUE
2023,9,01/09/2023,Monaghan Hospital,all_emergency_presentations,875,TRUE
2023,10,01/10/2023,Monaghan Hospital,all_emergency_presentations,927,TRUE
2023,11,01/11/2023,Monaghan Hospital,all_emergency_presentations,939,TRUE
2023,12,01/12/2023,Monaghan Hospital,all_emergency_presentations,985,TRUE
2024,1,01/01/2024,Monaghan Hospital,all_emergency_presentations,1369,TRUE
2024,2,01/02/2024,Monaghan Hospital,all_emergency_presentations,1282,TRUE
2024,3,01/03/2024,Monaghan Hospital,all_emergency_presentations,1244,TRUE
2024,4,01/04/2024,Monaghan Hospital,all_emergency_presentations,1118,TRUE
2024,5,01/05/2024,Monaghan Hospital,all_emergency_presentations,1093,TRUE
2024,6,01/06/2024,Monaghan Hospital,all_emergency_presentations,1160,FALSE
2024,7,01/07/2024,Monaghan Hospital,all_emergency_presentations,1264,FALSE
2024,8,01/08/2024,Monaghan Hospital,all_emergency_presentations,1223,FALSE
2024,9,01/09/2024,Monaghan Hospital,all_emergency_presentations,1288,FALSE
2022,1,01/01/2022,Monaghan Hospital,new_ed_attendances,858,TRUE
2022,2,01/02/2022,Monaghan Hospital,new_ed_attendances,858,TRUE
2022,3,01/03/2022,Monaghan Hospital,new_ed_attendances,765,TRUE
2022,4,01/04/2022,Monaghan Hospital,new_ed_attendances,759,TRUE
2022,5,01/05/2022,Monaghan Hospital,new_ed_attendances,692,TRUE
2022,6,01/06/2022,Monaghan Hospital,new_ed_attendances,682,TRUE
2022,7,01/07/2022,Monaghan Hospital,new_ed_attendances,712,TRUE
2022,8,01/08/2022,Monaghan Hospital,new_ed_attendances,677,TRUE
2022,9,01/09/2022,Monaghan Hospital,new_ed_attendances,698,TRUE
2022,10,01/10/2022,Monaghan Hospital,new_ed_attendances,724,TRUE
2022,11,01/11/2022,Monaghan Hospital,new_ed_attendances,826,TRUE
2022,12,01/12/2022,Monaghan Hospital,new_ed_attendances,812,TRUE
2023,1,01/01/2023,Monaghan Hospital,new_ed_attendances,655,TRUE
2023,2,01/02/2023,Monaghan Hospital,new_ed_attendances,578,TRUE
2023,3,01/03/2023,Monaghan Hospital,new_ed_attendances,545,TRUE
2023,4,01/04/2023,Monaghan Hospital,new_ed_attendances,529,TRUE
2023,5,01/05/2023,Monaghan Hospital,new_ed_attendances,519,TRUE
2023,6,01/06/2023,Monaghan Hospital,new_ed_attendances,504,TRUE
2023,7,01/07/2023,Monaghan Hospital,new_ed_attendances,502,TRUE
2023,8,01/08/2023,Monaghan Hospital,new_ed_attendances,510,TRUE
2023,9,01/09/2023,Monaghan Hospital,new_ed_attendances,525,TRUE
2023,10,01/10/2023,Monaghan Hospital,new_ed_attendances,544,TRUE
2023,11,01/11/2023,Monaghan Hospital,new_ed_attendances,548,TRUE
2023,12,01/12/2023,Monaghan Hospital,new_ed_attendances,563,TRUE
2024,1,01/01/2024,Monaghan Hospital,new_ed_attendances,208,TRUE
2024,2,01/02/2024,Monaghan Hospital,new_ed_attendances,200,TRUE
2024,3,01/03/2024,Monaghan Hospital,new_ed_attendances,183,TRUE
2024,4,01/04/2024,Monaghan Hospital,new_ed_attendances,177,TRUE
2024,5,01/05/2024,Monaghan Hospital,new_ed_attendances,172,TRUE
2024,6,01/06/2024,Monaghan Hospital,new_ed_attendances,762,FALSE
2024,9,01/09/2024,Monaghan Hospital,new_ed_attendances,4330,FALSE
2022,1,01/01/2022,Monaghan Hospital,return_ed_attendances,808,TRUE
2022,2,01/02/2022,Monaghan Hospital,return_ed_attendances,776,TRUE
2022,3,01/03/2022,Monaghan Hospital,return_ed_attendances,711,TRUE
2022,4,01/04/2022,Monaghan Hospital,return_ed_attendances,641,TRUE
2022,5,01/05/2022,Monaghan Hospital,return_ed_attendances,637,TRUE
2022,6,01/06/2022,Monaghan Hospital,return_ed_attendances,580,TRUE
2022,7,01/07/2022,Monaghan Hospital,return_ed_attendances,637,TRUE
2022,8,01/08/2022,Monaghan Hospital,return_ed_attendances,675,TRUE
2022,9,01/09/2022,Monaghan Hospital,return_ed_attendances,644,TRUE
2022,10,01/10/2022,Monaghan Hospital,return_ed_attendances,682,TRUE
2022,11,01/11/2022,Monaghan Hospital,return_ed_attendances,735,TRUE
2022,12,01/12/2022,Monaghan Hospital,return_ed_attendances,783,TRUE
2023,1,01/01/2023,Monaghan Hospital,return_ed_attendances,1029,TRUE
2023,2,01/02/2023,Monaghan Hospital,return_ed_attendances,987,TRUE
2023,3,01/03/2023,Monaghan Hospital,return_ed_attendances,873,TRUE
2023,4,01/04/2023,Monaghan Hospital,return_ed_attendances,869,TRUE
2023,5,01/05/2023,Monaghan Hospital,return_ed_attendances,891,TRUE
2023,6,01/06/2023,Monaghan Hospital,return_ed_attendances,820,TRUE
2023,7,01/07/2023,Monaghan Hospital,return_ed_attendances,830,TRUE
2023,8,01/08/2023,Monaghan Hospital,return_ed_attendances,857,TRUE
2023,9,01/09/2023,Monaghan Hospital,return_ed_attendances,884,TRUE
2023,10,01/10/2023,Monaghan Hospital,return_ed_attendances,888,TRUE
2023,11,01/11/2023,Monaghan Hospital,return_ed_attendances,978,TRUE
2023,12,01/12/2023,Monaghan Hospital,return_ed_attendances,997,TRUE
2024,1,01/01/2024,Monaghan Hospital,return_ed_attendances,1368,TRUE
2024,2,01/02/2024,Monaghan Hospital,return_ed_attendances,1283,TRUE
2024,3,01/03/2024,Monaghan Hospital,return_ed_attendances,1265,TRUE
2024,4,01/04/2024,Monaghan Hospital,return_ed_attendances,1158,TRUE
2024,5,01/05/2024,Monaghan Hospital,return_ed_attendances,1083,TRUE
2024,6,01/06/2024,Monaghan Hospital,return_ed_attendances,1160,FALSE
2024,7,01/07/2024,Monaghan Hospital,return_ed_attendances,1264,FALSE
2024,8,01/08/2024,Monaghan Hospital,return_ed_attendances,1223,FALSE
2024,9,01/09/2024,Monaghan Hospital,return_ed_attendances,1288,FALSE
2022,1,01/01/2022,Naas General Hospital,all_emergency_presentations,2377,TRUE
2022,2,01/02/2022,Naas General Hospital,all_emergency_presentations,2245,TRUE
2022,3,01/03/2022,Naas General Hospital,all_emergency_presentations,1976,TRUE
2022,4,01/04/2022,Naas General Hospital,all_emergency_presentations,1941,TRUE
2022,5,01/05/2022,Naas General Hospital,all_emergency_presentations,1816,TRUE
2022,6,01/06/2022,Naas General Hospital,all_emergency_presentations,1800,TRUE
2022,7,01/07/2022,Naas General Hospital,all_emergency_presentations,1819,TRUE
2022,8,01/08/2022,Naas General Hospital,all_emergency_presentations,1785,TRUE
2022,9,01/09/2022,Naas General Hospital,all_emergency_presentations,1871,TRUE
2022,10,01/10/2022,Naas General Hospital,all_emergency_presentations,2025,TRUE
2022,11,01/11/2022,Naas General Hospital,all_emergency_presentations,2039,TRUE
2022,12,01/12/2022,Naas General Hospital,all_emergency_presentations,2110,TRUE
2023,1,01/01/2023,Naas General Hospital,all_emergency_presentations,2983,TRUE
2023,2,01/02/2023,Naas General Hospital,all_emergency_presentations,3004,TRUE
2023,3,01/03/2023,Naas General Hospital,all_emergency_presentations,2901,TRUE
2023,4,01/04/2023,Naas General Hospital,all_emergency_presentations,2469,TRUE
2023,5,01/05/2023,Naas General Hospital,all_emergency_presentations,2474,TRUE
2023,6,01/06/2023,Naas General Hospital,all_emergency_presentations,2495,TRUE
2023,7,01/07/2023,Naas General Hospital,all_emergency_presentations,2440,TRUE
2023,8,01/08/2023,Naas General Hospital,all_emergency_presentations,2532,TRUE
2023,9,01/09/2023,Naas General Hospital,all_emergency_presentations,2519,TRUE
2023,10,01/10/2023,Naas General Hospital,all_emergency_presentations,2715,TRUE
2023,11,01/11/2023,Naas General Hospital,all_emergency_presentations,2795,TRUE
2023,12,01/12/2023,Naas General Hospital,all_emergency_presentations,3001,TRUE
2024,1,01/01/2024,Naas General Hospital,all_emergency_presentations,4339,TRUE
2024,2,01/02/2024,Naas General Hospital,all_emergency_presentations,4362,TRUE
2024,3,01/03/2024,Naas General Hospital,all_emergency_presentations,3793,TRUE
2024,4,01/04/2024,Naas General Hospital,all_emergency_presentations,3513,TRUE
2024,5,01/05/2024,Naas General Hospital,all_emergency_presentations,3392,TRUE
2024,6,01/06/2024,Naas General Hospital,all_emergency_presentations,3582,FALSE
2024,7,01/07/2024,Naas General Hospital,all_emergency_presentations,3727,FALSE
2024,8,01/08/2024,Naas General Hospital,all_emergency_presentations,3645,FALSE
2024,9,01/09/2024,Naas General Hospital,all_emergency_presentations,3814,FALSE
2022,1,01/01/2022,Naas General Hospital,new_ed_attendances,780,TRUE
2022,2,01/02/2022,Naas General Hospital,new_ed_attendances,709,TRUE
2022,3,01/03/2022,Naas General Hospital,new_ed_attendances,651,TRUE
2022,4,01/04/2022,Naas General Hospital,new_ed_attendances,643,TRUE
2022,5,01/05/2022,Naas General Hospital,new_ed_attendances,619,TRUE
2022,6,01/06/2022,Naas General Hospital,new_ed_attendances,599,TRUE
2022,7,01/07/2022,Naas General Hospital,new_ed_attendances,613,TRUE
2022,8,01/08/2022,Naas General Hospital,new_ed_attendances,607,TRUE
2022,9,01/09/2022,Naas General Hospital,new_ed_attendances,650,TRUE
2022,10,01/10/2022,Naas General Hospital,new_ed_attendances,671,TRUE
2022,11,01/11/2022,Naas General Hospital,new_ed_attendances,682,TRUE
2022,12,01/12/2022,Naas General Hospital,new_ed_attendances,764,TRUE
2023,1,01/01/2023,Naas General Hospital,new_ed_attendances,1082,TRUE
2023,2,01/02/2023,Naas General Hospital,new_ed_attendances,994,TRUE
2023,3,01/03/2023,Naas General Hospital,new_ed_attendances,968,TRUE
2023,4,01/04/2023,Naas General Hospital,new_ed_attendances,860,TRUE
2023,5,01/05/2023,Naas General Hospital,new_ed_attendances,879,TRUE
2023,6,01/06/2023,Naas General Hospital,new_ed_attendances,861,TRUE
2023,7,01/07/2023,Naas General Hospital,new_ed_attendances,829,TRUE
2023,8,01/08/2023,Naas General Hospital,new_ed_attendances,893,TRUE
2023,9,01/09/2023,Naas General Hospital,new_ed_attendances,915,TRUE
2023,10,01/10/2023,Naas General Hospital,new_ed_attendances,954,TRUE
2023,11,01/11/2023,Naas General Hospital,new_ed_attendances,1032,TRUE
2023,12,01/12/2023,Naas General Hospital,new_ed_attendances,1005,TRUE
2024,1,01/01/2024,Naas General Hospital,new_ed_attendances,2666,TRUE
2024,2,01/02/2024,Naas General Hospital,new_ed_attendances,2565,TRUE
2024,3,01/03/2024,Naas General Hospital,new_ed_attendances,2368,TRUE
2024,4,01/04/2024,Naas General Hospital,new_ed_attendances,2260,TRUE
2024,5,01/05/2024,Naas General Hospital,new_ed_attendances,2219,TRUE
2024,6,01/06/2024,Naas General Hospital,new_ed_attendances,15674,FALSE
2024,7,01/07/2024,Naas General Hospital,new_ed_attendances,21,FALSE
2024,8,01/08/2024,Naas General Hospital,new_ed_attendances,10,FALSE
2024,9,01/09/2024,Naas General Hospital,new_ed_attendances,7244,FALSE
2022,1,01/01/2022,Naas General Hospital,return_ed_attendances,173,TRUE
2022,2,01/02/2022,Naas General Hospital,return_ed_attendances,154,TRUE
2022,3,01/03/2022,Naas General Hospital,return_ed_attendances,148,TRUE
2022,4,01/04/2022,Naas General Hospital,return_ed_attendances,133,TRUE
2022,5,01/05/2022,Naas General Hospital,return_ed_attendances,131,TRUE
2022,6,01/06/2022,Naas General Hospital,return_ed_attendances,126,TRUE
2022,7,01/07/2022,Naas General Hospital,return_ed_attendances,130,TRUE
2022,8,01/08/2022,Naas General Hospital,return_ed_attendances,133,TRUE
2022,9,01/09/2022,Naas General Hospital,return_ed_attendances,138,TRUE
2022,10,01/10/2022,Naas General Hospital,return_ed_attendances,148,TRUE
2022,11,01/11/2022,Naas General Hospital,return_ed_attendances,147,TRUE
2022,12,01/12/2022,Naas General Hospital,return_ed_attendances,158,TRUE
2023,1,01/01/2023,Naas General Hospital,return_ed_attendances,234,TRUE
2023,2,01/02/2023,Naas General Hospital,return_ed_attendances,215,TRUE
2023,3,01/03/2023,Naas General Hospital,return_ed_attendances,197,TRUE
2023,4,01/04/2023,Naas General Hospital,return_ed_attendances,186,TRUE
2023,5,01/05/2023,Naas General Hospital,return_ed_attendances,188,TRUE
2023,6,01/06/2023,Naas General Hospital,return_ed_attendances,177,TRUE
2023,7,01/07/2023,Naas General Hospital,return_ed_attendances,177,TRUE
2023,8,01/08/2023,Naas General Hospital,return_ed_attendances,186,TRUE
2023,9,01/09/2023,Naas General Hospital,return_ed_attendances,185,TRUE
2023,10,01/10/2023,Naas General Hospital,return_ed_attendances,201,TRUE
2023,11,01/11/2023,Naas General Hospital,return_ed_attendances,209,TRUE
2023,12,01/12/2023,Naas General Hospital,return_ed_attendances,212,TRUE
2024,1,01/01/2024,Naas General Hospital,return_ed_attendances,300,TRUE
2024,2,01/02/2024,Naas General Hospital,return_ed_attendances,290,TRUE
2024,3,01/03/2024,Naas General Hospital,return_ed_attendances,278,TRUE
2024,4,01/04/2024,Naas General Hospital,return_ed_attendances,265,TRUE
2024,5,01/05/2024,Naas General Hospital,return_ed_attendances,243,TRUE
2024,6,01/06/2024,Naas General Hospital,return_ed_attendances,242,FALSE
2024,7,01/07/2024,Naas General Hospital,return_ed_attendances,224,FALSE
2024,8,01/08/2024,Naas General Hospital,return_ed_attendances,216,FALSE
2024,9,01/09/2024,Naas General Hospital,return_ed_attendances,233,FALSE
2022,1,01/01/2022,National Maternity Hospital,new_ed_attendances,880,TRUE
2022,2,01/02/2022,National Maternity Hospital,new_ed_attendances,843,TRUE
2022,3,01/03/2022,National Maternity Hospital,new_ed_attendances,774,TRUE
2022,4,01/04/2022,National Maternity Hospital,new_ed_attendances,754,TRUE
2022,5,01/05/2022,National Maternity Hospital,new_ed_attendances,721,TRUE
2022,6,01/06/2022,National Maternity Hospital,new_ed_attendances,676,TRUE
2022,7,01/07/2022,National Maternity Hospital,new_ed_attendances,724,TRUE
2022,8,01/08/2022,National Maternity Hospital,new_ed_attendances,727,TRUE
2022,9,01/09/2022,National Maternity Hospital,new_ed_attendances,769,TRUE
2022,10,01/10/2022,National Maternity Hospital,new_ed_attendances,788,TRUE
2022,11,01/11/2022,National Maternity Hospital,new_ed_attendances,790,TRUE
2022,12,01/12/2022,National Maternity Hospital,new_ed_attendances,826,TRUE
2023,1,01/01/2023,National Maternity Hospital,new_ed_attendances,1267,TRUE
2023,2,01/02/2023,National Maternity Hospital,new_ed_attendances,1220,TRUE
2023,3,01/03/2023,National Maternity Hospital,new_ed_attendances,1102,TRUE
2023,4,01/04/2023,National Maternity Hospital,new_ed_attendances,1033,TRUE
2023,5,01/05/2023,National Maternity Hospital,new_ed_attendances,1036,TRUE
2023,6,01/06/2023,National Maternity Hospital,new_ed_attendances,949,TRUE
2023,7,01/07/2023,National Maternity Hospital,new_ed_attendances,1004,TRUE
2023,8,01/08/2023,National Maternity Hospital,new_ed_attendances,1002,TRUE
2023,9,01/09/2023,National Maternity Hospital,new_ed_attendances,1044,TRUE
2023,10,01/10/2023,National Maternity Hospital,new_ed_attendances,1118,TRUE
2023,11,01/11/2023,National Maternity Hospital,new_ed_attendances,1163,TRUE
2023,12,01/12/2023,National Maternity Hospital,new_ed_attendances,1205,TRUE
2024,1,01/01/2024,National Maternity Hospital,new_ed_attendances,2731,TRUE
2024,2,01/02/2024,National Maternity Hospital,new_ed_attendances,2540,TRUE
2024,3,01/03/2024,National Maternity Hospital,new_ed_attendances,2386,TRUE
2024,4,01/04/2024,National Maternity Hospital,new_ed_attendances,2162,TRUE
2024,5,01/05/2024,National Maternity Hospital,new_ed_attendances,2136,TRUE
2024,6,01/06/2024,National Maternity Hospital,new_ed_attendances,13593,FALSE
2024,7,01/07/2024,National Maternity Hospital,new_ed_attendances,6,FALSE
2024,8,01/08/2024,National Maternity Hospital,new_ed_attendances,3,FALSE
2024,9,01/09/2024,National Maternity Hospital,new_ed_attendances,8273,FALSE
2022,1,01/01/2022,National Maternity Hospital,return_ed_attendances,703,TRUE
2022,2,01/02/2022,National Maternity Hospital,return_ed_attendances,685,TRUE
2022,3,01/03/2022,National Maternity Hospital,return_ed_attendances,628,TRUE
2022,4,01/04/2022,National Maternity Hospital,return_ed_attendances,591,TRUE
2022,5,01/05/2022,National Maternity Hospital,return_ed_attendances,589,TRUE
2022,6,01/06/2022,National Maternity Hospital,return_ed_attendances,556,TRUE
2022,7,01/07/2022,National Maternity Hospital,return_ed_attendances,541,TRUE
2022,8,01/08/2022,National Maternity Hospital,return_ed_attendances,594,TRUE
2022,9,01/09/2022,National Maternity Hospital,return_ed_attendances,624,TRUE
2022,10,01/10/2022,National Maternity Hospital,return_ed_attendances,670,TRUE
2022,11,01/11/2022,National Maternity Hospital,return_ed_attendances,620,TRUE
2022,12,01/12/2022,National Maternity Hospital,return_ed_attendances,671,TRUE
2023,1,01/01/2023,National Maternity Hospital,return_ed_attendances,632,TRUE
2023,2,01/02/2023,National Maternity Hospital,return_ed_attendances,662,TRUE
2023,3,01/03/2023,National Maternity Hospital,return_ed_attendances,590,TRUE
2023,4,01/04/2023,National Maternity Hospital,return_ed_attendances,592,TRUE
2023,5,01/05/2023,National Maternity Hospital,return_ed_attendances,530,TRUE
2023,6,01/06/2023,National Maternity Hospital,return_ed_attendances,499,TRUE
2023,7,01/07/2023,National Maternity Hospital,return_ed_attendances,529,TRUE
2023,8,01/08/2023,National Maternity Hospital,return_ed_attendances,516,TRUE
2023,9,01/09/2023,National Maternity Hospital,return_ed_attendances,584,TRUE
2023,10,01/10/2023,National Maternity Hospital,return_ed_attendances,552,TRUE
2023,11,01/11/2023,National Maternity Hospital,return_ed_attendances,618,TRUE
2023,12,01/12/2023,National Maternity Hospital,return_ed_attendances,600,TRUE
2024,1,01/01/2024,National Maternity Hospital,return_ed_attendances,642,TRUE
2024,2,01/02/2024,National Maternity Hospital,return_ed_attendances,657,TRUE
2024,3,01/03/2024,National Maternity Hospital,return_ed_attendances,583,TRUE
2024,4,01/04/2024,National Maternity Hospital,return_ed_attendances,524,TRUE
2024,5,01/05/2024,National Maternity Hospital,return_ed_attendances,521,TRUE
2024,6,01/06/2024,National Maternity Hospital,return_ed_attendances,553,FALSE
2024,7,01/07/2024,National Maternity Hospital,return_ed_attendances,595,FALSE
2024,8,01/08/2024,National Maternity Hospital,return_ed_attendances,576,FALSE
2024,9,01/09/2024,National Maternity Hospital,return_ed_attendances,566,FALSE
2022,1,01/01/2022,National Orthopaedic Hospital Cappagh,new_ed_attendances,169,TRUE
2022,2,01/02/2022,National Orthopaedic Hospital Cappagh,new_ed_attendances,164,TRUE
2022,3,01/03/2022,National Orthopaedic Hospital Cappagh,new_ed_attendances,153,TRUE
2022,4,01/04/2022,National Orthopaedic Hospital Cappagh,new_ed_attendances,137,TRUE
2022,5,01/05/2022,National Orthopaedic Hospital Cappagh,new_ed_attendances,145,TRUE
2022,6,01/06/2022,National Orthopaedic Hospital Cappagh,new_ed_attendances,128,TRUE
2022,7,01/07/2022,National Orthopaedic Hospital Cappagh,new_ed_attendances,130,TRUE
2022,8,01/08/2022,National Orthopaedic Hospital Cappagh,new_ed_attendances,143,TRUE
2022,9,01/09/2022,National Orthopaedic Hospital Cappagh,new_ed_attendances,147,TRUE
2022,10,01/10/2022,National Orthopaedic Hospital Cappagh,new_ed_attendances,151,TRUE
2022,11,01/11/2022,National Orthopaedic Hospital Cappagh,new_ed_attendances,158,TRUE
2022,12,01/12/2022,National Orthopaedic Hospital Cappagh,new_ed_attendances,161,TRUE
2023,1,01/01/2023,National Orthopaedic Hospital Cappagh,new_ed_attendances,231,TRUE
2023,2,01/02/2023,National Orthopaedic Hospital Cappagh,new_ed_attendances,230,TRUE
2023,3,01/03/2023,National Orthopaedic Hospital Cappagh,new_ed_attendances,207,TRUE
2023,4,01/04/2023,National Orthopaedic Hospital Cappagh,new_ed_attendances,203,TRUE
2023,5,01/05/2023,National Orthopaedic Hospital Cappagh,new_ed_attendances,190,TRUE
2023,6,01/06/2023,National Orthopaedic Hospital Cappagh,new_ed_attendances,180,TRUE
2023,7,01/07/2023,National Orthopaedic Hospital Cappagh,new_ed_attendances,187,TRUE
2023,8,01/08/2023,National Orthopaedic Hospital Cappagh,new_ed_attendances,195,TRUE
2023,9,01/09/2023,National Orthopaedic Hospital Cappagh,new_ed_attendances,198,TRUE
2023,10,01/10/2023,National Orthopaedic Hospital Cappagh,new_ed_attendances,202,TRUE
2023,11,01/11/2023,National Orthopaedic Hospital Cappagh,new_ed_attendances,219,TRUE
2023,12,01/12/2023,National Orthopaedic Hospital Cappagh,new_ed_attendances,227,TRUE
2024,1,01/01/2024,National Orthopaedic Hospital Cappagh,new_ed_attendances,1202,TRUE
2024,2,01/02/2024,National Orthopaedic Hospital Cappagh,new_ed_attendances,1162,TRUE
2024,3,01/03/2024,National Orthopaedic Hospital Cappagh,new_ed_attendances,1093,TRUE
2024,4,01/04/2024,National Orthopaedic Hospital Cappagh,new_ed_attendances,970,TRUE
2024,5,01/05/2024,National Orthopaedic Hospital Cappagh,new_ed_attendances,941,TRUE
2024,6,01/06/2024,National Orthopaedic Hospital Cappagh,new_ed_attendances,5786,FALSE
2024,9,01/09/2024,National Orthopaedic Hospital Cappagh,new_ed_attendances,1650,FALSE
2022,1,01/01/2022,National Orthopaedic Hospital Cappagh,return_ed_attendances,1517,TRUE
2022,2,01/02/2022,National Orthopaedic Hospital Cappagh,return_ed_attendances,1434,TRUE
2022,3,01/03/2022,National Orthopaedic Hospital Cappagh,return_ed_attendances,1424,TRUE
2022,4,01/04/2022,National Orthopaedic Hospital Cappagh,return_ed_attendances,1271,TRUE
2022,5,01/05/2022,National Orthopaedic Hospital Cappagh,return_ed_attendances,1244,TRUE
2022,6,01/06/2022,National Orthopaedic Hospital Cappagh,return_ed_attendances,1241,TRUE
2022,7,01/07/2022,National Orthopaedic Hospital Cappagh,return_ed_attendances,1185,TRUE
2022,8,01/08/2022,National Orthopaedic Hospital Cappagh,return_ed_attendances,1271,TRUE
2022,9,01/09/2022,National Orthopaedic Hospital Cappagh,return_ed_attendances,1278,TRUE
2022,10,01/10/2022,National Orthopaedic Hospital Cappagh,return_ed_attendances,1335,TRUE
2022,11,01/11/2022,National Orthopaedic Hospital Cappagh,return_ed_attendances,1408,TRUE
2022,12,01/12/2022,National Orthopaedic Hospital Cappagh,return_ed_attendances,1392,TRUE
2023,1,01/01/2023,National Orthopaedic Hospital Cappagh,return_ed_attendances,1050,TRUE
2023,2,01/02/2023,National Orthopaedic Hospital Cappagh,return_ed_attendances,1080,TRUE
2023,3,01/03/2023,National Orthopaedic Hospital Cappagh,return_ed_attendances,982,TRUE
2023,4,01/04/2023,National Orthopaedic Hospital Cappagh,return_ed_attendances,891,TRUE
2023,5,01/05/2023,National Orthopaedic Hospital Cappagh,return_ed_attendances,872,TRUE
2023,6,01/06/2023,National Orthopaedic Hospital Cappagh,return_ed_attendances,830,TRUE
2023,7,01/07/2023,National Orthopaedic Hospital Cappagh,return_ed_attendances,891,TRUE
2023,8,01/08/2023,National Orthopaedic Hospital Cappagh,return_ed_attendances,869,TRUE
2023,9,01/09/2023,National Orthopaedic Hospital Cappagh,return_ed_attendances,917,TRUE
2023,10,01/10/2023,National Orthopaedic Hospital Cappagh,return_ed_attendances,970,TRUE
2023,11,01/11/2023,National Orthopaedic Hospital Cappagh,return_ed_attendances,961,TRUE
2023,12,01/12/2023,National Orthopaedic Hospital Cappagh,return_ed_attendances,1068,TRUE
2024,1,01/01/2024,National Orthopaedic Hospital Cappagh,return_ed_attendances,0,TRUE
2024,2,01/02/2024,National Orthopaedic Hospital Cappagh,return_ed_attendances,0,TRUE
2024,3,01/03/2024,National Orthopaedic Hospital Cappagh,return_ed_attendances,0,TRUE
2024,4,01/04/2024,National Orthopaedic Hospital Cappagh,return_ed_attendances,0,TRUE
2024,5,01/05/2024,National Orthopaedic Hospital Cappagh,return_ed_attendances,0,TRUE
2024,6,01/06/2024,National Orthopaedic Hospital Cappagh,return_ed_attendances,1,FALSE
2024,9,01/09/2024,National Orthopaedic Hospital Cappagh,return_ed_attendances,8214,FALSE
2022,1,01/01/2022,National Rehabilitation Hospital,new_ed_attendances,35,TRUE
2022,2,01/02/2022,National Rehabilitation Hospital,new_ed_attendances,35,TRUE
2022,3,01/03/2022,National Rehabilitation Hospital,new_ed_attendances,33,TRUE
2022,4,01/04/2022,National Rehabilitation Hospital,new_ed_attendances,31,TRUE
2022,5,01/05/2022,National Rehabilitation Hospital,new_ed_attendances,30,TRUE
2022,6,01/06/2022,National Rehabilitation Hospital,new_ed_attendances,28,TRUE
2022,7,01/07/2022,National Rehabilitation Hospital,new_ed_attendances,29,TRUE
2022,8,01/08/2022,National Rehabilitation Hospital,new_ed_attendances,29,TRUE
2022,9,01/09/2022,National Rehabilitation Hospital,new_ed_attendances,31,TRUE
2022,10,01/10/2022,National Rehabilitation Hospital,new_ed_attendances,31,TRUE
2022,11,01/11/2022,National Rehabilitation Hospital,new_ed_attendances,33,TRUE
2022,12,01/12/2022,National Rehabilitation Hospital,new_ed_attendances,34,TRUE
2023,1,01/01/2023,National Rehabilitation Hospital,new_ed_attendances,52,TRUE
2023,2,01/02/2023,National Rehabilitation Hospital,new_ed_attendances,51,TRUE
2023,3,01/03/2023,National Rehabilitation Hospital,new_ed_attendances,45,TRUE
2023,4,01/04/2023,National Rehabilitation Hospital,new_ed_attendances,43,TRUE
2023,5,01/05/2023,National Rehabilitation Hospital,new_ed_attendances,42,TRUE
2023,6,01/06/2023,National Rehabilitation Hospital,new_ed_attendances,39,TRUE
2023,7,01/07/2023,National Rehabilitation Hospital,new_ed_attendances,41,TRUE
2023,8,01/08/2023,National Rehabilitation Hospital,new_ed_attendances,41,TRUE
2023,9,01/09/2023,National Rehabilitation Hospital,new_ed_attendances,43,TRUE
2023,10,01/10/2023,National Rehabilitation Hospital,new_ed_attendances,43,TRUE
2023,11,01/11/2023,National Rehabilitation Hospital,new_ed_attendances,46,TRUE
2023,12,01/12/2023,National Rehabilitation Hospital,new_ed_attendances,49,TRUE
2024,1,01/01/2024,National Rehabilitation Hospital,new_ed_attendances,1342,TRUE
2024,2,01/02/2024,National Rehabilitation Hospital,new_ed_attendances,1278,TRUE
2024,3,01/03/2024,National Rehabilitation Hospital,new_ed_attendances,1218,TRUE
2024,4,01/04/2024,National Rehabilitation Hospital,new_ed_attendances,1043,TRUE
2024,5,01/05/2024,National Rehabilitation Hospital,new_ed_attendances,1062,TRUE
2024,6,01/06/2024,National Rehabilitation Hospital,new_ed_attendances,7577,FALSE
2024,8,01/08/2024,National Rehabilitation Hospital,new_ed_attendances,8,FALSE
2024,9,01/09/2024,National Rehabilitation Hospital,new_ed_attendances,352,FALSE
2022,1,01/01/2022,National Rehabilitation Hospital,return_ed_attendances,388,TRUE
2022,2,01/02/2022,National Rehabilitation Hospital,return_ed_attendances,368,TRUE
2022,3,01/03/2022,National Rehabilitation Hospital,return_ed_attendances,344,TRUE
2022,4,01/04/2022,National Rehabilitation Hospital,return_ed_attendances,325,TRUE
2022,5,01/05/2022,National Rehabilitation Hospital,return_ed_attendances,326,TRUE
2022,6,01/06/2022,National Rehabilitation Hospital,return_ed_attendances,309,TRUE
2022,7,01/07/2022,National Rehabilitation Hospital,return_ed_attendances,316,TRUE
2022,8,01/08/2022,National Rehabilitation Hospital,return_ed_attendances,310,TRUE
2022,9,01/09/2022,National Rehabilitation Hospital,return_ed_attendances,325,TRUE
2022,10,01/10/2022,National Rehabilitation Hospital,return_ed_attendances,362,TRUE
2022,11,01/11/2022,National Rehabilitation Hospital,return_ed_attendances,352,TRUE
2022,12,01/12/2022,National Rehabilitation Hospital,return_ed_attendances,392,TRUE
2023,1,01/01/2023,National Rehabilitation Hospital,return_ed_attendances,273,TRUE
2023,2,01/02/2023,National Rehabilitation Hospital,return_ed_attendances,266,TRUE
2023,3,01/03/2023,National Rehabilitation Hospital,return_ed_attendances,253,TRUE
2023,4,01/04/2023,National Rehabilitation Hospital,return_ed_attendances,237,TRUE
2023,5,01/05/2023,National Rehabilitation Hospital,return_ed_attendances,221,TRUE
2023,6,01/06/2023,National Rehabilitation Hospital,return_ed_attendances,212,TRUE
2023,7,01/07/2023,National Rehabilitation Hospital,return_ed_attendances,219,TRUE
2023,8,01/08/2023,National Rehabilitation Hospital,return_ed_attendances,226,TRUE
2023,9,01/09/2023,National Rehabilitation Hospital,return_ed_attendances,240,TRUE
2023,10,01/10/2023,National Rehabilitation Hospital,return_ed_attendances,240,TRUE
2023,11,01/11/2023,National Rehabilitation Hospital,return_ed_attendances,257,TRUE
2023,12,01/12/2023,National Rehabilitation Hospital,return_ed_attendances,274,TRUE
2024,1,01/01/2024,National Rehabilitation Hospital,return_ed_attendances,0,TRUE
2024,2,01/02/2024,National Rehabilitation Hospital,return_ed_attendances,0,TRUE
2024,3,01/03/2024,National Rehabilitation Hospital,return_ed_attendances,0,TRUE
2024,4,01/04/2024,National Rehabilitation Hospital,return_ed_attendances,0,TRUE
2024,5,01/05/2024,National Rehabilitation Hospital,return_ed_attendances,0,TRUE
2024,6,01/06/2024,National Rehabilitation Hospital,return_ed_attendances,2,FALSE
2024,9,01/09/2024,National Rehabilitation Hospital,return_ed_attendances,2203,FALSE
2022,1,01/01/2022,Nenagh Hospital,all_emergency_presentations,1158,TRUE
2022,2,01/02/2022,Nenagh Hospital,all_emergency_presentations,1166,TRUE
2022,3,01/03/2022,Nenagh Hospital,all_emergency_presentations,1012,TRUE
2022,4,01/04/2022,Nenagh Hospital,all_emergency_presentations,926,TRUE
2022,5,01/05/2022,Nenagh Hospital,all_emergency_presentations,903,TRUE
2022,6,01/06/2022,Nenagh Hospital,all_emergency_presentations,863,TRUE
2022,7,01/07/2022,Nenagh Hospital,all_emergency_presentations,890,TRUE
2022,8,01/08/2022,Nenagh Hospital,all_emergency_presentations,921,TRUE
2022,9,01/09/2022,Nenagh Hospital,all_emergency_presentations,929,TRUE
2022,10,01/10/2022,Nenagh Hospital,all_emergency_presentations,999,TRUE
2022,11,01/11/2022,Nenagh Hospital,all_emergency_presentations,1076,TRUE
2022,12,01/12/2022,Nenagh Hospital,all_emergency_presentations,1057,TRUE
2023,1,01/01/2023,Nenagh Hospital,all_emergency_presentations,1328,TRUE
2023,2,01/02/2023,Nenagh Hospital,all_emergency_presentations,1246,TRUE
2023,3,01/03/2023,Nenagh Hospital,all_emergency_presentations,1165,TRUE
2023,4,01/04/2023,Nenagh Hospital,all_emergency_presentations,1034,TRUE
2023,5,01/05/2023,Nenagh Hospital,all_emergency_presentations,1049,TRUE
2023,6,01/06/2023,Nenagh Hospital,all_emergency_presentations,958,TRUE
2023,7,01/07/2023,Nenagh Hospital,all_emergency_presentations,1039,TRUE
2023,8,01/08/2023,Nenagh Hospital,all_emergency_presentations,1039,TRUE
2023,9,01/09/2023,Nenagh Hospital,all_emergency_presentations,1094,TRUE
2023,10,01/10/2023,Nenagh Hospital,all_emergency_presentations,1069,TRUE
2023,11,01/11/2023,Nenagh Hospital,all_emergency_presentations,1131,TRUE
2023,12,01/12/2023,Nenagh Hospital,all_emergency_presentations,1227,TRUE
2024,1,01/01/2024,Nenagh Hospital,all_emergency_presentations,1369,TRUE
2024,2,01/02/2024,Nenagh Hospital,all_emergency_presentations,1381,TRUE
2024,3,01/03/2024,Nenagh Hospital,all_emergency_presentations,1203,TRUE
2024,4,01/04/2024,Nenagh Hospital,all_emergency_presentations,1200,TRUE
2024,5,01/05/2024,Nenagh Hospital,all_emergency_presentations,1093,TRUE
2024,6,01/06/2024,Nenagh Hospital,all_emergency_presentations,1167,FALSE
2024,7,01/07/2024,Nenagh Hospital,all_emergency_presentations,1276,FALSE
2024,8,01/08/2024,Nenagh Hospital,all_emergency_presentations,1353,FALSE
2024,9,01/09/2024,Nenagh Hospital,all_emergency_presentations,1408,FALSE
2022,1,01/01/2022,Nenagh Hospital,new_ed_attendances,453,TRUE
2022,2,01/02/2022,Nenagh Hospital,new_ed_attendances,431,TRUE
2022,3,01/03/2022,Nenagh Hospital,new_ed_attendances,394,TRUE
2022,4,01/04/2022,Nenagh Hospital,new_ed_attendances,371,TRUE
2022,5,01/05/2022,Nenagh Hospital,new_ed_attendances,359,TRUE
2022,6,01/06/2022,Nenagh Hospital,new_ed_attendances,353,TRUE
2022,7,01/07/2022,Nenagh Hospital,new_ed_attendances,361,TRUE
2022,8,01/08/2022,Nenagh Hospital,new_ed_attendances,367,TRUE
2022,9,01/09/2022,Nenagh Hospital,new_ed_attendances,387,TRUE
2022,10,01/10/2022,Nenagh Hospital,new_ed_attendances,408,TRUE
2022,11,01/11/2022,Nenagh Hospital,new_ed_attendances,425,TRUE
2022,12,01/12/2022,Nenagh Hospital,new_ed_attendances,409,TRUE
2023,1,01/01/2023,Nenagh Hospital,new_ed_attendances,458,TRUE
2023,2,01/02/2023,Nenagh Hospital,new_ed_attendances,492,TRUE
2023,3,01/03/2023,Nenagh Hospital,new_ed_attendances,423,TRUE
2023,4,01/04/2023,Nenagh Hospital,new_ed_attendances,409,TRUE
2023,5,01/05/2023,Nenagh Hospital,new_ed_attendances,385,TRUE
2023,6,01/06/2023,Nenagh Hospital,new_ed_attendances,365,TRUE
2023,7,01/07/2023,Nenagh Hospital,new_ed_attendances,401,TRUE
2023,8,01/08/2023,Nenagh Hospital,new_ed_attendances,412,TRUE
2023,9,01/09/2023,Nenagh Hospital,new_ed_attendances,413,TRUE
2023,10,01/10/2023,Nenagh Hospital,new_ed_attendances,399,TRUE
2023,11,01/11/2023,Nenagh Hospital,new_ed_attendances,446,TRUE
2023,12,01/12/2023,Nenagh Hospital,new_ed_attendances,476,TRUE
2024,1,01/01/2024,Nenagh Hospital,new_ed_attendances,520,TRUE
2024,2,01/02/2024,Nenagh Hospital,new_ed_attendances,529,TRUE
2024,3,01/03/2024,Nenagh Hospital,new_ed_attendances,484,TRUE
2024,4,01/04/2024,Nenagh Hospital,new_ed_attendances,460,TRUE
2024,5,01/05/2024,Nenagh Hospital,new_ed_attendances,440,TRUE
2024,6,01/06/2024,Nenagh Hospital,new_ed_attendances,2807,FALSE
2024,7,01/07/2024,Nenagh Hospital,new_ed_attendances,26,FALSE
2024,9,01/09/2024,Nenagh Hospital,new_ed_attendances,3250,FALSE
2022,1,01/01/2022,Nenagh Hospital,return_ed_attendances,1069,TRUE
2022,2,01/02/2022,Nenagh Hospital,return_ed_attendances,1100,TRUE
2022,3,01/03/2022,Nenagh Hospital,return_ed_attendances,1023,TRUE
2022,4,01/04/2022,Nenagh Hospital,return_ed_attendances,975,TRUE
2022,5,01/05/2022,Nenagh Hospital,return_ed_attendances,940,TRUE
2022,6,01/06/2022,Nenagh Hospital,return_ed_attendances,908,TRUE
2022,7,01/07/2022,Nenagh Hospital,return_ed_attendances,890,TRUE
2022,8,01/08/2022,Nenagh Hospital,return_ed_attendances,878,TRUE
2022,9,01/09/2022,Nenagh Hospital,return_ed_attendances,958,TRUE
2022,10,01/10/2022,Nenagh Hospital,return_ed_attendances,1029,TRUE
2022,11,01/11/2022,Nenagh Hospital,return_ed_attendances,1091,TRUE
2022,12,01/12/2022,Nenagh Hospital,return_ed_attendances,1109,TRUE
2023,1,01/01/2023,Nenagh Hospital,return_ed_attendances,1286,TRUE
2023,2,01/02/2023,Nenagh Hospital,return_ed_attendances,1241,TRUE
2023,3,01/03/2023,Nenagh Hospital,return_ed_attendances,1111,TRUE
2023,4,01/04/2023,Nenagh Hospital,return_ed_attendances,1051,TRUE
2023,5,01/05/2023,Nenagh Hospital,return_ed_attendances,1074,TRUE
2023,6,01/06/2023,Nenagh Hospital,return_ed_attendances,962,TRUE
2023,7,01/07/2023,Nenagh Hospital,return_ed_attendances,1061,TRUE
2023,8,01/08/2023,Nenagh Hospital,return_ed_attendances,1023,TRUE
2023,9,01/09/2023,Nenagh Hospital,return_ed_attendances,1119,TRUE
2023,10,01/10/2023,Nenagh Hospital,return_ed_attendances,1062,TRUE
2023,11,01/11/2023,Nenagh Hospital,return_ed_attendances,1183,TRUE
2023,12,01/12/2023,Nenagh Hospital,return_ed_attendances,1179,TRUE
2024,1,01/01/2024,Nenagh Hospital,return_ed_attendances,1350,TRUE
2024,2,01/02/2024,Nenagh Hospital,return_ed_attendances,1371,TRUE
2024,3,01/03/2024,Nenagh Hospital,return_ed_attendances,1292,TRUE
2024,4,01/04/2024,Nenagh Hospital,return_ed_attendances,1141,TRUE
2024,5,01/05/2024,Nenagh Hospital,return_ed_attendances,1084,TRUE
2024,6,01/06/2024,Nenagh Hospital,return_ed_attendances,1167,FALSE
2024,7,01/07/2024,Nenagh Hospital,return_ed_attendances,1276,FALSE
2024,8,01/08/2024,Nenagh Hospital,return_ed_attendances,1353,FALSE
2024,9,01/09/2024,Nenagh Hospital,return_ed_attendances,1408,FALSE
2022,1,01/01/2022,Our Lady of Lourdes Hospital Drogheda,all_emergency_presentations,6723,TRUE
2022,2,01/02/2022,Our Lady of Lourdes Hospital Drogheda,all_emergency_presentations,6181,TRUE
2022,3,01/03/2022,Our Lady of Lourdes Hospital Drogheda,all_emergency_presentations,6131,TRUE
2022,4,01/04/2022,Our Lady of Lourdes Hospital Drogheda,all_emergency_presentations,6172,TRUE
2022,5,01/05/2022,Our Lady of Lourdes Hospital Drogheda,all_emergency_presentations,5711,TRUE
2022,6,01/06/2022,Our Lady of Lourdes Hospital Drogheda,all_emergency_presentations,5400,TRUE
2022,7,01/07/2022,Our Lady of Lourdes Hospital Drogheda,all_emergency_presentations,5477,TRUE
2022,8,01/08/2022,Our Lady of Lourdes Hospital Drogheda,all_emergency_presentations,5642,TRUE
2022,9,01/09/2022,Our Lady of Lourdes Hospital Drogheda,all_emergency_presentations,5969,TRUE
2022,10,01/10/2022,Our Lady of Lourdes Hospital Drogheda,all_emergency_presentations,5835,TRUE
2022,11,01/11/2022,Our Lady of Lourdes Hospital Drogheda,all_emergency_presentations,6555,TRUE
2022,12,01/12/2022,Our Lady of Lourdes Hospital Drogheda,all_emergency_presentations,6719,TRUE
2023,1,01/01/2023,Our Lady of Lourdes Hospital Drogheda,all_emergency_presentations,7136,TRUE
2023,2,01/02/2023,Our Lady of Lourdes Hospital Drogheda,all_emergency_presentations,6838,TRUE
2023,3,01/03/2023,Our Lady of Lourdes Hospital Drogheda,all_emergency_presentations,6220,TRUE
2023,4,01/04/2023,Our Lady of Lourdes Hospital Drogheda,all_emergency_presentations,5919,TRUE
2023,5,01/05/2023,Our Lady of Lourdes Hospital Drogheda,all_emergency_presentations,5724,TRUE
2023,6,01/06/2023,Our Lady of Lourdes Hospital Drogheda,all_emergency_presentations,5389,TRUE
2023,7,01/07/2023,Our Lady of Lourdes Hospital Drogheda,all_emergency_presentations,5469,TRUE
2023,8,01/08/2023,Our Lady of Lourdes Hospital Drogheda,all_emergency_presentations,5701,TRUE
2023,9,01/09/2023,Our Lady of Lourdes Hospital Drogheda,all_emergency_presentations,6195,TRUE
2023,10,01/10/2023,Our Lady of Lourdes Hospital Drogheda,all_emergency_presentations,5871,TRUE
2023,11,01/11/2023,Our Lady of Lourdes Hospital Drogheda,all_emergency_presentations,6112,TRUE
2023,12,01/12/2023,Our Lady of Lourdes Hospital Drogheda,all_emergency_presentations,6663,TRUE
2024,1,01/01/2024,Our Lady of Lourdes Hospital Drogheda,all_emergency_presentations,7053,TRUE
2024,2,01/02/2024,Our Lady of Lourdes Hospital Drogheda,all_emergency_presentations,6839,TRUE
2024,3,01/03/2024,Our Lady of Lourdes Hospital Drogheda,all_emergency_presentations,6312,TRUE
2024,4,01/04/2024,Our Lady of Lourdes Hospital Drogheda,all_emergency_presentations,5809,TRUE
2024,5,01/05/2024,Our Lady of Lourdes Hospital Drogheda,all_emergency_presentations,5923,TRUE
2024,6,01/06/2024,Our Lady of Lourdes Hospital Drogheda,all_emergency_presentations,5811,FALSE
2024,7,01/07/2024,Our Lady of Lourdes Hospital Drogheda,all_emergency_presentations,5754,FALSE
2024,8,01/08/2024,Our Lady of Lourdes Hospital Drogheda,all_emergency_presentations,5475,FALSE
2024,9,01/09/2024,Our Lady of Lourdes Hospital Drogheda,all_emergency_presentations,6030,FALSE
2022,1,01/01/2022,Our Lady of Lourdes Hospital Drogheda,new_ed_attendances,2321,TRUE
2022,2,01/02/2022,Our Lady of Lourdes Hospital Drogheda,new_ed_attendances,2137,TRUE
2022,3,01/03/2022,Our Lady of Lourdes Hospital Drogheda,new_ed_attendances,2102,TRUE
2022,4,01/04/2022,Our Lady of Lourdes Hospital Drogheda,new_ed_attendances,1898,TRUE
2022,5,01/05/2022,Our Lady of Lourdes Hospital Drogheda,new_ed_attendances,1822,TRUE
2022,6,01/06/2022,Our Lady of Lourdes Hospital Drogheda,new_ed_attendances,1849,TRUE
2022,7,01/07/2022,Our Lady of Lourdes Hospital Drogheda,new_ed_attendances,1792,TRUE
2022,8,01/08/2022,Our Lady of Lourdes Hospital Drogheda,new_ed_attendances,1791,TRUE
2022,9,01/09/2022,Our Lady of Lourdes Hospital Drogheda,new_ed_attendances,1857,TRUE
2022,10,01/10/2022,Our Lady of Lourdes Hospital Drogheda,new_ed_attendances,2043,TRUE
2022,11,01/11/2022,Our Lady of Lourdes Hospital Drogheda,new_ed_attendances,2023,TRUE
2022,12,01/12/2022,Our Lady of Lourdes Hospital Drogheda,new_ed_attendances,2297,TRUE
2023,1,01/01/2023,Our Lady of Lourdes Hospital Drogheda,new_ed_attendances,3017,TRUE
2023,2,01/02/2023,Our Lady of Lourdes Hospital Drogheda,new_ed_attendances,3267,TRUE
2023,3,01/03/2023,Our Lady of Lourdes Hospital Drogheda,new_ed_attendances,2882,TRUE
2023,4,01/04/2023,Our Lady of Lourdes Hospital Drogheda,new_ed_attendances,2665,TRUE
2023,5,01/05/2023,Our Lady of Lourdes Hospital Drogheda,new_ed_attendances,2549,TRUE
2023,6,01/06/2023,Our Lady of Lourdes Hospital Drogheda,new_ed_attendances,2539,TRUE
2023,7,01/07/2023,Our Lady of Lourdes Hospital Drogheda,new_ed_attendances,2561,TRUE
2023,8,01/08/2023,Our Lady of Lourdes Hospital Drogheda,new_ed_attendances,2705,TRUE
2023,9,01/09/2023,Our Lady of Lourdes Hospital Drogheda,new_ed_attendances,2737,TRUE
2023,10,01/10/2023,Our Lady of Lourdes Hospital Drogheda,new_ed_attendances,2822,TRUE
2023,11,01/11/2023,Our Lady of Lourdes Hospital Drogheda,new_ed_attendances,2913,TRUE
2023,12,01/12/2023,Our Lady of Lourdes Hospital Drogheda,new_ed_attendances,3049,TRUE
2024,1,01/01/2024,Our Lady of Lourdes Hospital Drogheda,new_ed_attendances,6798,TRUE
2024,2,01/02/2024,Our Lady of Lourdes Hospital Drogheda,new_ed_attendances,6174,TRUE
2024,3,01/03/2024,Our Lady of Lourdes Hospital Drogheda,new_ed_attendances,5752,TRUE
2024,4,01/04/2024,Our Lady of Lourdes Hospital Drogheda,new_ed_attendances,5719,TRUE
2024,5,01/05/2024,Our Lady of Lourdes Hospital Drogheda,new_ed_attendances,5451,TRUE
2024,6,01/06/2024,Our Lady of Lourdes Hospital Drogheda,new_ed_attendances,36141,FALSE
2024,8,01/08/2024,Our Lady of Lourdes Hospital Drogheda,new_ed_attendances,4,FALSE
2024,9,01/09/2024,Our Lady of Lourdes Hospital Drogheda,new_ed_attendances,21907,FALSE
2022,1,01/01/2022,Our Lady of Lourdes Hospital Drogheda,return_ed_attendances,593,TRUE
2022,2,01/02/2022,Our Lady of Lourdes Hospital Drogheda,return_ed_attendances,538,TRUE
2022,3,01/03/2022,Our Lady of Lourdes Hospital Drogheda,return_ed_attendances,534,TRUE
2022,4,01/04/2022,Our Lady of Lourdes Hospital Drogheda,return_ed_attendances,494,TRUE
2022,5,01/05/2022,Our Lady of Lourdes Hospital Drogheda,return_ed_attendances,483,TRUE
2022,6,01/06/2022,Our Lady of Lourdes Hospital Drogheda,return_ed_attendances,474,TRUE
2022,7,01/07/2022,Our Lady of Lourdes Hospital Drogheda,return_ed_attendances,475,TRUE
2022,8,01/08/2022,Our Lady of Lourdes Hospital Drogheda,return_ed_attendances,481,TRUE
2022,9,01/09/2022,Our Lady of Lourdes Hospital Drogheda,return_ed_attendances,486,TRUE
2022,10,01/10/2022,Our Lady of Lourdes Hospital Drogheda,return_ed_attendances,503,TRUE
2022,11,01/11/2022,Our Lady of Lourdes Hospital Drogheda,return_ed_attendances,558,TRUE
2022,12,01/12/2022,Our Lady of Lourdes Hospital Drogheda,return_ed_attendances,583,TRUE
2023,1,01/01/2023,Our Lady of Lourdes Hospital Drogheda,return_ed_attendances,624,TRUE
2023,2,01/02/2023,Our Lady of Lourdes Hospital Drogheda,return_ed_attendances,608,TRUE
2023,3,01/03/2023,Our Lady of Lourdes Hospital Drogheda,return_ed_attendances,544,TRUE
2023,4,01/04/2023,Our Lady of Lourdes Hospital Drogheda,return_ed_attendances,540,TRUE
2023,5,01/05/2023,Our Lady of Lourdes Hospital Drogheda,return_ed_attendances,516,TRUE
2023,6,01/06/2023,Our Lady of Lourdes Hospital Drogheda,return_ed_attendances,519,TRUE
2023,7,01/07/2023,Our Lady of Lourdes Hospital Drogheda,return_ed_attendances,488,TRUE
2023,8,01/08/2023,Our Lady of Lourdes Hospital Drogheda,return_ed_attendances,506,TRUE
2023,9,01/09/2023,Our Lady of Lourdes Hospital Drogheda,return_ed_attendances,536,TRUE
2023,10,01/10/2023,Our Lady of Lourdes Hospital Drogheda,return_ed_attendances,559,TRUE
2023,11,01/11/2023,Our Lady of Lourdes Hospital Drogheda,return_ed_attendances,572,TRUE
2023,12,01/12/2023,Our Lady of Lourdes Hospital Drogheda,return_ed_attendances,581,TRUE
2024,1,01/01/2024,Our Lady of Lourdes Hospital Drogheda,return_ed_attendances,688,TRUE
2024,2,01/02/2024,Our Lady of Lourdes Hospital Drogheda,return_ed_attendances,662,TRUE
2024,3,01/03/2024,Our Lady of Lourdes Hospital Drogheda,return_ed_attendances,580,TRUE
2024,4,01/04/2024,Our Lady of Lourdes Hospital Drogheda,return_ed_attendances,580,TRUE
2024,5,01/05/2024,Our Lady of Lourdes Hospital Drogheda,return_ed_attendances,559,TRUE
2024,6,01/06/2024,Our Lady of Lourdes Hospital Drogheda,return_ed_attendances,581,FALSE
2024,7,01/07/2024,Our Lady of Lourdes Hospital Drogheda,return_ed_attendances,507,FALSE
2024,8,01/08/2024,Our Lady of Lourdes Hospital Drogheda,return_ed_attendances,504,FALSE
2024,9,01/09/2024,Our Lady of Lourdes Hospital Drogheda,return_ed_attendances,587,FALSE
2022,1,01/01/2022,Our Lady's Hospital Navan,all_emergency_presentations,2245,TRUE
2022,2,01/02/2022,Our Lady's Hospital Navan,all_emergency_presentations,2137,TRUE
2022,3,01/03/2022,Our Lady's Hospital Navan,all_emergency_presentations,2065,TRUE
2022,4,01/04/2022,Our Lady's Hospital Navan,all_emergency_presentations,1800,TRUE
2022,5,01/05/2022,Our Lady's Hospital Navan,all_emergency_presentations,1789,TRUE
2022,6,01/06/2022,Our Lady's Hospital Navan,all_emergency_presentations,1684,TRUE
2022,7,01/07/2022,Our Lady's Hospital Navan,all_emergency_presentations,1690,TRUE
2022,8,01/08/2022,Our Lady's Hospital Navan,all_emergency_presentations,1764,TRUE
2022,9,01/09/2022,Our Lady's Hospital Navan,all_emergency_presentations,1870,TRUE
2022,10,01/10/2022,Our Lady's Hospital Navan,all_emergency_presentations,1903,TRUE
2022,11,01/11/2022,Our Lady's Hospital Navan,all_emergency_presentations,1980,TRUE
2022,12,01/12/2022,Our Lady's Hospital Navan,all_emergency_presentations,2008,TRUE
2023,1,01/01/2023,Our Lady's Hospital Navan,all_emergency_presentations,2440,TRUE
2023,2,01/02/2023,Our Lady's Hospital Navan,all_emergency_presentations,2257,TRUE
2023,3,01/03/2023,Our Lady's Hospital Navan,all_emergency_presentations,2227,TRUE
2023,4,01/04/2023,Our Lady's Hospital Navan,all_emergency_presentations,2037,TRUE
2023,5,01/05/2023,Our Lady's Hospital Navan,all_emergency_presentations,1883,TRUE
2023,6,01/06/2023,Our Lady's Hospital Navan,all_emergency_presentations,1890,TRUE
2023,7,01/07/2023,Our Lady's Hospital Navan,all_emergency_presentations,1905,TRUE
2023,8,01/08/2023,Our Lady's Hospital Navan,all_emergency_presentations,2009,TRUE
2023,9,01/09/2023,Our Lady's Hospital Navan,all_emergency_presentations,2157,TRUE
2023,10,01/10/2023,Our Lady's Hospital Navan,all_emergency_presentations,2015,TRUE
2023,11,01/11/2023,Our Lady's Hospital Navan,all_emergency_presentations,2247,TRUE
2023,12,01/12/2023,Our Lady's Hospital Navan,all_emergency_presentations,2311,TRUE
2024,1,01/01/2024,Our Lady's Hospital Navan,all_emergency_presentations,2764,TRUE
2024,2,01/02/2024,Our Lady's Hospital Navan,all_emergency_presentations,2635,TRUE
2024,3,01/03/2024,Our Lady's Hospital Navan,all_emergency_presentations,2357,TRUE
2024,4,01/04/2024,Our Lady's Hospital Navan,all_emergency_presentations,2229,TRUE
2024,5,01/05/2024,Our Lady's Hospital Navan,all_emergency_presentations,2129,TRUE
2024,6,01/06/2024,Our Lady's Hospital Navan,all_emergency_presentations,2190,FALSE
2024,7,01/07/2024,Our Lady's Hospital Navan,all_emergency_presentations,2362,FALSE
2024,8,01/08/2024,Our Lady's Hospital Navan,all_emergency_presentations,2296,FALSE
2024,9,01/09/2024,Our Lady's Hospital Navan,all_emergency_presentations,2280,FALSE
2022,1,01/01/2022,Our Lady's Hospital Navan,new_ed_attendances,499,TRUE
2022,2,01/02/2022,Our Lady's Hospital Navan,new_ed_attendances,511,TRUE
2022,3,01/03/2022,Our Lady's Hospital Navan,new_ed_attendances,431,TRUE
2022,4,01/04/2022,Our Lady's Hospital Navan,new_ed_attendances,402,TRUE
2022,5,01/05/2022,Our Lady's Hospital Navan,new_ed_attendances,393,TRUE
2022,6,01/06/2022,Our Lady's Hospital Navan,new_ed_attendances,363,TRUE
2022,7,01/07/2022,Our Lady's Hospital Navan,new_ed_attendances,389,TRUE
2022,8,01/08/2022,Our Lady's Hospital Navan,new_ed_attendances,395,TRUE
2022,9,01/09/2022,Our Lady's Hospital Navan,new_ed_attendances,423,TRUE
2022,10,01/10/2022,Our Lady's Hospital Navan,new_ed_attendances,438,TRUE
2022,11,01/11/2022,Our Lady's Hospital Navan,new_ed_attendances,480,TRUE
2022,12,01/12/2022,Our Lady's Hospital Navan,new_ed_attendances,485,TRUE
2023,1,01/01/2023,Our Lady's Hospital Navan,new_ed_attendances,683,TRUE
2023,2,01/02/2023,Our Lady's Hospital Navan,new_ed_attendances,654,TRUE
2023,3,01/03/2023,Our Lady's Hospital Navan,new_ed_attendances,628,TRUE
2023,4,01/04/2023,Our Lady's Hospital Navan,new_ed_attendances,555,TRUE
2023,5,01/05/2023,Our Lady's Hospital Navan,new_ed_attendances,591,TRUE
2023,6,01/06/2023,Our Lady's Hospital Navan,new_ed_attendances,561,TRUE
2023,7,01/07/2023,Our Lady's Hospital Navan,new_ed_attendances,546,TRUE
2023,8,01/08/2023,Our Lady's Hospital Navan,new_ed_attendances,537,TRUE
2023,9,01/09/2023,Our Lady's Hospital Navan,new_ed_attendances,613,TRUE
2023,10,01/10/2023,Our Lady's Hospital Navan,new_ed_attendances,605,TRUE
2023,11,01/11/2023,Our Lady's Hospital Navan,new_ed_attendances,660,TRUE
2023,12,01/12/2023,Our Lady's Hospital Navan,new_ed_attendances,628,TRUE
2024,1,01/01/2024,Our Lady's Hospital Navan,new_ed_attendances,1564,TRUE
2024,2,01/02/2024,Our Lady's Hospital Navan,new_ed_attendances,1538,TRUE
2024,3,01/03/2024,Our Lady's Hospital Navan,new_ed_attendances,1419,TRUE
2024,4,01/04/2024,Our Lady's Hospital Navan,new_ed_attendances,1304,TRUE
2024,5,01/05/2024,Our Lady's Hospital Navan,new_ed_attendances,1306,TRUE
2024,6,01/06/2024,Our Lady's Hospital Navan,new_ed_attendances,7935,FALSE
2024,7,01/07/2024,Our Lady's Hospital Navan,new_ed_attendances,9,FALSE
2024,9,01/09/2024,Our Lady's Hospital Navan,new_ed_attendances,4744,FALSE
2022,1,01/01/2022,Our Lady's Hospital Navan,return_ed_attendances,374,TRUE
2022,2,01/02/2022,Our Lady's Hospital Navan,return_ed_attendances,348,TRUE
2022,3,01/03/2022,Our Lady's Hospital Navan,return_ed_attendances,356,TRUE
2022,4,01/04/2022,Our Lady's Hospital Navan,return_ed_attendances,324,TRUE
2022,5,01/05/2022,Our Lady's Hospital Navan,return_ed_attendances,305,TRUE
2022,6,01/06/2022,Our Lady's Hospital Navan,return_ed_attendances,291,TRUE
2022,7,01/07/2022,Our Lady's Hospital Navan,return_ed_attendances,295,TRUE
2022,8,01/08/2022,Our Lady's Hospital Navan,return_ed_attendances,294,TRUE
2022,9,01/09/2022,Our Lady's Hospital Navan,return_ed_attendances,317,TRUE
2022,10,01/10/2022,Our Lady's Hospital Navan,return_ed_attendances,328,TRUE
2022,11,01/11/2022,Our Lady's Hospital Navan,return_ed_attendances,328,TRUE
2022,12,01/12/2022,Our Lady's Hospital Navan,return_ed_attendances,357,TRUE
2023,1,01/01/2023,Our Lady's Hospital Navan,return_ed_attendances,395,TRUE
2023,2,01/02/2023,Our Lady's Hospital Navan,return_ed_attendances,361,TRUE
2023,3,01/03/2023,Our Lady's Hospital Navan,return_ed_attendances,344,TRUE
2023,4,01/04/2023,Our Lady's Hospital Navan,return_ed_attendances,325,TRUE
2023,5,01/05/2023,Our Lady's Hospital Navan,return_ed_attendances,337,TRUE
2023,6,01/06/2023,Our Lady's Hospital Navan,return_ed_attendances,314,TRUE
2023,7,01/07/2023,Our Lady's Hospital Navan,return_ed_attendances,303,TRUE
2023,8,01/08/2023,Our Lady's Hospital Navan,return_ed_attendances,327,TRUE
2023,9,01/09/2023,Our Lady's Hospital Navan,return_ed_attendances,320,TRUE
2023,10,01/10/2023,Our Lady's Hospital Navan,return_ed_attendances,357,TRUE
2023,11,01/11/2023,Our Lady's Hospital Navan,return_ed_attendances,358,TRUE
2023,12,01/12/2023,Our Lady's Hospital Navan,return_ed_attendances,375,TRUE
2024,1,01/01/2024,Our Lady's Hospital Navan,return_ed_attendances,438,TRUE
2024,2,01/02/2024,Our Lady's Hospital Navan,return_ed_attendances,392,TRUE
2024,3,01/03/2024,Our Lady's Hospital Navan,return_ed_attendances,359,TRUE
2024,4,01/04/2024,Our Lady's Hospital Navan,return_ed_attendances,344,TRUE
2024,5,01/05/2024,Our Lady's Hospital Navan,return_ed_attendances,350,TRUE
2024,6,01/06/2024,Our Lady's Hospital Navan,return_ed_attendances,327,FALSE
2024,7,01/07/2024,Our Lady's Hospital Navan,return_ed_attendances,378,FALSE
2024,8,01/08/2024,Our Lady's Hospital Navan,return_ed_attendances,342,FALSE
2024,9,01/09/2024,Our Lady's Hospital Navan,return_ed_attendances,284,FALSE
2022,1,01/01/2022,Portiuncula University Hospital,all_emergency_presentations,3047,TRUE
2022,2,01/02/2022,Portiuncula University Hospital,all_emergency_presentations,2747,TRUE
2022,3,01/03/2022,Portiuncula University Hospital,all_emergency_presentations,2667,TRUE
2022,4,01/04/2022,Portiuncula University Hospital,all_emergency_presentations,2527,TRUE
2022,5,01/05/2022,Portiuncula University Hospital,all_emergency_presentations,2239,TRUE
2022,6,01/06/2022,Portiuncula University Hospital,all_emergency_presentations,2312,TRUE
2022,7,01/07/2022,Portiuncula University Hospital,all_emergency_presentations,2305,TRUE
2022,8,01/08/2022,Portiuncula University Hospital,all_emergency_presentations,2384,TRUE
2022,9,01/09/2022,Portiuncula University Hospital,all_emergency_presentations,2516,TRUE
2022,10,01/10/2022,Portiuncula University Hospital,all_emergency_presentations,2527,TRUE
2022,11,01/11/2022,Portiuncula University Hospital,all_emergency_presentations,2634,TRUE
2022,12,01/12/2022,Portiuncula University Hospital,all_emergency_presentations,2791,TRUE
2023,1,01/01/2023,Portiuncula University Hospital,all_emergency_presentations,3014,TRUE
2023,2,01/02/2023,Portiuncula University Hospital,all_emergency_presentations,2912,TRUE
2023,3,01/03/2023,Portiuncula University Hospital,all_emergency_presentations,2829,TRUE
2023,4,01/04/2023,Portiuncula University Hospital,all_emergency_presentations,2499,TRUE
2023,5,01/05/2023,Portiuncula University Hospital,all_emergency_presentations,2559,TRUE
2023,6,01/06/2023,Portiuncula University Hospital,all_emergency_presentations,2463,TRUE
2023,7,01/07/2023,Portiuncula University Hospital,all_emergency_presentations,2354,TRUE
2023,8,01/08/2023,Portiuncula University Hospital,all_emergency_presentations,2483,TRUE
2023,9,01/09/2023,Portiuncula University Hospital,all_emergency_presentations,2735,TRUE
2023,10,01/10/2023,Portiuncula University Hospital,all_emergency_presentations,2640,TRUE
2023,11,01/11/2023,Portiuncula University Hospital,all_emergency_presentations,2812,TRUE
2023,12,01/12/2023,Portiuncula University Hospital,all_emergency_presentations,2998,TRUE
2024,1,01/01/2024,Portiuncula University Hospital,all_emergency_presentations,3383,TRUE
2024,2,01/02/2024,Portiuncula University Hospital,all_emergency_presentations,3169,TRUE
2024,3,01/03/2024,Portiuncula University Hospital,all_emergency_presentations,2888,TRUE
2024,4,01/04/2024,Portiuncula University Hospital,all_emergency_presentations,2862,TRUE
2024,5,01/05/2024,Portiuncula University Hospital,all_emergency_presentations,2800,TRUE
2024,6,01/06/2024,Portiuncula University Hospital,all_emergency_presentations,2735,FALSE
2024,7,01/07/2024,Portiuncula University Hospital,all_emergency_presentations,2659,FALSE
2024,8,01/08/2024,Portiuncula University Hospital,all_emergency_presentations,2671,FALSE
2024,9,01/09/2024,Portiuncula University Hospital,all_emergency_presentations,2725,FALSE
2022,1,01/01/2022,Portiuncula University Hospital,new_ed_attendances,857,TRUE
2022,2,01/02/2022,Portiuncula University Hospital,new_ed_attendances,812,TRUE
2022,3,01/03/2022,Portiuncula University Hospital,new_ed_attendances,735,TRUE
2022,4,01/04/2022,Portiuncula University Hospital,new_ed_attendances,700,TRUE
2022,5,01/05/2022,Portiuncula University Hospital,new_ed_attendances,693,TRUE
2022,6,01/06/2022,Portiuncula University Hospital,new_ed_attendances,708,TRUE
2022,7,01/07/2022,Portiuncula University Hospital,new_ed_attendances,675,TRUE
2022,8,01/08/2022,Portiuncula University Hospital,new_ed_attendances,705,TRUE
2022,9,01/09/2022,Portiuncula University Hospital,new_ed_attendances,730,TRUE
2022,10,01/10/2022,Portiuncula University Hospital,new_ed_attendances,779,TRUE
2022,11,01/11/2022,Portiuncula University Hospital,new_ed_attendances,848,TRUE
2022,12,01/12/2022,Portiuncula University Hospital,new_ed_attendances,804,TRUE
2023,1,01/01/2023,Portiuncula University Hospital,new_ed_attendances,1188,TRUE
2023,2,01/02/2023,Portiuncula University Hospital,new_ed_attendances,1201,TRUE
2023,3,01/03/2023,Portiuncula University Hospital,new_ed_attendances,1095,TRUE
2023,4,01/04/2023,Portiuncula University Hospital,new_ed_attendances,1057,TRUE
2023,5,01/05/2023,Portiuncula University Hospital,new_ed_attendances,988,TRUE
2023,6,01/06/2023,Portiuncula University Hospital,new_ed_attendances,930,TRUE
2023,7,01/07/2023,Portiuncula University Hospital,new_ed_attendances,978,TRUE
2023,8,01/08/2023,Portiuncula University Hospital,new_ed_attendances,1014,TRUE
2023,9,01/09/2023,Portiuncula University Hospital,new_ed_attendances,1047,TRUE
2023,10,01/10/2023,Portiuncula University Hospital,new_ed_attendances,1069,TRUE
2023,11,01/11/2023,Portiuncula University Hospital,new_ed_attendances,1139,TRUE
2023,12,01/12/2023,Portiuncula University Hospital,new_ed_attendances,1185,TRUE
2024,1,01/01/2024,Portiuncula University Hospital,new_ed_attendances,2623,TRUE
2024,2,01/02/2024,Portiuncula University Hospital,new_ed_attendances,2481,TRUE
2024,3,01/03/2024,Portiuncula University Hospital,new_ed_attendances,2230,TRUE
2024,4,01/04/2024,Portiuncula University Hospital,new_ed_attendances,2101,TRUE
2024,5,01/05/2024,Portiuncula University Hospital,new_ed_attendances,2101,TRUE
2024,6,01/06/2024,Portiuncula University Hospital,new_ed_attendances,12388,FALSE
2024,7,01/07/2024,Portiuncula University Hospital,new_ed_attendances,5,FALSE
2024,9,01/09/2024,Portiuncula University Hospital,new_ed_attendances,8082,FALSE
2022,1,01/01/2022,Portiuncula University Hospital,return_ed_attendances,180,TRUE
2022,2,01/02/2022,Portiuncula University Hospital,return_ed_attendances,185,TRUE
2022,3,01/03/2022,Portiuncula University Hospital,return_ed_attendances,154,TRUE
2022,4,01/04/2022,Portiuncula University Hospital,return_ed_attendances,152,TRUE
2022,5,01/05/2022,Portiuncula University Hospital,return_ed_attendances,152,TRUE
2022,6,01/06/2022,Portiuncula University Hospital,return_ed_attendances,150,TRUE
2022,7,01/07/2022,Portiuncula University Hospital,return_ed_attendances,142,TRUE
2022,8,01/08/2022,Portiuncula University Hospital,return_ed_attendances,149,TRUE
2022,9,01/09/2022,Portiuncula University Hospital,return_ed_attendances,156,TRUE
2022,10,01/10/2022,Portiuncula University Hospital,return_ed_attendances,158,TRUE
2022,11,01/11/2022,Portiuncula University Hospital,return_ed_attendances,165,TRUE
2022,12,01/12/2022,Portiuncula University Hospital,return_ed_attendances,173,TRUE
2023,1,01/01/2023,Portiuncula University Hospital,return_ed_attendances,177,TRUE
2023,2,01/02/2023,Portiuncula University Hospital,return_ed_attendances,189,TRUE
2023,3,01/03/2023,Portiuncula University Hospital,return_ed_attendances,171,TRUE
2023,4,01/04/2023,Portiuncula University Hospital,return_ed_attendances,158,TRUE
2023,5,01/05/2023,Portiuncula University Hospital,return_ed_attendances,164,TRUE
2023,6,01/06/2023,Portiuncula University Hospital,return_ed_attendances,147,TRUE
2023,7,01/07/2023,Portiuncula University Hospital,return_ed_attendances,151,TRUE
2023,8,01/08/2023,Portiuncula University Hospital,return_ed_attendances,165,TRUE
2023,9,01/09/2023,Portiuncula University Hospital,return_ed_attendances,159,TRUE
2023,10,01/10/2023,Portiuncula University Hospital,return_ed_attendances,165,TRUE
2023,11,01/11/2023,Portiuncula University Hospital,return_ed_attendances,175,TRUE
2023,12,01/12/2023,Portiuncula University Hospital,return_ed_attendances,187,TRUE
2024,1,01/01/2024,Portiuncula University Hospital,return_ed_attendances,205,TRUE
2024,2,01/02/2024,Portiuncula University Hospital,return_ed_attendances,189,TRUE
2024,3,01/03/2024,Portiuncula University Hospital,return_ed_attendances,179,TRUE
2024,4,01/04/2024,Portiuncula University Hospital,return_ed_attendances,166,TRUE
2024,5,01/05/2024,Portiuncula University Hospital,return_ed_attendances,164,TRUE
2024,6,01/06/2024,Portiuncula University Hospital,return_ed_attendances,188,FALSE
2024,7,01/07/2024,Portiuncula University Hospital,return_ed_attendances,158,FALSE
2024,8,01/08/2024,Portiuncula University Hospital,return_ed_attendances,187,FALSE
2024,9,01/09/2024,Portiuncula University Hospital,return_ed_attendances,151,FALSE
2022,1,01/01/2022,RCSI Hospitals Group,all_emergency_presentations,23702,TRUE
2022,2,01/02/2022,RCSI Hospitals Group,all_emergency_presentations,23569,TRUE
2022,3,01/03/2022,RCSI Hospitals Group,all_emergency_presentations,21074,TRUE
2022,4,01/04/2022,RCSI Hospitals Group,all_emergency_presentations,20115,TRUE
2022,5,01/05/2022,RCSI Hospitals Group,all_emergency_presentations,19264,TRUE
2022,6,01/06/2022,RCSI Hospitals Group,all_emergency_presentations,19303,TRUE
2022,7,01/07/2022,RCSI Hospitals Group,all_emergency_presentations,19049,TRUE
2022,8,01/08/2022,RCSI Hospitals Group,all_emergency_presentations,18448,TRUE
2022,9,01/09/2022,RCSI Hospitals Group,all_emergency_presentations,21064,TRUE
2022,10,01/10/2022,RCSI Hospitals Group,all_emergency_presentations,20337,TRUE
2022,11,01/11/2022,RCSI Hospitals Group,all_emergency_presentations,21489,TRUE
2022,12,01/12/2022,RCSI Hospitals Group,all_emergency_presentations,22325,TRUE
2023,1,01/01/2023,RCSI Hospitals Group,all_emergency_presentations,26381,TRUE
2023,2,01/02/2023,RCSI Hospitals Group,all_emergency_presentations,22909,TRUE
2023,3,01/03/2023,RCSI Hospitals Group,all_emergency_presentations,24667,TRUE
2023,4,01/04/2023,RCSI Hospitals Group,all_emergency_presentations,21708,TRUE
2023,5,01/05/2023,RCSI Hospitals Group,all_emergency_presentations,20534,TRUE
2023,6,01/06/2023,RCSI Hospitals Group,all_emergency_presentations,19721,TRUE
2023,7,01/07/2023,RCSI Hospitals Group,all_emergency_presentations,20356,TRUE
2023,8,01/08/2023,RCSI Hospitals Group,all_emergency_presentations,20935,TRUE
2023,9,01/09/2023,RCSI Hospitals Group,all_emergency_presentations,21887,TRUE
2023,10,01/10/2023,RCSI Hospitals Group,all_emergency_presentations,22484,TRUE
2023,11,01/11/2023,RCSI Hospitals Group,all_emergency_presentations,23251,TRUE
2023,12,01/12/2023,RCSI Hospitals Group,all_emergency_presentations,23905,TRUE
2024,1,01/01/2024,RCSI Hospitals Group,all_emergency_presentations,26682,TRUE
2024,2,01/02/2024,RCSI Hospitals Group,all_emergency_presentations,25743,TRUE
2024,3,01/03/2024,RCSI Hospitals Group,all_emergency_presentations,24662,TRUE
2024,4,01/04/2024,RCSI Hospitals Group,all_emergency_presentations,22657,TRUE
2024,5,01/05/2024,RCSI Hospitals Group,all_emergency_presentations,19675,TRUE
2024,6,01/06/2024,RCSI Hospitals Group,all_emergency_presentations,21957,FALSE
2024,7,01/07/2024,RCSI Hospitals Group,all_emergency_presentations,22479,FALSE
2024,8,01/08/2024,RCSI Hospitals Group,all_emergency_presentations,21964,FALSE
2024,9,01/09/2024,RCSI Hospitals Group,all_emergency_presentations,22649,FALSE
2022,1,01/01/2022,RCSI Hospitals Group,new_ed_attendances,7362,TRUE
2022,2,01/02/2022,RCSI Hospitals Group,new_ed_attendances,6954,TRUE
2022,3,01/03/2022,RCSI Hospitals Group,new_ed_attendances,6608,TRUE
2022,4,01/04/2022,RCSI Hospitals Group,new_ed_attendances,6465,TRUE
2022,5,01/05/2022,RCSI Hospitals Group,new_ed_attendances,5900,TRUE
2022,6,01/06/2022,RCSI Hospitals Group,new_ed_attendances,5725,TRUE
2022,7,01/07/2022,RCSI Hospitals Group,new_ed_attendances,5726,TRUE
2022,8,01/08/2022,RCSI Hospitals Group,new_ed_attendances,5778,TRUE
2022,9,01/09/2022,RCSI Hospitals Group,new_ed_attendances,6330,TRUE
2022,10,01/10/2022,RCSI Hospitals Group,new_ed_attendances,6198,TRUE
2022,11,01/11/2022,RCSI Hospitals Group,new_ed_attendances,6685,TRUE
2022,12,01/12/2022,RCSI Hospitals Group,new_ed_attendances,6819,TRUE
2023,1,01/01/2023,RCSI Hospitals Group,new_ed_attendances,10350,TRUE
2023,2,01/02/2023,RCSI Hospitals Group,new_ed_attendances,9956,TRUE
2023,3,01/03/2023,RCSI Hospitals Group,new_ed_attendances,9362,TRUE
2023,4,01/04/2023,RCSI Hospitals Group,new_ed_attendances,8345,TRUE
2023,5,01/05/2023,RCSI Hospitals Group,new_ed_attendances,8148,TRUE
2023,6,01/06/2023,RCSI Hospitals Group,new_ed_attendances,7722,TRUE
2023,7,01/07/2023,RCSI Hospitals Group,new_ed_attendances,8020,TRUE
2023,8,01/08/2023,RCSI Hospitals Group,new_ed_attendances,8395,TRUE
2023,9,01/09/2023,RCSI Hospitals Group,new_ed_attendances,8844,TRUE
2023,10,01/10/2023,RCSI Hospitals Group,new_ed_attendances,8660,TRUE
2023,11,01/11/2023,RCSI Hospitals Group,new_ed_attendances,9583,TRUE
2023,12,01/12/2023,RCSI Hospitals Group,new_ed_attendances,10079,TRUE
2024,1,01/01/2024,RCSI Hospitals Group,new_ed_attendances,31287,TRUE
2024,2,01/02/2024,RCSI Hospitals Group,new_ed_attendances,31537,TRUE
2024,3,01/03/2024,RCSI Hospitals Group,new_ed_attendances,26860,TRUE
2024,4,01/04/2024,RCSI Hospitals Group,new_ed_attendances,24707,TRUE
2024,5,01/05/2024,RCSI Hospitals Group,new_ed_attendances,23552,TRUE
2024,6,01/06/2024,RCSI Hospitals Group,new_ed_attendances,165641,FALSE
2024,7,01/07/2024,RCSI Hospitals Group,new_ed_attendances,3,FALSE
2024,8,01/08/2024,RCSI Hospitals Group,new_ed_attendances,5,FALSE
2024,9,01/09/2024,RCSI Hospitals Group,new_ed_attendances,68941,FALSE
2022,1,01/01/2022,RCSI Hospitals Group,return_ed_attendances,1233,TRUE
2022,2,01/02/2022,RCSI Hospitals Group,return_ed_attendances,1312,TRUE
2022,3,01/03/2022,RCSI Hospitals Group,return_ed_attendances,1158,TRUE
2022,4,01/04/2022,RCSI Hospitals Group,return_ed_attendances,1094,TRUE
2022,5,01/05/2022,RCSI Hospitals Group,return_ed_attendances,1077,TRUE
2022,6,01/06/2022,RCSI Hospitals Group,return_ed_attendances,983,TRUE
2022,7,01/07/2022,RCSI Hospitals Group,return_ed_attendances,1050,TRUE
2022,8,01/08/2022,RCSI Hospitals Group,return_ed_attendances,1049,TRUE
2022,9,01/09/2022,RCSI Hospitals Group,return_ed_attendances,1130,TRUE
2022,10,01/10/2022,RCSI Hospitals Group,return_ed_attendances,1062,TRUE
2022,11,01/11/2022,RCSI Hospitals Group,return_ed_attendances,1186,TRUE
2022,12,01/12/2022,RCSI Hospitals Group,return_ed_attendances,1212,TRUE
2023,1,01/01/2023,RCSI Hospitals Group,return_ed_attendances,1322,TRUE
2023,2,01/02/2023,RCSI Hospitals Group,return_ed_attendances,1279,TRUE
2023,3,01/03/2023,RCSI Hospitals Group,return_ed_attendances,1137,TRUE
2023,4,01/04/2023,RCSI Hospitals Group,return_ed_attendances,1061,TRUE
2023,5,01/05/2023,RCSI Hospitals Group,return_ed_attendances,1047,TRUE
2023,6,01/06/2023,RCSI Hospitals Group,return_ed_attendances,990,TRUE
2023,7,01/07/2023,RCSI Hospitals Group,return_ed_attendances,1066,TRUE
2023,8,01/08/2023,RCSI Hospitals Group,return_ed_attendances,1050,TRUE
2023,9,01/09/2023,RCSI Hospitals Group,return_ed_attendances,1010,TRUE
2023,10,01/10/2023,RCSI Hospitals Group,return_ed_attendances,1126,TRUE
2023,11,01/11/2023,RCSI Hospitals Group,return_ed_attendances,1157,TRUE
2023,12,01/12/2023,RCSI Hospitals Group,return_ed_attendances,1178,TRUE
2024,1,01/01/2024,RCSI Hospitals Group,return_ed_attendances,1262,TRUE
2024,2,01/02/2024,RCSI Hospitals Group,return_ed_attendances,1270,TRUE
2024,3,01/03/2024,RCSI Hospitals Group,return_ed_attendances,1212,TRUE
2024,4,01/04/2024,RCSI Hospitals Group,return_ed_attendances,1098,TRUE
2024,5,01/05/2024,RCSI Hospitals Group,return_ed_attendances,1036,TRUE
2024,6,01/06/2024,RCSI Hospitals Group,return_ed_attendances,1129,FALSE
2024,7,01/07/2024,RCSI Hospitals Group,return_ed_attendances,1119,FALSE
2024,8,01/08/2024,RCSI Hospitals Group,return_ed_attendances,1079,FALSE
2024,9,01/09/2024,RCSI Hospitals Group,return_ed_attendances,997,FALSE
2022,1,01/01/2022,Roscommon University Hospital,all_emergency_presentations,1429,TRUE
2022,2,01/02/2022,Roscommon University Hospital,all_emergency_presentations,1345,TRUE
2022,3,01/03/2022,Roscommon University Hospital,all_emergency_presentations,1205,TRUE
2022,4,01/04/2022,Roscommon University Hospital,all_emergency_presentations,1124,TRUE
2022,5,01/05/2022,Roscommon University Hospital,all_emergency_presentations,1135,TRUE
2022,6,01/06/2022,Roscommon University Hospital,all_emergency_presentations,1096,TRUE
2022,7,01/07/2022,Roscommon University Hospital,all_emergency_presentations,1152,TRUE
2022,8,01/08/2022,Roscommon University Hospital,all_emergency_presentations,1151,TRUE
2022,9,01/09/2022,Roscommon University Hospital,all_emergency_presentations,1123,TRUE
2022,10,01/10/2022,Roscommon University Hospital,all_emergency_presentations,1250,TRUE
2022,11,01/11/2022,Roscommon University Hospital,all_emergency_presentations,1233,TRUE
2022,12,01/12/2022,Roscommon University Hospital,all_emergency_presentations,1302,TRUE
2023,1,01/01/2023,Roscommon University Hospital,all_emergency_presentations,1519,TRUE
2023,2,01/02/2023,Roscommon University Hospital,all_emergency_presentations,1544,TRUE
2023,3,01/03/2023,Roscommon University Hospital,all_emergency_presentations,1467,TRUE
2023,4,01/04/2023,Roscommon University Hospital,all_emergency_presentations,1275,TRUE
2023,5,01/05/2023,Roscommon University Hospital,all_emergency_presentations,1208,TRUE
2023,6,01/06/2023,Roscommon University Hospital,all_emergency_presentations,1195,TRUE
2023,7,01/07/2023,Roscommon University Hospital,all_emergency_presentations,1233,TRUE
2023,8,01/08/2023,Roscommon University Hospital,all_emergency_presentations,1215,TRUE
2023,9,01/09/2023,Roscommon University Hospital,all_emergency_presentations,1347,TRUE
2023,10,01/10/2023,Roscommon University Hospital,all_emergency_presentations,1326,TRUE
2023,11,01/11/2023,Roscommon University Hospital,all_emergency_presentations,1401,TRUE
2023,12,01/12/2023,Roscommon University Hospital,all_emergency_presentations,1460,TRUE
2024,1,01/01/2024,Roscommon University Hospital,all_emergency_presentations,1659,TRUE
2024,2,01/02/2024,Roscommon University Hospital,all_emergency_presentations,1623,TRUE
2024,3,01/03/2024,Roscommon University Hospital,all_emergency_presentations,1431,TRUE
2024,4,01/04/2024,Roscommon University Hospital,all_emergency_presentations,1338,TRUE
2024,5,01/05/2024,Roscommon University Hospital,all_emergency_presentations,1275,TRUE
2024,6,01/06/2024,Roscommon University Hospital,all_emergency_presentations,1416,FALSE
2024,7,01/07/2024,Roscommon University Hospital,all_emergency_presentations,1458,FALSE
2024,8,01/08/2024,Roscommon University Hospital,all_emergency_presentations,1414,FALSE
2024,9,01/09/2024,Roscommon University Hospital,all_emergency_presentations,1478,FALSE
2022,1,01/01/2022,Roscommon University Hospital,new_ed_attendances,134,TRUE
2022,2,01/02/2022,Roscommon University Hospital,new_ed_attendances,134,TRUE
2022,3,01/03/2022,Roscommon University Hospital,new_ed_attendances,120,TRUE
2022,4,01/04/2022,Roscommon University Hospital,new_ed_attendances,114,TRUE
2022,5,01/05/2022,Roscommon University Hospital,new_ed_attendances,114,TRUE
2022,6,01/06/2022,Roscommon University Hospital,new_ed_attendances,107,TRUE
2022,7,01/07/2022,Roscommon University Hospital,new_ed_attendances,109,TRUE
2022,8,01/08/2022,Roscommon University Hospital,new_ed_attendances,107,TRUE
2022,9,01/09/2022,Roscommon University Hospital,new_ed_attendances,119,TRUE
2022,10,01/10/2022,Roscommon University Hospital,new_ed_attendances,122,TRUE
2022,11,01/11/2022,Roscommon University Hospital,new_ed_attendances,133,TRUE
2022,12,01/12/2022,Roscommon University Hospital,new_ed_attendances,129,TRUE
2023,1,01/01/2023,Roscommon University Hospital,new_ed_attendances,193,TRUE
2023,2,01/02/2023,Roscommon University Hospital,new_ed_attendances,187,TRUE
2023,3,01/03/2023,Roscommon University Hospital,new_ed_attendances,179,TRUE
2023,4,01/04/2023,Roscommon University Hospital,new_ed_attendances,159,TRUE
2023,5,01/05/2023,Roscommon University Hospital,new_ed_attendances,156,TRUE
2023,6,01/06/2023,Roscommon University Hospital,new_ed_attendances,152,TRUE
2023,7,01/07/2023,Roscommon University Hospital,new_ed_attendances,154,TRUE
2023,8,01/08/2023,Roscommon University Hospital,new_ed_attendances,154,TRUE
2023,9,01/09/2023,Roscommon University Hospital,new_ed_attendances,163,TRUE
2023,10,01/10/2023,Roscommon University Hospital,new_ed_attendances,173,TRUE
2023,11,01/11/2023,Roscommon University Hospital,new_ed_attendances,170,TRUE
2023,12,01/12/2023,Roscommon University Hospital,new_ed_attendances,183,TRUE
2024,1,01/01/2024,Roscommon University Hospital,new_ed_attendances,439,TRUE
2024,2,01/02/2024,Roscommon University Hospital,new_ed_attendances,449,TRUE
2024,3,01/03/2024,Roscommon University Hospital,new_ed_attendances,381,TRUE
2024,4,01/04/2024,Roscommon University Hospital,new_ed_attendances,366,TRUE
2024,5,01/05/2024,Roscommon University Hospital,new_ed_attendances,365,TRUE
2024,6,01/06/2024,Roscommon University Hospital,new_ed_attendances,2092,FALSE
2024,7,01/07/2024,Roscommon University Hospital,new_ed_attendances,10,FALSE
2024,9,01/09/2024,Roscommon University Hospital,new_ed_attendances,1324,FALSE
2022,1,01/01/2022,Roscommon University Hospital,return_ed_attendances,1430,TRUE
2022,2,01/02/2022,Roscommon University Hospital,return_ed_attendances,1321,TRUE
2022,3,01/03/2022,Roscommon University Hospital,return_ed_attendances,1206,TRUE
2022,4,01/04/2022,Roscommon University Hospital,return_ed_attendances,1127,TRUE
2022,5,01/05/2022,Roscommon University Hospital,return_ed_attendances,1058,TRUE
2022,6,01/06/2022,Roscommon University Hospital,return_ed_attendances,1098,TRUE
2022,7,01/07/2022,Roscommon University Hospital,return_ed_attendances,1045,TRUE
2022,8,01/08/2022,Roscommon University Hospital,return_ed_attendances,1088,TRUE
2022,9,01/09/2022,Roscommon University Hospital,return_ed_attendances,1103,TRUE
2022,10,01/10/2022,Roscommon University Hospital,return_ed_attendances,1209,TRUE
2022,11,01/11/2022,Roscommon University Hospital,return_ed_attendances,1265,TRUE
2022,12,01/12/2022,Roscommon University Hospital,return_ed_attendances,1305,TRUE
2023,1,01/01/2023,Roscommon University Hospital,return_ed_attendances,1461,TRUE
2023,2,01/02/2023,Roscommon University Hospital,return_ed_attendances,1406,TRUE
2023,3,01/03/2023,Roscommon University Hospital,return_ed_attendances,1361,TRUE
2023,4,01/04/2023,Roscommon University Hospital,return_ed_attendances,1232,TRUE
2023,5,01/05/2023,Roscommon University Hospital,return_ed_attendances,1226,TRUE
2023,6,01/06/2023,Roscommon University Hospital,return_ed_attendances,1145,TRUE
2023,7,01/07/2023,Roscommon University Hospital,return_ed_attendances,1208,TRUE
2023,8,01/08/2023,Roscommon University Hospital,return_ed_attendances,1275,TRUE
2023,9,01/09/2023,Roscommon University Hospital,return_ed_attendances,1301,TRUE
2023,10,01/10/2023,Roscommon University Hospital,return_ed_attendances,1300,TRUE
2023,11,01/11/2023,Roscommon University Hospital,return_ed_attendances,1391,TRUE
2023,12,01/12/2023,Roscommon University Hospital,return_ed_attendances,1421,TRUE
2024,1,01/01/2024,Roscommon University Hospital,return_ed_attendances,1639,TRUE
2024,2,01/02/2024,Roscommon University Hospital,return_ed_attendances,1567,TRUE
2024,3,01/03/2024,Roscommon University Hospital,return_ed_attendances,1451,TRUE
2024,4,01/04/2024,Roscommon University Hospital,return_ed_attendances,1369,TRUE
2024,5,01/05/2024,Roscommon University Hospital,return_ed_attendances,1280,TRUE
2024,6,01/06/2024,Roscommon University Hospital,return_ed_attendances,1416,FALSE
2024,7,01/07/2024,Roscommon University Hospital,return_ed_attendances,1458,FALSE
2024,8,01/08/2024,Roscommon University Hospital,return_ed_attendances,1414,FALSE
2024,9,01/09/2024,Roscommon University Hospital,return_ed_attendances,1478,FALSE
2022,1,01/01/2022,Rotunda Hospital,new_ed_attendances,952,TRUE
2022,2,01/02/2022,Rotunda Hospital,new_ed_attendances,926,TRUE
2022,3,01/03/2022,Rotunda Hospital,new_ed_attendances,861,TRUE
2022,4,01/04/2022,Rotunda Hospital,new_ed_attendances,782,TRUE
2022,5,01/05/2022,Rotunda Hospital,new_ed_attendances,753,TRUE
2022,6,01/06/2022,Rotunda Hospital,new_ed_attendances,751,TRUE
2022,7,01/07/2022,Rotunda Hospital,new_ed_attendances,741,TRUE
2022,8,01/08/2022,Rotunda Hospital,new_ed_attendances,789,TRUE
2022,9,01/09/2022,Rotunda Hospital,new_ed_attendances,770,TRUE
2022,10,01/10/2022,Rotunda Hospital,new_ed_attendances,862,TRUE
2022,11,01/11/2022,Rotunda Hospital,new_ed_attendances,889,TRUE
2022,12,01/12/2022,Rotunda Hospital,new_ed_attendances,916,TRUE
2023,1,01/01/2023,Rotunda Hospital,new_ed_attendances,1380,TRUE
2023,2,01/02/2023,Rotunda Hospital,new_ed_attendances,1360,TRUE
2023,3,01/03/2023,Rotunda Hospital,new_ed_attendances,1229,TRUE
2023,4,01/04/2023,Rotunda Hospital,new_ed_attendances,1052,TRUE
2023,5,01/05/2023,Rotunda Hospital,new_ed_attendances,1038,TRUE
2023,6,01/06/2023,Rotunda Hospital,new_ed_attendances,1026,TRUE
2023,7,01/07/2023,Rotunda Hospital,new_ed_attendances,1069,TRUE
2023,8,01/08/2023,Rotunda Hospital,new_ed_attendances,1108,TRUE
2023,9,01/09/2023,Rotunda Hospital,new_ed_attendances,1112,TRUE
2023,10,01/10/2023,Rotunda Hospital,new_ed_attendances,1177,TRUE
2023,11,01/11/2023,Rotunda Hospital,new_ed_attendances,1199,TRUE
2023,12,01/12/2023,Rotunda Hospital,new_ed_attendances,1249,TRUE
2024,1,01/01/2024,Rotunda Hospital,new_ed_attendances,3038,TRUE
2024,2,01/02/2024,Rotunda Hospital,new_ed_attendances,2979,TRUE
2024,3,01/03/2024,Rotunda Hospital,new_ed_attendances,2708,TRUE
2024,4,01/04/2024,Rotunda Hospital,new_ed_attendances,2557,TRUE
2024,5,01/05/2024,Rotunda Hospital,new_ed_attendances,2634,TRUE
2024,6,01/06/2024,Rotunda Hospital,new_ed_attendances,17161,FALSE
2024,7,01/07/2024,Rotunda Hospital,new_ed_attendances,5,FALSE
2024,8,01/08/2024,Rotunda Hospital,new_ed_attendances,6,FALSE
2024,9,01/09/2024,Rotunda Hospital,new_ed_attendances,8948,FALSE
2022,1,01/01/2022,Rotunda Hospital,return_ed_attendances,834,TRUE
2022,2,01/02/2022,Rotunda Hospital,return_ed_attendances,816,TRUE
2022,3,01/03/2022,Rotunda Hospital,return_ed_attendances,711,TRUE
2022,4,01/04/2022,Rotunda Hospital,return_ed_attendances,704,TRUE
2022,5,01/05/2022,Rotunda Hospital,return_ed_attendances,616,TRUE
2022,6,01/06/2022,Rotunda Hospital,return_ed_attendances,637,TRUE
2022,7,01/07/2022,Rotunda Hospital,return_ed_attendances,654,TRUE
2022,8,01/08/2022,Rotunda Hospital,return_ed_attendances,691,TRUE
2022,9,01/09/2022,Rotunda Hospital,return_ed_attendances,707,TRUE
2022,10,01/10/2022,Rotunda Hospital,return_ed_attendances,697,TRUE
2022,11,01/11/2022,Rotunda Hospital,return_ed_attendances,740,TRUE
2022,12,01/12/2022,Rotunda Hospital,return_ed_attendances,796,TRUE
2023,1,01/01/2023,Rotunda Hospital,return_ed_attendances,828,TRUE
2023,2,01/02/2023,Rotunda Hospital,return_ed_attendances,788,TRUE
2023,3,01/03/2023,Rotunda Hospital,return_ed_attendances,728,TRUE
2023,4,01/04/2023,Rotunda Hospital,return_ed_attendances,704,TRUE
2023,5,01/05/2023,Rotunda Hospital,return_ed_attendances,658,TRUE
2023,6,01/06/2023,Rotunda Hospital,return_ed_attendances,646,TRUE
2023,7,01/07/2023,Rotunda Hospital,return_ed_attendances,704,TRUE
2023,8,01/08/2023,Rotunda Hospital,return_ed_attendances,647,TRUE
2023,9,01/09/2023,Rotunda Hospital,return_ed_attendances,664,TRUE
2023,10,01/10/2023,Rotunda Hospital,return_ed_attendances,742,TRUE
2023,11,01/11/2023,Rotunda Hospital,return_ed_attendances,744,TRUE
2023,12,01/12/2023,Rotunda Hospital,return_ed_attendances,780,TRUE
2024,1,01/01/2024,Rotunda Hospital,return_ed_attendances,808,TRUE
2024,2,01/02/2024,Rotunda Hospital,return_ed_attendances,793,TRUE
2024,3,01/03/2024,Rotunda Hospital,return_ed_attendances,771,TRUE
2024,4,01/04/2024,Rotunda Hospital,return_ed_attendances,703,TRUE
2024,5,01/05/2024,Rotunda Hospital,return_ed_attendances,683,TRUE
2024,6,01/06/2024,Rotunda Hospital,return_ed_attendances,660,FALSE
2024,7,01/07/2024,Rotunda Hospital,return_ed_attendances,765,FALSE
2024,8,01/08/2024,Rotunda Hospital,return_ed_attendances,754,FALSE
2024,9,01/09/2024,Rotunda Hospital,return_ed_attendances,691,FALSE
2022,1,01/01/2022,Royal Victoria Eye and Ear Hospital,new_ed_attendances,161,TRUE
2022,2,01/02/2022,Royal Victoria Eye and Ear Hospital,new_ed_attendances,160,TRUE
2022,3,01/03/2022,Royal Victoria Eye and Ear Hospital,new_ed_attendances,149,TRUE
2022,4,01/04/2022,Royal Victoria Eye and Ear Hospital,new_ed_attendances,141,TRUE
2022,5,01/05/2022,Royal Victoria Eye and Ear Hospital,new_ed_attendances,137,TRUE
2022,6,01/06/2022,Royal Victoria Eye and Ear Hospital,new_ed_attendances,126,TRUE
2022,7,01/07/2022,Royal Victoria Eye and Ear Hospital,new_ed_attendances,127,TRUE
2022,8,01/08/2022,Royal Victoria Eye and Ear Hospital,new_ed_attendances,141,TRUE
2022,9,01/09/2022,Royal Victoria Eye and Ear Hospital,new_ed_attendances,143,TRUE
2022,10,01/10/2022,Royal Victoria Eye and Ear Hospital,new_ed_attendances,142,TRUE
2022,11,01/11/2022,Royal Victoria Eye and Ear Hospital,new_ed_attendances,160,TRUE
2022,12,01/12/2022,Royal Victoria Eye and Ear Hospital,new_ed_attendances,159,TRUE
2023,1,01/01/2023,Royal Victoria Eye and Ear Hospital,new_ed_attendances,242,TRUE
2023,2,01/02/2023,Royal Victoria Eye and Ear Hospital,new_ed_attendances,226,TRUE
2023,3,01/03/2023,Royal Victoria Eye and Ear Hospital,new_ed_attendances,221,TRUE
2023,4,01/04/2023,Royal Victoria Eye and Ear Hospital,new_ed_attendances,204,TRUE
2023,5,01/05/2023,Royal Victoria Eye and Ear Hospital,new_ed_attendances,187,TRUE
2023,6,01/06/2023,Royal Victoria Eye and Ear Hospital,new_ed_attendances,187,TRUE
2023,7,01/07/2023,Royal Victoria Eye and Ear Hospital,new_ed_attendances,190,TRUE
2023,8,01/08/2023,Royal Victoria Eye and Ear Hospital,new_ed_attendances,198,TRUE
2023,9,01/09/2023,Royal Victoria Eye and Ear Hospital,new_ed_attendances,192,TRUE
2023,10,01/10/2023,Royal Victoria Eye and Ear Hospital,new_ed_attendances,208,TRUE
2023,11,01/11/2023,Royal Victoria Eye and Ear Hospital,new_ed_attendances,221,TRUE
2023,12,01/12/2023,Royal Victoria Eye and Ear Hospital,new_ed_attendances,210,TRUE
2024,1,01/01/2024,Royal Victoria Eye and Ear Hospital,new_ed_attendances,608,TRUE
2024,2,01/02/2024,Royal Victoria Eye and Ear Hospital,new_ed_attendances,572,TRUE
2024,3,01/03/2024,Royal Victoria Eye and Ear Hospital,new_ed_attendances,556,TRUE
2024,4,01/04/2024,Royal Victoria Eye and Ear Hospital,new_ed_attendances,535,TRUE
2024,5,01/05/2024,Royal Victoria Eye and Ear Hospital,new_ed_attendances,530,TRUE
2024,6,01/06/2024,Royal Victoria Eye and Ear Hospital,new_ed_attendances,3095,FALSE
2024,9,01/09/2024,Royal Victoria Eye and Ear Hospital,new_ed_attendances,1610,FALSE
2022,1,01/01/2022,Royal Victoria Eye and Ear Hospital,return_ed_attendances,6178,TRUE
2022,2,01/02/2022,Royal Victoria Eye and Ear Hospital,return_ed_attendances,5893,TRUE
2022,3,01/03/2022,Royal Victoria Eye and Ear Hospital,return_ed_attendances,5553,TRUE
2022,4,01/04/2022,Royal Victoria Eye and Ear Hospital,return_ed_attendances,5136,TRUE
2022,5,01/05/2022,Royal Victoria Eye and Ear Hospital,return_ed_attendances,5156,TRUE
2022,6,01/06/2022,Royal Victoria Eye and Ear Hospital,return_ed_attendances,4843,TRUE
2022,7,01/07/2022,Royal Victoria Eye and Ear Hospital,return_ed_attendances,4825,TRUE
2022,8,01/08/2022,Royal Victoria Eye and Ear Hospital,return_ed_attendances,5190,TRUE
2022,9,01/09/2022,Royal Victoria Eye and Ear Hospital,return_ed_attendances,5216,TRUE
2022,10,01/10/2022,Royal Victoria Eye and Ear Hospital,return_ed_attendances,5493,TRUE
2022,11,01/11/2022,Royal Victoria Eye and Ear Hospital,return_ed_attendances,5589,TRUE
2022,12,01/12/2022,Royal Victoria Eye and Ear Hospital,return_ed_attendances,5766,TRUE
2023,1,01/01/2023,Royal Victoria Eye and Ear Hospital,return_ed_attendances,4348,TRUE
2023,2,01/02/2023,Royal Victoria Eye and Ear Hospital,return_ed_attendances,4191,TRUE
2023,3,01/03/2023,Royal Victoria Eye and Ear Hospital,return_ed_attendances,3914,TRUE
2023,4,01/04/2023,Royal Victoria Eye and Ear Hospital,return_ed_attendances,3573,TRUE
2023,5,01/05/2023,Royal Victoria Eye and Ear Hospital,return_ed_attendances,3299,TRUE
2023,6,01/06/2023,Royal Victoria Eye and Ear Hospital,return_ed_attendances,3337,TRUE
2023,7,01/07/2023,Royal Victoria Eye and Ear Hospital,return_ed_attendances,3537,TRUE
2023,8,01/08/2023,Royal Victoria Eye and Ear Hospital,return_ed_attendances,3497,TRUE
2023,9,01/09/2023,Royal Victoria Eye and Ear Hospital,return_ed_attendances,3648,TRUE
2023,10,01/10/2023,Royal Victoria Eye and Ear Hospital,return_ed_attendances,3897,TRUE
2023,11,01/11/2023,Royal Victoria Eye and Ear Hospital,return_ed_attendances,3884,TRUE
2023,12,01/12/2023,Royal Victoria Eye and Ear Hospital,return_ed_attendances,3926,TRUE
2024,1,01/01/2024,Royal Victoria Eye and Ear Hospital,return_ed_attendances,0,TRUE
2024,2,01/02/2024,Royal Victoria Eye and Ear Hospital,return_ed_attendances,0,TRUE
2024,3,01/03/2024,Royal Victoria Eye and Ear Hospital,return_ed_attendances,0,TRUE
2024,4,01/04/2024,Royal Victoria Eye and Ear Hospital,return_ed_attendances,0,TRUE
2024,5,01/05/2024,Royal Victoria Eye and Ear Hospital,return_ed_attendances,0,TRUE
2024,6,01/06/2024,Royal Victoria Eye and Ear Hospital,return_ed_attendances,2,FALSE
2024,7,01/07/2024,Royal Victoria Eye and Ear Hospital,return_ed_attendances,10,FALSE
2024,8,01/08/2024,Royal Victoria Eye and Ear Hospital,return_ed_attendances,22,FALSE
2024,9,01/09/2024,Royal Victoria Eye and Ear Hospital,return_ed_attendances,32818,FALSE
2022,1,01/01/2022,Saolta University Health Care Group,all_emergency_presentations,23677,TRUE
2022,2,01/02/2022,Saolta University Health Care Group,all_emergency_presentations,23431,TRUE
2022,3,01/03/2022,Saolta University Health Care Group,all_emergency_presentations,22063,TRUE
2022,4,01/04/2022,Saolta University Health Care Group,all_emergency_presentations,19638,TRUE
2022,5,01/05/2022,Saolta University Health Care Group,all_emergency_presentations,19918,TRUE
2022,6,01/06/2022,Saolta University Health Care Group,all_emergency_presentations,20358,TRUE
2022,7,01/07/2022,Saolta University Health Care Group,all_emergency_presentations,19825,TRUE
2022,8,01/08/2022,Saolta University Health Care Group,all_emergency_presentations,20375,TRUE
2022,9,01/09/2022,Saolta University Health Care Group,all_emergency_presentations,20281,TRUE
2022,10,01/10/2022,Saolta University Health Care Group,all_emergency_presentations,21309,TRUE
2022,11,01/11/2022,Saolta University Health Care Group,all_emergency_presentations,22508,TRUE
2022,12,01/12/2022,Saolta University Health Care Group,all_emergency_presentations,23382,TRUE
2023,1,01/01/2023,Saolta University Health Care Group,all_emergency_presentations,27436,TRUE
2023,2,01/02/2023,Saolta University Health Care Group,all_emergency_presentations,25951,TRUE
2023,3,01/03/2023,Saolta University Health Care Group,all_emergency_presentations,22725,TRUE
2023,4,01/04/2023,Saolta University Health Care Group,all_emergency_presentations,22104,TRUE
2023,5,01/05/2023,Saolta University Health Care Group,all_emergency_presentations,21588,TRUE
2023,6,01/06/2023,Saolta University Health Care Group,all_emergency_presentations,21303,TRUE
2023,7,01/07/2023,Saolta University Health Care Group,all_emergency_presentations,22044,TRUE
2023,8,01/08/2023,Saolta University Health Care Group,all_emergency_presentations,20840,TRUE
2023,9,01/09/2023,Saolta University Health Care Group,all_emergency_presentations,21845,TRUE
2023,10,01/10/2023,Saolta University Health Care Group,all_emergency_presentations,22191,TRUE
2023,11,01/11/2023,Saolta University Health Care Group,all_emergency_presentations,24011,TRUE
2023,12,01/12/2023,Saolta University Health Care Group,all_emergency_presentations,25427,TRUE
2024,1,01/01/2024,Saolta University Health Care Group,all_emergency_presentations,28896,TRUE
2024,2,01/02/2024,Saolta University Health Care Group,all_emergency_presentations,27052,TRUE
2024,3,01/03/2024,Saolta University Health Care Group,all_emergency_presentations,24733,TRUE
2024,4,01/04/2024,Saolta University Health Care Group,all_emergency_presentations,23414,TRUE
2024,5,01/05/2024,Saolta University Health Care Group,all_emergency_presentations,22028,TRUE
2024,6,01/06/2024,Saolta University Health Care Group,all_emergency_presentations,23012,FALSE
2024,7,01/07/2024,Saolta University Health Care Group,all_emergency_presentations,24325,FALSE
2024,8,01/08/2024,Saolta University Health Care Group,all_emergency_presentations,24015,FALSE
2024,9,01/09/2024,Saolta University Health Care Group,all_emergency_presentations,23775,FALSE
2022,1,01/01/2022,Saolta University Health Care Group,new_ed_attendances,7483,TRUE
2022,2,01/02/2022,Saolta University Health Care Group,new_ed_attendances,8029,TRUE
2022,3,01/03/2022,Saolta University Health Care Group,new_ed_attendances,6955,TRUE
2022,4,01/04/2022,Saolta University Health Care Group,new_ed_attendances,6432,TRUE
2022,5,01/05/2022,Saolta University Health Care Group,new_ed_attendances,6041,TRUE
2022,6,01/06/2022,Saolta University Health Care Group,new_ed_attendances,6131,TRUE
2022,7,01/07/2022,Saolta University Health Care Group,new_ed_attendances,6030,TRUE
2022,8,01/08/2022,Saolta University Health Care Group,new_ed_attendances,6289,TRUE
2022,9,01/09/2022,Saolta University Health Care Group,new_ed_attendances,7029,TRUE
2022,10,01/10/2022,Saolta University Health Care Group,new_ed_attendances,6704,TRUE
2022,11,01/11/2022,Saolta University Health Care Group,new_ed_attendances,7293,TRUE
2022,12,01/12/2022,Saolta University Health Care Group,new_ed_attendances,7156,TRUE
2023,1,01/01/2023,Saolta University Health Care Group,new_ed_attendances,10772,TRUE
2023,2,01/02/2023,Saolta University Health Care Group,new_ed_attendances,10971,TRUE
2023,3,01/03/2023,Saolta University Health Care Group,new_ed_attendances,9415,TRUE
2023,4,01/04/2023,Saolta University Health Care Group,new_ed_attendances,9442,TRUE
2023,5,01/05/2023,Saolta University Health Care Group,new_ed_attendances,8866,TRUE
2023,6,01/06/2023,Saolta University Health Care Group,new_ed_attendances,8265,TRUE
2023,7,01/07/2023,Saolta University Health Care Group,new_ed_attendances,8753,TRUE
2023,8,01/08/2023,Saolta University Health Care Group,new_ed_attendances,9029,TRUE
2023,9,01/09/2023,Saolta University Health Care Group,new_ed_attendances,9309,TRUE
2023,10,01/10/2023,Saolta University Health Care Group,new_ed_attendances,8969,TRUE
2023,11,01/11/2023,Saolta University Health Care Group,new_ed_attendances,9654,TRUE
2023,12,01/12/2023,Saolta University Health Care Group,new_ed_attendances,10159,TRUE
2024,1,01/01/2024,Saolta University Health Care Group,new_ed_attendances,29523,TRUE
2024,2,01/02/2024,Saolta University Health Care Group,new_ed_attendances,29118,TRUE
2024,3,01/03/2024,Saolta University Health Care Group,new_ed_attendances,26469,TRUE
2024,4,01/04/2024,Saolta University Health Care Group,new_ed_attendances,23589,TRUE
2024,5,01/05/2024,Saolta University Health Care Group,new_ed_attendances,24093,TRUE
2024,6,01/06/2024,Saolta University Health Care Group,new_ed_attendances,152976,FALSE
2024,7,01/07/2024,Saolta University Health Care Group,new_ed_attendances,4,FALSE
2024,8,01/08/2024,Saolta University Health Care Group,new_ed_attendances,2,FALSE
2024,9,01/09/2024,Saolta University Health Care Group,new_ed_attendances,73142,FALSE
2022,1,01/01/2022,Saolta University Health Care Group,return_ed_attendances,1767,TRUE
2022,2,01/02/2022,Saolta University Health Care Group,return_ed_attendances,1704,TRUE
2022,3,01/03/2022,Saolta University Health Care Group,return_ed_attendances,1592,TRUE
2022,4,01/04/2022,Saolta University Health Care Group,return_ed_attendances,1424,TRUE
2022,5,01/05/2022,Saolta University Health Care Group,return_ed_attendances,1418,TRUE
2022,6,01/06/2022,Saolta University Health Care Group,return_ed_attendances,1283,TRUE
2022,7,01/07/2022,Saolta University Health Care Group,return_ed_attendances,1438,TRUE
2022,8,01/08/2022,Saolta University Health Care Group,return_ed_attendances,1364,TRUE
2022,9,01/09/2022,Saolta University Health Care Group,return_ed_attendances,1558,TRUE
2022,10,01/10/2022,Saolta University Health Care Group,return_ed_attendances,1521,TRUE
2022,11,01/11/2022,Saolta University Health Care Group,return_ed_attendances,1600,TRUE
2022,12,01/12/2022,Saolta University Health Care Group,return_ed_attendances,1639,TRUE
2023,1,01/01/2023,Saolta University Health Care Group,return_ed_attendances,1802,TRUE
2023,2,01/02/2023,Saolta University Health Care Group,return_ed_attendances,1831,TRUE
2023,3,01/03/2023,Saolta University Health Care Group,return_ed_attendances,1497,TRUE
2023,4,01/04/2023,Saolta University Health Care Group,return_ed_attendances,1568,TRUE
2023,5,01/05/2023,Saolta University Health Care Group,return_ed_attendances,1479,TRUE
2023,6,01/06/2023,Saolta University Health Care Group,return_ed_attendances,1366,TRUE
2023,7,01/07/2023,Saolta University Health Care Group,return_ed_attendances,1402,TRUE
2023,8,01/08/2023,Saolta University Health Care Group,return_ed_attendances,1554,TRUE
2023,9,01/09/2023,Saolta University Health Care Group,return_ed_attendances,1497,TRUE
2023,10,01/10/2023,Saolta University Health Care Group,return_ed_attendances,1532,TRUE
2023,11,01/11/2023,Saolta University Health Care Group,return_ed_attendances,1721,TRUE
2023,12,01/12/2023,Saolta University Health Care Group,return_ed_attendances,1743,TRUE
2024,1,01/01/2024,Saolta University Health Care Group,return_ed_attendances,1826,TRUE
2024,2,01/02/2024,Saolta University Health Care Group,return_ed_attendances,1827,TRUE
2024,3,01/03/2024,Saolta University Health Care Group,return_ed_attendances,1620,TRUE
2024,4,01/04/2024,Saolta University Health Care Group,return_ed_attendances,1612,TRUE
2024,5,01/05/2024,Saolta University Health Care Group,return_ed_attendances,1561,TRUE
2024,6,01/06/2024,Saolta University Health Care Group,return_ed_attendances,1509,FALSE
2024,7,01/07/2024,Saolta University Health Care Group,return_ed_attendances,1627,FALSE
2024,8,01/08/2024,Saolta University Health Care Group,return_ed_attendances,1678,FALSE
2024,9,01/09/2024,Saolta University Health Care Group,return_ed_attendances,1612,FALSE
2022,1,01/01/2022,Saolta University Hospital Care,return_ed_attendances,747,TRUE
2022,2,01/02/2022,Saolta University Hospital Care,return_ed_attendances,770,TRUE
2022,3,01/03/2022,Saolta University Hospital Care,return_ed_attendances,703,TRUE
2022,4,01/04/2022,Saolta University Hospital Care,return_ed_attendances,628,TRUE
2022,5,01/05/2022,Saolta University Hospital Care,return_ed_attendances,648,TRUE
2022,6,01/06/2022,Saolta University Hospital Care,return_ed_attendances,634,TRUE
2022,7,01/07/2022,Saolta University Hospital Care,return_ed_attendances,638,TRUE
2022,8,01/08/2022,Saolta University Hospital Care,return_ed_attendances,641,TRUE
2022,9,01/09/2022,Saolta University Hospital Care,return_ed_attendances,686,TRUE
2022,10,01/10/2022,Saolta University Hospital Care,return_ed_attendances,709,TRUE
2022,11,01/11/2022,Saolta University Hospital Care,return_ed_attendances,735,TRUE
2022,12,01/12/2022,Saolta University Hospital Care,return_ed_attendances,736,TRUE
2023,1,01/01/2023,Saolta University Hospital Care,return_ed_attendances,1123,TRUE
2023,2,01/02/2023,Saolta University Hospital Care,return_ed_attendances,1115,TRUE
2023,3,01/03/2023,Saolta University Hospital Care,return_ed_attendances,973,TRUE
2023,4,01/04/2023,Saolta University Hospital Care,return_ed_attendances,983,TRUE
2023,5,01/05/2023,Saolta University Hospital Care,return_ed_attendances,883,TRUE
2023,6,01/06/2023,Saolta University Hospital Care,return_ed_attendances,869,TRUE
2023,7,01/07/2023,Saolta University Hospital Care,return_ed_attendances,869,TRUE
2023,8,01/08/2023,Saolta University Hospital Care,return_ed_attendances,912,TRUE
2023,9,01/09/2023,Saolta University Hospital Care,return_ed_attendances,895,TRUE
2023,10,01/10/2023,Saolta University Hospital Care,return_ed_attendances,956,TRUE
2023,11,01/11/2023,Saolta University Hospital Care,return_ed_attendances,986,TRUE
2023,12,01/12/2023,Saolta University Hospital Care,return_ed_attendances,1061,TRUE
2024,1,01/01/2024,Saolta University Hospital Care,return_ed_attendances,1608,TRUE
2024,2,01/02/2024,Saolta University Hospital Care,return_ed_attendances,1538,TRUE
2024,3,01/03/2024,Saolta University Hospital Care,return_ed_attendances,1291,TRUE
2024,4,01/04/2024,Saolta University Hospital Care,return_ed_attendances,1376,TRUE
2024,5,01/05/2024,Saolta University Hospital Care,return_ed_attendances,1268,TRUE
2024,6,01/06/2024,Saolta University Hospital Care,return_ed_attendances,582,FALSE
2024,7,01/07/2024,Saolta University Hospital Care,return_ed_attendances,2656,FALSE
2024,8,01/08/2024,Saolta University Hospital Care,return_ed_attendances,5,FALSE
2022,1,01/01/2022,Sligo University Hospital,all_emergency_presentations,4433,TRUE
2022,2,01/02/2022,Sligo University Hospital,all_emergency_presentations,4326,TRUE
2022,3,01/03/2022,Sligo University Hospital,all_emergency_presentations,3947,TRUE
2022,4,01/04/2022,Sligo University Hospital,all_emergency_presentations,3816,TRUE
2022,5,01/05/2022,Sligo University Hospital,all_emergency_presentations,3522,TRUE
2022,6,01/06/2022,Sligo University Hospital,all_emergency_presentations,3480,TRUE
2022,7,01/07/2022,Sligo University Hospital,all_emergency_presentations,3371,TRUE
2022,8,01/08/2022,Sligo University Hospital,all_emergency_presentations,3518,TRUE
2022,9,01/09/2022,Sligo University Hospital,all_emergency_presentations,3785,TRUE
2022,10,01/10/2022,Sligo University Hospital,all_emergency_presentations,3916,TRUE
2022,11,01/11/2022,Sligo University Hospital,all_emergency_presentations,3969,TRUE
2022,12,01/12/2022,Sligo University Hospital,all_emergency_presentations,4144,TRUE
2023,1,01/01/2023,Sligo University Hospital,all_emergency_presentations,4359,TRUE
2023,2,01/02/2023,Sligo University Hospital,all_emergency_presentations,4365,TRUE
2023,3,01/03/2023,Sligo University Hospital,all_emergency_presentations,4172,TRUE
2023,4,01/04/2023,Sligo University Hospital,all_emergency_presentations,3858,TRUE
2023,5,01/05/2023,Sligo University Hospital,all_emergency_presentations,3732,TRUE
2023,6,01/06/2023,Sligo University Hospital,all_emergency_presentations,3566,TRUE
2023,7,01/07/2023,Sligo University Hospital,all_emergency_presentations,3639,TRUE
2023,8,01/08/2023,Sligo University Hospital,all_emergency_presentations,3642,TRUE
2023,9,01/09/2023,Sligo University Hospital,all_emergency_presentations,3951,TRUE
2023,10,01/10/2023,Sligo University Hospital,all_emergency_presentations,4037,TRUE
2023,11,01/11/2023,Sligo University Hospital,all_emergency_presentations,4242,TRUE
2023,12,01/12/2023,Sligo University Hospital,all_emergency_presentations,4266,TRUE
2024,1,01/01/2024,Sligo University Hospital,all_emergency_presentations,4459,TRUE
2024,2,01/02/2024,Sligo University Hospital,all_emergency_presentations,4757,TRUE
2024,3,01/03/2024,Sligo University Hospital,all_emergency_presentations,4181,TRUE
2024,4,01/04/2024,Sligo University Hospital,all_emergency_presentations,3857,TRUE
2024,5,01/05/2024,Sligo University Hospital,all_emergency_presentations,3918,TRUE
2024,6,01/06/2024,Sligo University Hospital,all_emergency_presentations,3939,FALSE
2024,7,01/07/2024,Sligo University Hospital,all_emergency_presentations,4226,FALSE
2024,8,01/08/2024,Sligo University Hospital,all_emergency_presentations,4011,FALSE
2024,9,01/09/2024,Sligo University Hospital,all_emergency_presentations,4050,FALSE
2022,1,01/01/2022,Sligo University Hospital,new_ed_attendances,1237,TRUE
2022,2,01/02/2022,Sligo University Hospital,new_ed_attendances,1140,TRUE
2022,3,01/03/2022,Sligo University Hospital,new_ed_attendances,1034,TRUE
2022,4,01/04/2022,Sligo University Hospital,new_ed_attendances,1037,TRUE
2022,5,01/05/2022,Sligo University Hospital,new_ed_attendances,910,TRUE
2022,6,01/06/2022,Sligo University Hospital,new_ed_attendances,861,TRUE
2022,7,01/07/2022,Sligo University Hospital,new_ed_attendances,954,TRUE
2022,8,01/08/2022,Sligo University Hospital,new_ed_attendances,947,TRUE
2022,9,01/09/2022,Sligo University Hospital,new_ed_attendances,971,TRUE
2022,10,01/10/2022,Sligo University Hospital,new_ed_attendances,1054,TRUE
2022,11,01/11/2022,Sligo University Hospital,new_ed_attendances,1090,TRUE
2022,12,01/12/2022,Sligo University Hospital,new_ed_attendances,1103,TRUE
2023,1,01/01/2023,Sligo University Hospital,new_ed_attendances,1591,TRUE
2023,2,01/02/2023,Sligo University Hospital,new_ed_attendances,1641,TRUE
2023,3,01/03/2023,Sligo University Hospital,new_ed_attendances,1501,TRUE
2023,4,01/04/2023,Sligo University Hospital,new_ed_attendances,1370,TRUE
2023,5,01/05/2023,Sligo University Hospital,new_ed_attendances,1406,TRUE
2023,6,01/06/2023,Sligo University Hospital,new_ed_attendances,1249,TRUE
2023,7,01/07/2023,Sligo University Hospital,new_ed_attendances,1258,TRUE
2023,8,01/08/2023,Sligo University Hospital,new_ed_attendances,1318,TRUE
2023,9,01/09/2023,Sligo University Hospital,new_ed_attendances,1400,TRUE
2023,10,01/10/2023,Sligo University Hospital,new_ed_attendances,1455,TRUE
2023,11,01/11/2023,Sligo University Hospital,new_ed_attendances,1504,TRUE
2023,12,01/12/2023,Sligo University Hospital,new_ed_attendances,1587,TRUE
2024,1,01/01/2024,Sligo University Hospital,new_ed_attendances,4207,TRUE
2024,2,01/02/2024,Sligo University Hospital,new_ed_attendances,4406,TRUE
2024,3,01/03/2024,Sligo University Hospital,new_ed_attendances,3880,TRUE
2024,4,01/04/2024,Sligo University Hospital,new_ed_attendances,3752,TRUE
2024,5,01/05/2024,Sligo University Hospital,new_ed_attendances,3555,TRUE
2024,6,01/06/2024,Sligo University Hospital,new_ed_attendances,23529,FALSE
2024,7,01/07/2024,Sligo University Hospital,new_ed_attendances,12,FALSE
2024,8,01/08/2024,Sligo University Hospital,new_ed_attendances,8,FALSE
2024,9,01/09/2024,Sligo University Hospital,new_ed_attendances,11007,FALSE
2022,1,01/01/2022,Sligo University Hospital,return_ed_attendances,274,TRUE
2022,2,01/02/2022,Sligo University Hospital,return_ed_attendances,264,TRUE
2022,3,01/03/2022,Sligo University Hospital,return_ed_attendances,228,TRUE
2022,4,01/04/2022,Sligo University Hospital,return_ed_attendances,232,TRUE
2022,5,01/05/2022,Sligo University Hospital,return_ed_attendances,219,TRUE
2022,6,01/06/2022,Sligo University Hospital,return_ed_attendances,219,TRUE
2022,7,01/07/2022,Sligo University Hospital,return_ed_attendances,218,TRUE
2022,8,01/08/2022,Sligo University Hospital,return_ed_attendances,227,TRUE
2022,9,01/09/2022,Sligo University Hospital,return_ed_attendances,232,TRUE
2022,10,01/10/2022,Sligo University Hospital,return_ed_attendances,245,TRUE
2022,11,01/11/2022,Sligo University Hospital,return_ed_attendances,251,TRUE
2022,12,01/12/2022,Sligo University Hospital,return_ed_attendances,256,TRUE
2023,1,01/01/2023,Sligo University Hospital,return_ed_attendances,344,TRUE
2023,2,01/02/2023,Sligo University Hospital,return_ed_attendances,320,TRUE
2023,3,01/03/2023,Sligo University Hospital,return_ed_attendances,292,TRUE
2023,4,01/04/2023,Sligo University Hospital,return_ed_attendances,257,TRUE
2023,5,01/05/2023,Sligo University Hospital,return_ed_attendances,249,TRUE
2023,6,01/06/2023,Sligo University Hospital,return_ed_attendances,254,TRUE
2023,7,01/07/2023,Sligo University Hospital,return_ed_attendances,258,TRUE
2023,8,01/08/2023,Sligo University Hospital,return_ed_attendances,257,TRUE
2023,9,01/09/2023,Sligo University Hospital,return_ed_attendances,274,TRUE
2023,10,01/10/2023,Sligo University Hospital,return_ed_attendances,295,TRUE
2023,11,01/11/2023,Sligo University Hospital,return_ed_attendances,301,TRUE
2023,12,01/12/2023,Sligo University Hospital,return_ed_attendances,295,TRUE
2024,1,01/01/2024,Sligo University Hospital,return_ed_attendances,383,TRUE
2024,2,01/02/2024,Sligo University Hospital,return_ed_attendances,362,TRUE
2024,3,01/03/2024,Sligo University Hospital,return_ed_attendances,338,TRUE
2024,4,01/04/2024,Sligo University Hospital,return_ed_attendances,315,TRUE
2024,5,01/05/2024,Sligo University Hospital,return_ed_attendances,305,TRUE
2024,6,01/06/2024,Sligo University Hospital,return_ed_attendances,317,FALSE
2024,7,01/07/2024,Sligo University Hospital,return_ed_attendances,355,FALSE
2024,8,01/08/2024,Sligo University Hospital,return_ed_attendances,330,FALSE
2024,9,01/09/2024,Sligo University Hospital,return_ed_attendances,343,FALSE
2022,1,01/01/2022,South Infirmary Victoria University Hospital,new_ed_attendances,310,TRUE
2022,2,01/02/2022,South Infirmary Victoria University Hospital,new_ed_attendances,310,TRUE
2022,3,01/03/2022,South Infirmary Victoria University Hospital,new_ed_attendances,276,TRUE
2022,4,01/04/2022,South Infirmary Victoria University Hospital,new_ed_attendances,253,TRUE
2022,5,01/05/2022,South Infirmary Victoria University Hospital,new_ed_attendances,254,TRUE
2022,6,01/06/2022,South Infirmary Victoria University Hospital,new_ed_attendances,247,TRUE
2022,7,01/07/2022,South Infirmary Victoria University Hospital,new_ed_attendances,235,TRUE
2022,8,01/08/2022,South Infirmary Victoria University Hospital,new_ed_attendances,254,TRUE
2022,9,01/09/2022,South Infirmary Victoria University Hospital,new_ed_attendances,265,TRUE
2022,10,01/10/2022,South Infirmary Victoria University Hospital,new_ed_attendances,265,TRUE
2022,11,01/11/2022,South Infirmary Victoria University Hospital,new_ed_attendances,292,TRUE
2022,12,01/12/2022,South Infirmary Victoria University Hospital,new_ed_attendances,290,TRUE
2023,1,01/01/2023,South Infirmary Victoria University Hospital,new_ed_attendances,431,TRUE
2023,2,01/02/2023,South Infirmary Victoria University Hospital,new_ed_attendances,412,TRUE
2023,3,01/03/2023,South Infirmary Victoria University Hospital,new_ed_attendances,382,TRUE
2023,4,01/04/2023,South Infirmary Victoria University Hospital,new_ed_attendances,345,TRUE
2023,5,01/05/2023,South Infirmary Victoria University Hospital,new_ed_attendances,330,TRUE
2023,6,01/06/2023,South Infirmary Victoria University Hospital,new_ed_attendances,350,TRUE
2023,7,01/07/2023,South Infirmary Victoria University Hospital,new_ed_attendances,333,TRUE
2023,8,01/08/2023,South Infirmary Victoria University Hospital,new_ed_attendances,339,TRUE
2023,9,01/09/2023,South Infirmary Victoria University Hospital,new_ed_attendances,340,TRUE
2023,10,01/10/2023,South Infirmary Victoria University Hospital,new_ed_attendances,367,TRUE
2023,11,01/11/2023,South Infirmary Victoria University Hospital,new_ed_attendances,377,TRUE
2023,12,01/12/2023,South Infirmary Victoria University Hospital,new_ed_attendances,427,TRUE
2024,1,01/01/2024,South Infirmary Victoria University Hospital,new_ed_attendances,1666,TRUE
2024,2,01/02/2024,South Infirmary Victoria University Hospital,new_ed_attendances,1530,TRUE
2024,3,01/03/2024,South Infirmary Victoria University Hospital,new_ed_attendances,1536,TRUE
2024,4,01/04/2024,South Infirmary Victoria University Hospital,new_ed_attendances,1382,TRUE
2024,5,01/05/2024,South Infirmary Victoria University Hospital,new_ed_attendances,1289,TRUE
2024,6,01/06/2024,South Infirmary Victoria University Hospital,new_ed_attendances,9642,FALSE
2024,7,01/07/2024,South Infirmary Victoria University Hospital,new_ed_attendances,29,FALSE
2024,8,01/08/2024,South Infirmary Victoria University Hospital,new_ed_attendances,18,FALSE
2024,9,01/09/2024,South Infirmary Victoria University Hospital,new_ed_attendances,2841,FALSE
2022,1,01/01/2022,South Infirmary Victoria University Hospital,return_ed_attendances,10066,TRUE
2022,2,01/02/2022,South Infirmary Victoria University Hospital,return_ed_attendances,10058,TRUE
2022,3,01/03/2022,South Infirmary Victoria University Hospital,return_ed_attendances,8347,TRUE
2022,4,01/04/2022,South Infirmary Victoria University Hospital,return_ed_attendances,8301,TRUE
2022,5,01/05/2022,South Infirmary Victoria University Hospital,return_ed_attendances,7980,TRUE
2022,6,01/06/2022,South Infirmary Victoria University Hospital,return_ed_attendances,7937,TRUE
2022,7,01/07/2022,South Infirmary Victoria University Hospital,return_ed_attendances,8040,TRUE
2022,8,01/08/2022,South Infirmary Victoria University Hospital,return_ed_attendances,8546,TRUE
2022,9,01/09/2022,South Infirmary Victoria University Hospital,return_ed_attendances,8209,TRUE
2022,10,01/10/2022,South Infirmary Victoria University Hospital,return_ed_attendances,8967,TRUE
2022,11,01/11/2022,South Infirmary Victoria University Hospital,return_ed_attendances,9547,TRUE
2022,12,01/12/2022,South Infirmary Victoria University Hospital,return_ed_attendances,10280,TRUE
2023,1,01/01/2023,South Infirmary Victoria University Hospital,return_ed_attendances,7077,TRUE
2023,2,01/02/2023,South Infirmary Victoria University Hospital,return_ed_attendances,7005,TRUE
2023,3,01/03/2023,South Infirmary Victoria University Hospital,return_ed_attendances,6044,TRUE
2023,4,01/04/2023,South Infirmary Victoria University Hospital,return_ed_attendances,5536,TRUE
2023,5,01/05/2023,South Infirmary Victoria University Hospital,return_ed_attendances,5928,TRUE
2023,6,01/06/2023,South Infirmary Victoria University Hospital,return_ed_attendances,5598,TRUE
2023,7,01/07/2023,South Infirmary Victoria University Hospital,return_ed_attendances,5923,TRUE
2023,8,01/08/2023,South Infirmary Victoria University Hospital,return_ed_attendances,5602,TRUE
2023,9,01/09/2023,South Infirmary Victoria University Hospital,return_ed_attendances,6181,TRUE
2023,10,01/10/2023,South Infirmary Victoria University Hospital,return_ed_attendances,6620,TRUE
2023,11,01/11/2023,South Infirmary Victoria University Hospital,return_ed_attendances,6655,TRUE
2023,12,01/12/2023,South Infirmary Victoria University Hospital,return_ed_attendances,6873,TRUE
2024,1,01/01/2024,South Infirmary Victoria University Hospital,return_ed_attendances,0,TRUE
2024,2,01/02/2024,South Infirmary Victoria University Hospital,return_ed_attendances,0,TRUE
2024,3,01/03/2024,South Infirmary Victoria University Hospital,return_ed_attendances,0,TRUE
2024,4,01/04/2024,South Infirmary Victoria University Hospital,return_ed_attendances,0,TRUE
2024,5,01/05/2024,South Infirmary Victoria University Hospital,return_ed_attendances,0,TRUE
2024,6,01/06/2024,South Infirmary Victoria University Hospital,return_ed_attendances,2,FALSE
2024,7,01/07/2024,South Infirmary Victoria University Hospital,return_ed_attendances,11,FALSE
2024,8,01/08/2024,South Infirmary Victoria University Hospital,return_ed_attendances,0,FALSE
2024,9,01/09/2024,South Infirmary Victoria University Hospital,return_ed_attendances,54308,FALSE
2022,1,01/01/2022,South/South West Hospital Group,all_emergency_presentations,28352,TRUE
2022,2,01/02/2022,South/South West Hospital Group,all_emergency_presentations,28598,TRUE
2022,3,01/03/2022,South/South West Hospital Group,all_emergency_presentations,26001,TRUE
2022,4,01/04/2022,South/South West Hospital Group,all_emergency_presentations,24315,TRUE
2022,5,01/05/2022,South/South West Hospital Group,all_emergency_presentations,22151,TRUE
2022,6,01/06/2022,South/South West Hospital Group,all_emergency_presentations,23181,TRUE
2022,7,01/07/2022,South/South West Hospital Group,all_emergency_presentations,23033,TRUE
2022,8,01/08/2022,South/South West Hospital Group,all_emergency_presentations,23082,TRUE
2022,9,01/09/2022,South/South West Hospital Group,all_emergency_presentations,24418,TRUE
2022,10,01/10/2022,South/South West Hospital Group,all_emergency_presentations,23708,TRUE
2022,11,01/11/2022,South/South West Hospital Group,all_emergency_presentations,26580,TRUE
2022,12,01/12/2022,South/South West Hospital Group,all_emergency_presentations,26390,TRUE
2023,1,01/01/2023,South/South West Hospital Group,all_emergency_presentations,29212,TRUE
2023,2,01/02/2023,South/South West Hospital Group,all_emergency_presentations,28072,TRUE
2023,3,01/03/2023,South/South West Hospital Group,all_emergency_presentations,27997,TRUE
2023,4,01/04/2023,South/South West Hospital Group,all_emergency_presentations,24809,TRUE
2023,5,01/05/2023,South/South West Hospital Group,all_emergency_presentations,25640,TRUE
2023,6,01/06/2023,South/South West Hospital Group,all_emergency_presentations,23357,TRUE
2023,7,01/07/2023,South/South West Hospital Group,all_emergency_presentations,23012,TRUE
2023,8,01/08/2023,South/South West Hospital Group,all_emergency_presentations,23941,TRUE
2023,9,01/09/2023,South/South West Hospital Group,all_emergency_presentations,26759,TRUE
2023,10,01/10/2023,South/South West Hospital Group,all_emergency_presentations,26453,TRUE
2023,11,01/11/2023,South/South West Hospital Group,all_emergency_presentations,27409,TRUE
2023,12,01/12/2023,South/South West Hospital Group,all_emergency_presentations,29038,TRUE
2024,1,01/01/2024,South/South West Hospital Group,all_emergency_presentations,32799,TRUE
2024,2,01/02/2024,South/South West Hospital Group,all_emergency_presentations,32264,TRUE
2024,3,01/03/2024,South/South West Hospital Group,all_emergency_presentations,30002,TRUE
2024,4,01/04/2024,South/South West Hospital Group,all_emergency_presentations,26546,TRUE
2024,5,01/05/2024,South/South West Hospital Group,all_emergency_presentations,24980,TRUE
2024,6,01/06/2024,South/South West Hospital Group,all_emergency_presentations,27424,FALSE
2024,7,01/07/2024,South/South West Hospital Group,all_emergency_presentations,27175,FALSE
2024,8,01/08/2024,South/South West Hospital Group,all_emergency_presentations,27235,FALSE
2024,9,01/09/2024,South/South West Hospital Group,all_emergency_presentations,27700,FALSE
2022,1,01/01/2022,South/South West Hospital Group,new_ed_attendances,8223,TRUE
2022,2,01/02/2022,South/South West Hospital Group,new_ed_attendances,7971,TRUE
2022,3,01/03/2022,South/South West Hospital Group,new_ed_attendances,7315,TRUE
2022,4,01/04/2022,South/South West Hospital Group,new_ed_attendances,6867,TRUE
2022,5,01/05/2022,South/South West Hospital Group,new_ed_attendances,6791,TRUE
2022,6,01/06/2022,South/South West Hospital Group,new_ed_attendances,6362,TRUE
2022,7,01/07/2022,South/South West Hospital Group,new_ed_attendances,6600,TRUE
2022,8,01/08/2022,South/South West Hospital Group,new_ed_attendances,6582,TRUE
2022,9,01/09/2022,South/South West Hospital Group,new_ed_attendances,7172,TRUE
2022,10,01/10/2022,South/South West Hospital Group,new_ed_attendances,6937,TRUE
2022,11,01/11/2022,South/South West Hospital Group,new_ed_attendances,7826,TRUE
2022,12,01/12/2022,South/South West Hospital Group,new_ed_attendances,7690,TRUE
2023,1,01/01/2023,South/South West Hospital Group,new_ed_attendances,10869,TRUE
2023,2,01/02/2023,South/South West Hospital Group,new_ed_attendances,11014,TRUE
2023,3,01/03/2023,South/South West Hospital Group,new_ed_attendances,9899,TRUE
2023,4,01/04/2023,South/South West Hospital Group,new_ed_attendances,9670,TRUE
2023,5,01/05/2023,South/South West Hospital Group,new_ed_attendances,8964,TRUE
2023,6,01/06/2023,South/South West Hospital Group,new_ed_attendances,8736,TRUE
2023,7,01/07/2023,South/South West Hospital Group,new_ed_attendances,8534,TRUE
2023,8,01/08/2023,South/South West Hospital Group,new_ed_attendances,9114,TRUE
2023,9,01/09/2023,South/South West Hospital Group,new_ed_attendances,8924,TRUE
2023,10,01/10/2023,South/South West Hospital Group,new_ed_attendances,9442,TRUE
2023,11,01/11/2023,South/South West Hospital Group,new_ed_attendances,10631,TRUE
2023,12,01/12/2023,South/South West Hospital Group,new_ed_attendances,11033,TRUE
2024,1,01/01/2024,South/South West Hospital Group,new_ed_attendances,36616,TRUE
2024,2,01/02/2024,South/South West Hospital Group,new_ed_attendances,33916,TRUE
2024,3,01/03/2024,South/South West Hospital Group,new_ed_attendances,32126,TRUE
2024,4,01/04/2024,South/South West Hospital Group,new_ed_attendances,30024,TRUE
2024,5,01/05/2024,South/South West Hospital Group,new_ed_attendances,28096,TRUE
2024,6,01/06/2024,South/South West Hospital Group,new_ed_attendances,186880,FALSE
2024,7,01/07/2024,South/South West Hospital Group,new_ed_attendances,9,FALSE
2024,8,01/08/2024,South/South West Hospital Group,new_ed_attendances,2,FALSE
2024,9,01/09/2024,South/South West Hospital Group,new_ed_attendances,76165,FALSE
2022,1,01/01/2022,South/South West Hospital Group,return_ed_attendances,2512,TRUE
2022,2,01/02/2022,South/South West Hospital Group,return_ed_attendances,2513,TRUE
2022,3,01/03/2022,South/South West Hospital Group,return_ed_attendances,2284,TRUE
2022,4,01/04/2022,South/South West Hospital Group,return_ed_attendances,1978,TRUE
2022,5,01/05/2022,South/South West Hospital Group,return_ed_attendances,2231,TRUE
2022,6,01/06/2022,South/South West Hospital Group,return_ed_attendances,2102,TRUE
2022,7,01/07/2022,South/South West Hospital Group,return_ed_attendances,2056,TRUE
2022,8,01/08/2022,South/South West Hospital Group,return_ed_attendances,2125,TRUE
2022,9,01/09/2022,South/South West Hospital Group,return_ed_attendances,2135,TRUE
2022,10,01/10/2022,South/South West Hospital Group,return_ed_attendances,2395,TRUE
2022,11,01/11/2022,South/South West Hospital Group,return_ed_attendances,2526,TRUE
2022,12,01/12/2022,South/South West Hospital Group,return_ed_attendances,2490,TRUE
2023,1,01/01/2023,South/South West Hospital Group,return_ed_attendances,2918,TRUE
2023,2,01/02/2023,South/South West Hospital Group,return_ed_attendances,2750,TRUE
2023,3,01/03/2023,South/South West Hospital Group,return_ed_attendances,2418,TRUE
2023,4,01/04/2023,South/South West Hospital Group,return_ed_attendances,2322,TRUE
2023,5,01/05/2023,South/South West Hospital Group,return_ed_attendances,2288,TRUE
2023,6,01/06/2023,South/South West Hospital Group,return_ed_attendances,2177,TRUE
2023,7,01/07/2023,South/South West Hospital Group,return_ed_attendances,2241,TRUE
2023,8,01/08/2023,South/South West Hospital Group,return_ed_attendances,2297,TRUE
2023,9,01/09/2023,South/South West Hospital Group,return_ed_attendances,2394,TRUE
2023,10,01/10/2023,South/South West Hospital Group,return_ed_attendances,2475,TRUE
2023,11,01/11/2023,South/South West Hospital Group,return_ed_attendances,2509,TRUE
2023,12,01/12/2023,South/South West Hospital Group,return_ed_attendances,2630,TRUE
2024,1,01/01/2024,South/South West Hospital Group,return_ed_attendances,2952,TRUE
2024,2,01/02/2024,South/South West Hospital Group,return_ed_attendances,3053,TRUE
2024,3,01/03/2024,South/South West Hospital Group,return_ed_attendances,2560,TRUE
2024,4,01/04/2024,South/South West Hospital Group,return_ed_attendances,2638,TRUE
2024,5,01/05/2024,South/South West Hospital Group,return_ed_attendances,2575,TRUE
2024,6,01/06/2024,South/South West Hospital Group,return_ed_attendances,2663,FALSE
2024,7,01/07/2024,South/South West Hospital Group,return_ed_attendances,2600,FALSE
2024,8,01/08/2024,South/South West Hospital Group,return_ed_attendances,2678,FALSE
2024,9,01/09/2024,South/South West Hospital Group,return_ed_attendances,2543,FALSE
2022,1,01/01/2022,St. Columcille's Hospital,all_emergency_presentations,1211,TRUE
2022,2,01/02/2022,St. Columcille's Hospital,all_emergency_presentations,1134,TRUE
2022,3,01/03/2022,St. Columcille's Hospital,all_emergency_presentations,1104,TRUE
2022,4,01/04/2022,St. Columcille's Hospital,all_emergency_presentations,973,TRUE
2022,5,01/05/2022,St. Columcille's Hospital,all_emergency_presentations,925,TRUE
2022,6,01/06/2022,St. Columcille's Hospital,all_emergency_presentations,873,TRUE
2022,7,01/07/2022,St. Columcille's Hospital,all_emergency_presentations,884,TRUE
2022,8,01/08/2022,St. Columcille's Hospital,all_emergency_presentations,909,TRUE
2022,9,01/09/2022,St. Columcille's Hospital,all_emergency_presentations,1002,TRUE
2022,10,01/10/2022,St. Columcille's Hospital,all_emergency_presentations,1040,TRUE
2022,11,01/11/2022,St. Columcille's Hospital,all_emergency_presentations,1023,TRUE
2022,12,01/12/2022,St. Columcille's Hospital,all_emergency_presentations,1144,TRUE
2023,1,01/01/2023,St. Columcille's Hospital,all_emergency_presentations,1330,TRUE
2023,2,01/02/2023,St. Columcille's Hospital,all_emergency_presentations,1310,TRUE
2023,3,01/03/2023,St. Columcille's Hospital,all_emergency_presentations,1259,TRUE
2023,4,01/04/2023,St. Columcille's Hospital,all_emergency_presentations,1151,TRUE
2023,5,01/05/2023,St. Columcille's Hospital,all_emergency_presentations,1078,TRUE
2023,6,01/06/2023,St. Columcille's Hospital,all_emergency_presentations,1024,TRUE
2023,7,01/07/2023,St. Columcille's Hospital,all_emergency_presentations,1006,TRUE
2023,8,01/08/2023,St. Columcille's Hospital,all_emergency_presentations,1075,TRUE
2023,9,01/09/2023,St. Columcille's Hospital,all_emergency_presentations,1137,TRUE
2023,10,01/10/2023,St. Columcille's Hospital,all_emergency_presentations,1144,TRUE
2023,11,01/11/2023,St. Columcille's Hospital,all_emergency_presentations,1231,TRUE
2023,12,01/12/2023,St. Columcille's Hospital,all_emergency_presentations,1284,TRUE
2024,1,01/01/2024,St. Columcille's Hospital,all_emergency_presentations,1543,TRUE
2024,2,01/02/2024,St. Columcille's Hospital,all_emergency_presentations,1471,TRUE
2024,3,01/03/2024,St. Columcille's Hospital,all_emergency_presentations,1389,TRUE
2024,4,01/04/2024,St. Columcille's Hospital,all_emergency_presentations,1307,TRUE
2024,5,01/05/2024,St. Columcille's Hospital,all_emergency_presentations,1210,TRUE
2024,6,01/06/2024,St. Columcille's Hospital,all_emergency_presentations,1311,FALSE
2024,7,01/07/2024,St. Columcille's Hospital,all_emergency_presentations,1357,FALSE
2024,8,01/08/2024,St. Columcille's Hospital,all_emergency_presentations,1402,FALSE
2024,9,01/09/2024,St. Columcille's Hospital,all_emergency_presentations,1517,FALSE
2022,1,01/01/2022,St. Columcille's Hospital,new_ed_attendances,608,TRUE
2022,2,01/02/2022,St. Columcille's Hospital,new_ed_attendances,615,TRUE
2022,3,01/03/2022,St. Columcille's Hospital,new_ed_attendances,517,TRUE
2022,4,01/04/2022,St. Columcille's Hospital,new_ed_attendances,478,TRUE
2022,5,01/05/2022,St. Columcille's Hospital,new_ed_attendances,488,TRUE
2022,6,01/06/2022,St. Columcille's Hospital,new_ed_attendances,478,TRUE
2022,7,01/07/2022,St. Columcille's Hospital,new_ed_attendances,483,TRUE
2022,8,01/08/2022,St. Columcille's Hospital,new_ed_attendances,463,TRUE
2022,9,01/09/2022,St. Columcille's Hospital,new_ed_attendances,513,TRUE
2022,10,01/10/2022,St. Columcille's Hospital,new_ed_attendances,509,TRUE
2022,11,01/11/2022,St. Columcille's Hospital,new_ed_attendances,566,TRUE
2022,12,01/12/2022,St. Columcille's Hospital,new_ed_attendances,582,TRUE
2023,1,01/01/2023,St. Columcille's Hospital,new_ed_attendances,729,TRUE
2023,2,01/02/2023,St. Columcille's Hospital,new_ed_attendances,714,TRUE
2023,3,01/03/2023,St. Columcille's Hospital,new_ed_attendances,647,TRUE
2023,4,01/04/2023,St. Columcille's Hospital,new_ed_attendances,622,TRUE
2023,5,01/05/2023,St. Columcille's Hospital,new_ed_attendances,622,TRUE
2023,6,01/06/2023,St. Columcille's Hospital,new_ed_attendances,568,TRUE
2023,7,01/07/2023,St. Columcille's Hospital,new_ed_attendances,607,TRUE
2023,8,01/08/2023,St. Columcille's Hospital,new_ed_attendances,601,TRUE
2023,9,01/09/2023,St. Columcille's Hospital,new_ed_attendances,621,TRUE
2023,10,01/10/2023,St. Columcille's Hospital,new_ed_attendances,653,TRUE
2023,11,01/11/2023,St. Columcille's Hospital,new_ed_attendances,666,TRUE
2023,12,01/12/2023,St. Columcille's Hospital,new_ed_attendances,701,TRUE
2024,1,01/01/2024,St. Columcille's Hospital,new_ed_attendances,895,TRUE
2024,2,01/02/2024,St. Columcille's Hospital,new_ed_attendances,950,TRUE
2024,3,01/03/2024,St. Columcille's Hospital,new_ed_attendances,827,TRUE
2024,4,01/04/2024,St. Columcille's Hospital,new_ed_attendances,755,TRUE
2024,5,01/05/2024,St. Columcille's Hospital,new_ed_attendances,753,TRUE
2024,6,01/06/2024,St. Columcille's Hospital,new_ed_attendances,4921,FALSE
2024,8,01/08/2024,St. Columcille's Hospital,new_ed_attendances,1,FALSE
2024,9,01/09/2024,St. Columcille's Hospital,new_ed_attendances,5298,FALSE
2022,1,01/01/2022,St. Columcille's Hospital,return_ed_attendances,1222,TRUE
2022,2,01/02/2022,St. Columcille's Hospital,return_ed_attendances,1159,TRUE
2022,3,01/03/2022,St. Columcille's Hospital,return_ed_attendances,1022,TRUE
2022,4,01/04/2022,St. Columcille's Hospital,return_ed_attendances,1052,TRUE
2022,5,01/05/2022,St. Columcille's Hospital,return_ed_attendances,956,TRUE
2022,6,01/06/2022,St. Columcille's Hospital,return_ed_attendances,954,TRUE
2022,7,01/07/2022,St. Columcille's Hospital,return_ed_attendances,934,TRUE
2022,8,01/08/2022,St. Columcille's Hospital,return_ed_attendances,974,TRUE
2022,9,01/09/2022,St. Columcille's Hospital,return_ed_attendances,1024,TRUE
2022,10,01/10/2022,St. Columcille's Hospital,return_ed_attendances,1066,TRUE
2022,11,01/11/2022,St. Columcille's Hospital,return_ed_attendances,1113,TRUE
2022,12,01/12/2022,St. Columcille's Hospital,return_ed_attendances,1148,TRUE
2023,1,01/01/2023,St. Columcille's Hospital,return_ed_attendances,1326,TRUE
2023,2,01/02/2023,St. Columcille's Hospital,return_ed_attendances,1271,TRUE
2023,3,01/03/2023,St. Columcille's Hospital,return_ed_attendances,1203,TRUE
2023,4,01/04/2023,St. Columcille's Hospital,return_ed_attendances,1143,TRUE
2023,5,01/05/2023,St. Columcille's Hospital,return_ed_attendances,1070,TRUE
2023,6,01/06/2023,St. Columcille's Hospital,return_ed_attendances,1077,TRUE
2023,7,01/07/2023,St. Columcille's Hospital,return_ed_attendances,1113,TRUE
2023,8,01/08/2023,St. Columcille's Hospital,return_ed_attendances,1059,TRUE
2023,9,01/09/2023,St. Columcille's Hospital,return_ed_attendances,1106,TRUE
2023,10,01/10/2023,St. Columcille's Hospital,return_ed_attendances,1163,TRUE
2023,11,01/11/2023,St. Columcille's Hospital,return_ed_attendances,1236,TRUE
2023,12,01/12/2023,St. Columcille's Hospital,return_ed_attendances,1250,TRUE
2024,1,01/01/2024,St. Columcille's Hospital,return_ed_attendances,1582,TRUE
2024,2,01/02/2024,St. Columcille's Hospital,return_ed_attendances,1487,TRUE
2024,3,01/03/2024,St. Columcille's Hospital,return_ed_attendances,1354,TRUE
2024,4,01/04/2024,St. Columcille's Hospital,return_ed_attendances,1208,TRUE
2024,5,01/05/2024,St. Columcille's Hospital,return_ed_attendances,1175,TRUE
2024,6,01/06/2024,St. Columcille's Hospital,return_ed_attendances,1286,FALSE
2024,7,01/07/2024,St. Columcille's Hospital,return_ed_attendances,1327,FALSE
2024,8,01/08/2024,St. Columcille's Hospital,return_ed_attendances,1343,FALSE
2024,9,01/09/2024,St. Columcille's Hospital,return_ed_attendances,1461,FALSE
2022,1,01/01/2022,St. James's Hospital,all_emergency_presentations,4981,TRUE
2022,2,01/02/2022,St. James's Hospital,all_emergency_presentations,4913,TRUE
2022,3,01/03/2022,St. James's Hospital,all_emergency_presentations,4440,TRUE
2022,4,01/04/2022,St. James's Hospital,all_emergency_presentations,4202,TRUE
2022,5,01/05/2022,St. James's Hospital,all_emergency_presentations,4213,TRUE
2022,6,01/06/2022,St. James's Hospital,all_emergency_presentations,3806,TRUE
2022,7,01/07/2022,St. James's Hospital,all_emergency_presentations,4147,TRUE
2022,8,01/08/2022,St. James's Hospital,all_emergency_presentations,4257,TRUE
2022,9,01/09/2022,St. James's Hospital,all_emergency_presentations,4251,TRUE
2022,10,01/10/2022,St. James's Hospital,all_emergency_presentations,4114,TRUE
2022,11,01/11/2022,St. James's Hospital,all_emergency_presentations,4524,TRUE
2022,12,01/12/2022,St. James's Hospital,all_emergency_presentations,4964,TRUE
2023,1,01/01/2023,St. James's Hospital,all_emergency_presentations,5431,TRUE
2023,2,01/02/2023,St. James's Hospital,all_emergency_presentations,5093,TRUE
2023,3,01/03/2023,St. James's Hospital,all_emergency_presentations,4763,TRUE
2023,4,01/04/2023,St. James's Hospital,all_emergency_presentations,4627,TRUE
2023,5,01/05/2023,St. James's Hospital,all_emergency_presentations,4447,TRUE
2023,6,01/06/2023,St. James's Hospital,all_emergency_presentations,4207,TRUE
2023,7,01/07/2023,St. James's Hospital,all_emergency_presentations,4282,TRUE
2023,8,01/08/2023,St. James's Hospital,all_emergency_presentations,4369,TRUE
2023,9,01/09/2023,St. James's Hospital,all_emergency_presentations,4478,TRUE
2023,10,01/10/2023,St. James's Hospital,all_emergency_presentations,4974,TRUE
2023,11,01/11/2023,St. James's Hospital,all_emergency_presentations,4926,TRUE
2023,12,01/12/2023,St. James's Hospital,all_emergency_presentations,5347,TRUE
2024,1,01/01/2024,St. James's Hospital,all_emergency_presentations,6135,TRUE
2024,2,01/02/2024,St. James's Hospital,all_emergency_presentations,5838,TRUE
2024,3,01/03/2024,St. James's Hospital,all_emergency_presentations,5153,TRUE
2024,4,01/04/2024,St. James's Hospital,all_emergency_presentations,4932,TRUE
2024,5,01/05/2024,St. James's Hospital,all_emergency_presentations,4720,TRUE
2024,6,01/06/2024,St. James's Hospital,all_emergency_presentations,4762,FALSE
2024,7,01/07/2024,St. James's Hospital,all_emergency_presentations,5241,FALSE
2024,8,01/08/2024,St. James's Hospital,all_emergency_presentations,5127,FALSE
2024,9,01/09/2024,St. James's Hospital,all_emergency_presentations,4999,FALSE
2022,1,01/01/2022,St. James's Hospital,new_ed_attendances,1652,TRUE
2022,2,01/02/2022,St. James's Hospital,new_ed_attendances,1622,TRUE
2022,3,01/03/2022,St. James's Hospital,new_ed_attendances,1458,TRUE
2022,4,01/04/2022,St. James's Hospital,new_ed_attendances,1420,TRUE
2022,5,01/05/2022,St. James's Hospital,new_ed_attendances,1308,TRUE
2022,6,01/06/2022,St. James's Hospital,new_ed_attendances,1381,TRUE
2022,7,01/07/2022,St. James's Hospital,new_ed_attendances,1329,TRUE
2022,8,01/08/2022,St. James's Hospital,new_ed_attendances,1298,TRUE
2022,9,01/09/2022,St. James's Hospital,new_ed_attendances,1344,TRUE
2022,10,01/10/2022,St. James's Hospital,new_ed_attendances,1450,TRUE
2022,11,01/11/2022,St. James's Hospital,new_ed_attendances,1489,TRUE
2022,12,01/12/2022,St. James's Hospital,new_ed_attendances,1588,TRUE
2023,1,01/01/2023,St. James's Hospital,new_ed_attendances,2326,TRUE
2023,2,01/02/2023,St. James's Hospital,new_ed_attendances,2211,TRUE
2023,3,01/03/2023,St. James's Hospital,new_ed_attendances,1989,TRUE
2023,4,01/04/2023,St. James's Hospital,new_ed_attendances,1818,TRUE
2023,5,01/05/2023,St. James's Hospital,new_ed_attendances,1822,TRUE
2023,6,01/06/2023,St. James's Hospital,new_ed_attendances,1834,TRUE
2023,7,01/07/2023,St. James's Hospital,new_ed_attendances,1839,TRUE
2023,8,01/08/2023,St. James's Hospital,new_ed_attendances,1796,TRUE
2023,9,01/09/2023,St. James's Hospital,new_ed_attendances,1954,TRUE
2023,10,01/10/2023,St. James's Hospital,new_ed_attendances,2025,TRUE
2023,11,01/11/2023,St. James's Hospital,new_ed_attendances,2043,TRUE
2023,12,01/12/2023,St. James's Hospital,new_ed_attendances,2187,TRUE
2024,1,01/01/2024,St. James's Hospital,new_ed_attendances,12276,TRUE
2024,2,01/02/2024,St. James's Hospital,new_ed_attendances,11433,TRUE
2024,3,01/03/2024,St. James's Hospital,new_ed_attendances,11022,TRUE
2024,4,01/04/2024,St. James's Hospital,new_ed_attendances,10349,TRUE
2024,5,01/05/2024,St. James's Hospital,new_ed_attendances,10187,TRUE
2024,6,01/06/2024,St. James's Hospital,new_ed_attendances,61391,FALSE
2024,7,01/07/2024,St. James's Hospital,new_ed_attendances,3,FALSE
2024,9,01/09/2024,St. James's Hospital,new_ed_attendances,15368,FALSE
2022,1,01/01/2022,St. James's Hospital,return_ed_attendances,112,TRUE
2022,2,01/02/2022,St. James's Hospital,return_ed_attendances,100,TRUE
2022,3,01/03/2022,St. James's Hospital,return_ed_attendances,97,TRUE
2022,4,01/04/2022,St. James's Hospital,return_ed_attendances,92,TRUE
2022,5,01/05/2022,St. James's Hospital,return_ed_attendances,87,TRUE
2022,6,01/06/2022,St. James's Hospital,return_ed_attendances,84,TRUE
2022,7,01/07/2022,St. James's Hospital,return_ed_attendances,86,TRUE
2022,8,01/08/2022,St. James's Hospital,return_ed_attendances,91,TRUE
2022,9,01/09/2022,St. James's Hospital,return_ed_attendances,93,TRUE
2022,10,01/10/2022,St. James's Hospital,return_ed_attendances,90,TRUE
2022,11,01/11/2022,St. James's Hospital,return_ed_attendances,95,TRUE
2022,12,01/12/2022,St. James's Hospital,return_ed_attendances,103,TRUE
2023,1,01/01/2023,St. James's Hospital,return_ed_attendances,116,TRUE
2023,2,01/02/2023,St. James's Hospital,return_ed_attendances,102,TRUE
2023,3,01/03/2023,St. James's Hospital,return_ed_attendances,101,TRUE
2023,4,01/04/2023,St. James's Hospital,return_ed_attendances,94,TRUE
2023,5,01/05/2023,St. James's Hospital,return_ed_attendances,96,TRUE
2023,6,01/06/2023,St. James's Hospital,return_ed_attendances,89,TRUE
2023,7,01/07/2023,St. James's Hospital,return_ed_attendances,93,TRUE
2023,8,01/08/2023,St. James's Hospital,return_ed_attendances,94,TRUE
2023,9,01/09/2023,St. James's Hospital,return_ed_attendances,91,TRUE
2023,10,01/10/2023,St. James's Hospital,return_ed_attendances,103,TRUE
2023,11,01/11/2023,St. James's Hospital,return_ed_attendances,106,TRUE
2023,12,01/12/2023,St. James's Hospital,return_ed_attendances,111,TRUE
2024,1,01/01/2024,St. James's Hospital,return_ed_attendances,133,TRUE
2024,2,01/02/2024,St. James's Hospital,return_ed_attendances,108,TRUE
2024,3,01/03/2024,St. James's Hospital,return_ed_attendances,112,TRUE
2024,4,01/04/2024,St. James's Hospital,return_ed_attendances,98,TRUE
2024,5,01/05/2024,St. James's Hospital,return_ed_attendances,97,TRUE
2024,6,01/06/2024,St. James's Hospital,return_ed_attendances,112,FALSE
2024,7,01/07/2024,St. James's Hospital,return_ed_attendances,120,FALSE
2024,8,01/08/2024,St. James's Hospital,return_ed_attendances,95,FALSE
2024,9,01/09/2024,St. James's Hospital,return_ed_attendances,105,FALSE
2022,1,01/01/2022,St. John's Hospital Limerick,all_emergency_presentations,1686,TRUE
2022,2,01/02/2022,St. John's Hospital Limerick,all_emergency_presentations,1632,TRUE
2022,3,01/03/2022,St. John's Hospital Limerick,all_emergency_presentations,1445,TRUE
2022,4,01/04/2022,St. John's Hospital Limerick,all_emergency_presentations,1401,TRUE
2022,5,01/05/2022,St. John's Hospital Limerick,all_emergency_presentations,1345,TRUE
2022,6,01/06/2022,St. John's Hospital Limerick,all_emergency_presentations,1272,TRUE
2022,7,01/07/2022,St. John's Hospital Limerick,all_emergency_presentations,1281,TRUE
2022,8,01/08/2022,St. John's Hospital Limerick,all_emergency_presentations,1270,TRUE
2022,9,01/09/2022,St. John's Hospital Limerick,all_emergency_presentations,1420,TRUE
2022,10,01/10/2022,St. John's Hospital Limerick,all_emergency_presentations,1379,TRUE
2022,11,01/11/2022,St. John's Hospital Limerick,all_emergency_presentations,1522,TRUE
2022,12,01/12/2022,St. John's Hospital Limerick,all_emergency_presentations,1561,TRUE
2023,1,01/01/2023,St. John's Hospital Limerick,all_emergency_presentations,1764,TRUE
2023,2,01/02/2023,St. John's Hospital Limerick,all_emergency_presentations,1655,TRUE
2023,3,01/03/2023,St. John's Hospital Limerick,all_emergency_presentations,1523,TRUE
2023,4,01/04/2023,St. John's Hospital Limerick,all_emergency_presentations,1467,TRUE
2023,5,01/05/2023,St. John's Hospital Limerick,all_emergency_presentations,1406,TRUE
2023,6,01/06/2023,St. John's Hospital Limerick,all_emergency_presentations,1361,TRUE
2023,7,01/07/2023,St. John's Hospital Limerick,all_emergency_presentations,1397,TRUE
2023,8,01/08/2023,St. John's Hospital Limerick,all_emergency_presentations,1342,TRUE
2023,9,01/09/2023,St. John's Hospital Limerick,all_emergency_presentations,1498,TRUE
2023,10,01/10/2023,St. John's Hospital Limerick,all_emergency_presentations,1537,TRUE
2023,11,01/11/2023,St. John's Hospital Limerick,all_emergency_presentations,1534,TRUE
2023,12,01/12/2023,St. John's Hospital Limerick,all_emergency_presentations,1629,TRUE
2024,1,01/01/2024,St. John's Hospital Limerick,all_emergency_presentations,1800,TRUE
2024,2,01/02/2024,St. John's Hospital Limerick,all_emergency_presentations,1734,TRUE
2024,3,01/03/2024,St. John's Hospital Limerick,all_emergency_presentations,1620,TRUE
2024,4,01/04/2024,St. John's Hospital Limerick,all_emergency_presentations,1561,TRUE
2024,5,01/05/2024,St. John's Hospital Limerick,all_emergency_presentations,1498,TRUE
2024,6,01/06/2024,St. John's Hospital Limerick,all_emergency_presentations,1434,FALSE
2024,7,01/07/2024,St. John's Hospital Limerick,all_emergency_presentations,1489,FALSE
2024,8,01/08/2024,St. John's Hospital Limerick,all_emergency_presentations,1450,FALSE
2024,9,01/09/2024,St. John's Hospital Limerick,all_emergency_presentations,1736,FALSE
2022,1,01/01/2022,St. John's Hospital Limerick,new_ed_attendances,398,TRUE
2022,2,01/02/2022,St. John's Hospital Limerick,new_ed_attendances,410,TRUE
2022,3,01/03/2022,St. John's Hospital Limerick,new_ed_attendances,363,TRUE
2022,4,01/04/2022,St. John's Hospital Limerick,new_ed_attendances,340,TRUE
2022,5,01/05/2022,St. John's Hospital Limerick,new_ed_attendances,321,TRUE
2022,6,01/06/2022,St. John's Hospital Limerick,new_ed_attendances,316,TRUE
2022,7,01/07/2022,St. John's Hospital Limerick,new_ed_attendances,318,TRUE
2022,8,01/08/2022,St. John's Hospital Limerick,new_ed_attendances,332,TRUE
2022,9,01/09/2022,St. John's Hospital Limerick,new_ed_attendances,365,TRUE
2022,10,01/10/2022,St. John's Hospital Limerick,new_ed_attendances,343,TRUE
2022,11,01/11/2022,St. John's Hospital Limerick,new_ed_attendances,357,TRUE
2022,12,01/12/2022,St. John's Hospital Limerick,new_ed_attendances,406,TRUE
2023,1,01/01/2023,St. John's Hospital Limerick,new_ed_attendances,571,TRUE
2023,2,01/02/2023,St. John's Hospital Limerick,new_ed_attendances,544,TRUE
2023,3,01/03/2023,St. John's Hospital Limerick,new_ed_attendances,527,TRUE
2023,4,01/04/2023,St. John's Hospital Limerick,new_ed_attendances,468,TRUE
2023,5,01/05/2023,St. John's Hospital Limerick,new_ed_attendances,488,TRUE
2023,6,01/06/2023,St. John's Hospital Limerick,new_ed_attendances,457,TRUE
2023,7,01/07/2023,St. John's Hospital Limerick,new_ed_attendances,451,TRUE
2023,8,01/08/2023,St. John's Hospital Limerick,new_ed_attendances,497,TRUE
2023,9,01/09/2023,St. John's Hospital Limerick,new_ed_attendances,478,TRUE
2023,10,01/10/2023,St. John's Hospital Limerick,new_ed_attendances,512,TRUE
2023,11,01/11/2023,St. John's Hospital Limerick,new_ed_attendances,530,TRUE
2023,12,01/12/2023,St. John's Hospital Limerick,new_ed_attendances,566,TRUE
2024,1,01/01/2024,St. John's Hospital Limerick,new_ed_attendances,1066,TRUE
2024,2,01/02/2024,St. John's Hospital Limerick,new_ed_attendances,985,TRUE
2024,3,01/03/2024,St. John's Hospital Limerick,new_ed_attendances,886,TRUE
2024,4,01/04/2024,St. John's Hospital Limerick,new_ed_attendances,857,TRUE
2024,5,01/05/2024,St. John's Hospital Limerick,new_ed_attendances,803,TRUE
2024,6,01/06/2024,St. John's Hospital Limerick,new_ed_attendances,5326,FALSE
2024,7,01/07/2024,St. John's Hospital Limerick,new_ed_attendances,23,FALSE
2024,8,01/08/2024,St. John's Hospital Limerick,new_ed_attendances,5,FALSE
2024,9,01/09/2024,St. John's Hospital Limerick,new_ed_attendances,3882,FALSE
2022,1,01/01/2022,St. John's Hospital Limerick,return_ed_attendances,1654,TRUE
2022,2,01/02/2022,St. John's Hospital Limerick,return_ed_attendances,1598,TRUE
2022,3,01/03/2022,St. John's Hospital Limerick,return_ed_attendances,1500,TRUE
2022,4,01/04/2022,St. John's Hospital Limerick,return_ed_attendances,1416,TRUE
2022,5,01/05/2022,St. John's Hospital Limerick,return_ed_attendances,1333,TRUE
2022,6,01/06/2022,St. John's Hospital Limerick,return_ed_attendances,1365,TRUE
2022,7,01/07/2022,St. John's Hospital Limerick,return_ed_attendances,1330,TRUE
2022,8,01/08/2022,St. John's Hospital Limerick,return_ed_attendances,1335,TRUE
2022,9,01/09/2022,St. John's Hospital Limerick,return_ed_attendances,1337,TRUE
2022,10,01/10/2022,St. John's Hospital Limerick,return_ed_attendances,1436,TRUE
2022,11,01/11/2022,St. John's Hospital Limerick,return_ed_attendances,1502,TRUE
2022,12,01/12/2022,St. John's Hospital Limerick,return_ed_attendances,1619,TRUE
2023,1,01/01/2023,St. John's Hospital Limerick,return_ed_attendances,1753,TRUE
2023,2,01/02/2023,St. John's Hospital Limerick,return_ed_attendances,1611,TRUE
2023,3,01/03/2023,St. John's Hospital Limerick,return_ed_attendances,1546,TRUE
2023,4,01/04/2023,St. John's Hospital Limerick,return_ed_attendances,1465,TRUE
2023,5,01/05/2023,St. John's Hospital Limerick,return_ed_attendances,1456,TRUE
2023,6,01/06/2023,St. John's Hospital Limerick,return_ed_attendances,1384,TRUE
2023,7,01/07/2023,St. John's Hospital Limerick,return_ed_attendances,1409,TRUE
2023,8,01/08/2023,St. John's Hospital Limerick,return_ed_attendances,1409,TRUE
2023,9,01/09/2023,St. John's Hospital Limerick,return_ed_attendances,1482,TRUE
2023,10,01/10/2023,St. John's Hospital Limerick,return_ed_attendances,1566,TRUE
2023,11,01/11/2023,St. John's Hospital Limerick,return_ed_attendances,1519,TRUE
2023,12,01/12/2023,St. John's Hospital Limerick,return_ed_attendances,1624,TRUE
2024,1,01/01/2024,St. John's Hospital Limerick,return_ed_attendances,1761,TRUE
2024,2,01/02/2024,St. John's Hospital Limerick,return_ed_attendances,1761,TRUE
2024,3,01/03/2024,St. John's Hospital Limerick,return_ed_attendances,1663,TRUE
2024,4,01/04/2024,St. John's Hospital Limerick,return_ed_attendances,1470,TRUE
2024,5,01/05/2024,St. John's Hospital Limerick,return_ed_attendances,1347,TRUE
2024,6,01/06/2024,St. John's Hospital Limerick,return_ed_attendances,1434,FALSE
2024,7,01/07/2024,St. John's Hospital Limerick,return_ed_attendances,1489,FALSE
2024,8,01/08/2024,St. John's Hospital Limerick,return_ed_attendances,1450,FALSE
2024,9,01/09/2024,St. John's Hospital Limerick,return_ed_attendances,1736,FALSE
2022,1,01/01/2022,St. Luke's General Hospital Kilkenny,all_emergency_presentations,5374,TRUE
2022,2,01/02/2022,St. Luke's General Hospital Kilkenny,all_emergency_presentations,4966,TRUE
2022,3,01/03/2022,St. Luke's General Hospital Kilkenny,all_emergency_presentations,4590,TRUE
2022,4,01/04/2022,St. Luke's General Hospital Kilkenny,all_emergency_presentations,4373,TRUE
2022,5,01/05/2022,St. Luke's General Hospital Kilkenny,all_emergency_presentations,4180,TRUE
2022,6,01/06/2022,St. Luke's General Hospital Kilkenny,all_emergency_presentations,4134,TRUE
2022,7,01/07/2022,St. Luke's General Hospital Kilkenny,all_emergency_presentations,4142,TRUE
2022,8,01/08/2022,St. Luke's General Hospital Kilkenny,all_emergency_presentations,4117,TRUE
2022,9,01/09/2022,St. Luke's General Hospital Kilkenny,all_emergency_presentations,4416,TRUE
2022,10,01/10/2022,St. Luke's General Hospital Kilkenny,all_emergency_presentations,4346,TRUE
2022,11,01/11/2022,St. Luke's General Hospital Kilkenny,all_emergency_presentations,4734,TRUE
2022,12,01/12/2022,St. Luke's General Hospital Kilkenny,all_emergency_presentations,4888,TRUE
2023,1,01/01/2023,St. Luke's General Hospital Kilkenny,all_emergency_presentations,5403,TRUE
2023,2,01/02/2023,St. Luke's General Hospital Kilkenny,all_emergency_presentations,5232,TRUE
2023,3,01/03/2023,St. Luke's General Hospital Kilkenny,all_emergency_presentations,4565,TRUE
2023,4,01/04/2023,St. Luke's General Hospital Kilkenny,all_emergency_presentations,4441,TRUE
2023,5,01/05/2023,St. Luke's General Hospital Kilkenny,all_emergency_presentations,4389,TRUE
2023,6,01/06/2023,St. Luke's General Hospital Kilkenny,all_emergency_presentations,4259,TRUE
2023,7,01/07/2023,St. Luke's General Hospital Kilkenny,all_emergency_presentations,4198,TRUE
2023,8,01/08/2023,St. Luke's General Hospital Kilkenny,all_emergency_presentations,4591,TRUE
2023,9,01/09/2023,St. Luke's General Hospital Kilkenny,all_emergency_presentations,4488,TRUE
2023,10,01/10/2023,St. Luke's General Hospital Kilkenny,all_emergency_presentations,4884,TRUE
2023,11,01/11/2023,St. Luke's General Hospital Kilkenny,all_emergency_presentations,5040,TRUE
2023,12,01/12/2023,St. Luke's General Hospital Kilkenny,all_emergency_presentations,5060,TRUE
2024,1,01/01/2024,St. Luke's General Hospital Kilkenny,all_emergency_presentations,6039,TRUE
2024,2,01/02/2024,St. Luke's General Hospital Kilkenny,all_emergency_presentations,5341,TRUE
2024,3,01/03/2024,St. Luke's General Hospital Kilkenny,all_emergency_presentations,5243,TRUE
2024,4,01/04/2024,St. Luke's General Hospital Kilkenny,all_emergency_presentations,4905,TRUE
2024,5,01/05/2024,St. Luke's General Hospital Kilkenny,all_emergency_presentations,4523,TRUE
2024,6,01/06/2024,St. Luke's General Hospital Kilkenny,all_emergency_presentations,4804,FALSE
2024,7,01/07/2024,St. Luke's General Hospital Kilkenny,all_emergency_presentations,4682,FALSE
2024,8,01/08/2024,St. Luke's General Hospital Kilkenny,all_emergency_presentations,4722,FALSE
2024,9,01/09/2024,St. Luke's General Hospital Kilkenny,all_emergency_presentations,4791,FALSE
2022,1,01/01/2022,St. Luke's General Hospital Kilkenny,new_ed_attendances,1375,TRUE
2022,2,01/02/2022,St. Luke's General Hospital Kilkenny,new_ed_attendances,1324,TRUE
2022,3,01/03/2022,St. Luke's General Hospital Kilkenny,new_ed_attendances,1250,TRUE
2022,4,01/04/2022,St. Luke's General Hospital Kilkenny,new_ed_attendances,1172,TRUE
2022,5,01/05/2022,St. Luke's General Hospital Kilkenny,new_ed_attendances,1093,TRUE
2022,6,01/06/2022,St. Luke's General Hospital Kilkenny,new_ed_attendances,1057,TRUE
2022,7,01/07/2022,St. Luke's General Hospital Kilkenny,new_ed_attendances,1090,TRUE
2022,8,01/08/2022,St. Luke's General Hospital Kilkenny,new_ed_attendances,1045,TRUE
2022,9,01/09/2022,St. Luke's General Hospital Kilkenny,new_ed_attendances,1116,TRUE
2022,10,01/10/2022,St. Luke's General Hospital Kilkenny,new_ed_attendances,1253,TRUE
2022,11,01/11/2022,St. Luke's General Hospital Kilkenny,new_ed_attendances,1325,TRUE
2022,12,01/12/2022,St. Luke's General Hospital Kilkenny,new_ed_attendances,1299,TRUE
2023,1,01/01/2023,St. Luke's General Hospital Kilkenny,new_ed_attendances,1964,TRUE
2023,2,01/02/2023,St. Luke's General Hospital Kilkenny,new_ed_attendances,1883,TRUE
2023,3,01/03/2023,St. Luke's General Hospital Kilkenny,new_ed_attendances,1877,TRUE
2023,4,01/04/2023,St. Luke's General Hospital Kilkenny,new_ed_attendances,1658,TRUE
2023,5,01/05/2023,St. Luke's General Hospital Kilkenny,new_ed_attendances,1549,TRUE
2023,6,01/06/2023,St. Luke's General Hospital Kilkenny,new_ed_attendances,1462,TRUE
2023,7,01/07/2023,St. Luke's General Hospital Kilkenny,new_ed_attendances,1464,TRUE
2023,8,01/08/2023,St. Luke's General Hospital Kilkenny,new_ed_attendances,1581,TRUE
2023,9,01/09/2023,St. Luke's General Hospital Kilkenny,new_ed_attendances,1599,TRUE
2023,10,01/10/2023,St. Luke's General Hospital Kilkenny,new_ed_attendances,1614,TRUE
2023,11,01/11/2023,St. Luke's General Hospital Kilkenny,new_ed_attendances,1733,TRUE
2023,12,01/12/2023,St. Luke's General Hospital Kilkenny,new_ed_attendances,1773,TRUE
2024,1,01/01/2024,St. Luke's General Hospital Kilkenny,new_ed_attendances,3652,TRUE
2024,2,01/02/2024,St. Luke's General Hospital Kilkenny,new_ed_attendances,3447,TRUE
2024,3,01/03/2024,St. Luke's General Hospital Kilkenny,new_ed_attendances,3092,TRUE
2024,4,01/04/2024,St. Luke's General Hospital Kilkenny,new_ed_attendances,3015,TRUE
2024,5,01/05/2024,St. Luke's General Hospital Kilkenny,new_ed_attendances,2805,TRUE
2024,6,01/06/2024,St. Luke's General Hospital Kilkenny,new_ed_attendances,19540,FALSE
2024,7,01/07/2024,St. Luke's General Hospital Kilkenny,new_ed_attendances,10,FALSE
2024,8,01/08/2024,St. Luke's General Hospital Kilkenny,new_ed_attendances,9,FALSE
2024,9,01/09/2024,St. Luke's General Hospital Kilkenny,new_ed_attendances,12876,FALSE
2022,1,01/01/2022,St. Luke's General Hospital Kilkenny,return_ed_attendances,391,TRUE
2022,2,01/02/2022,St. Luke's General Hospital Kilkenny,return_ed_attendances,362,TRUE
2022,3,01/03/2022,St. Luke's General Hospital Kilkenny,return_ed_attendances,360,TRUE
2022,4,01/04/2022,St. Luke's General Hospital Kilkenny,return_ed_attendances,346,TRUE
2022,5,01/05/2022,St. Luke's General Hospital Kilkenny,return_ed_attendances,342,TRUE
2022,6,01/06/2022,St. Luke's General Hospital Kilkenny,return_ed_attendances,315,TRUE
2022,7,01/07/2022,St. Luke's General Hospital Kilkenny,return_ed_attendances,323,TRUE
2022,8,01/08/2022,St. Luke's General Hospital Kilkenny,return_ed_attendances,345,TRUE
2022,9,01/09/2022,St. Luke's General Hospital Kilkenny,return_ed_attendances,328,TRUE
2022,10,01/10/2022,St. Luke's General Hospital Kilkenny,return_ed_attendances,354,TRUE
2022,11,01/11/2022,St. Luke's General Hospital Kilkenny,return_ed_attendances,377,TRUE
2022,12,01/12/2022,St. Luke's General Hospital Kilkenny,return_ed_attendances,394,TRUE
2023,1,01/01/2023,St. Luke's General Hospital Kilkenny,return_ed_attendances,417,TRUE
2023,2,01/02/2023,St. Luke's General Hospital Kilkenny,return_ed_attendances,410,TRUE
2023,3,01/03/2023,St. Luke's General Hospital Kilkenny,return_ed_attendances,349,TRUE
2023,4,01/04/2023,St. Luke's General Hospital Kilkenny,return_ed_attendances,345,TRUE
2023,5,01/05/2023,St. Luke's General Hospital Kilkenny,return_ed_attendances,346,TRUE
2023,6,01/06/2023,St. Luke's General Hospital Kilkenny,return_ed_attendances,321,TRUE
2023,7,01/07/2023,St. Luke's General Hospital Kilkenny,return_ed_attendances,338,TRUE
2023,8,01/08/2023,St. Luke's General Hospital Kilkenny,return_ed_attendances,349,TRUE
2023,9,01/09/2023,St. Luke's General Hospital Kilkenny,return_ed_attendances,355,TRUE
2023,10,01/10/2023,St. Luke's General Hospital Kilkenny,return_ed_attendances,372,TRUE
2023,11,01/11/2023,St. Luke's General Hospital Kilkenny,return_ed_attendances,377,TRUE
2023,12,01/12/2023,St. Luke's General Hospital Kilkenny,return_ed_attendances,400,TRUE
2024,1,01/01/2024,St. Luke's General Hospital Kilkenny,return_ed_attendances,446,TRUE
2024,2,01/02/2024,St. Luke's General Hospital Kilkenny,return_ed_attendances,425,TRUE
2024,3,01/03/2024,St. Luke's General Hospital Kilkenny,return_ed_attendances,383,TRUE
2024,4,01/04/2024,St. Luke's General Hospital Kilkenny,return_ed_attendances,366,TRUE
2024,5,01/05/2024,St. Luke's General Hospital Kilkenny,return_ed_attendances,360,TRUE
2024,6,01/06/2024,St. Luke's General Hospital Kilkenny,return_ed_attendances,386,FALSE
2024,7,01/07/2024,St. Luke's General Hospital Kilkenny,return_ed_attendances,351,FALSE
2024,8,01/08/2024,St. Luke's General Hospital Kilkenny,return_ed_attendances,336,FALSE
2024,9,01/09/2024,St. Luke's General Hospital Kilkenny,return_ed_attendances,356,FALSE
2022,1,01/01/2022,St. Michael's Hospital,all_emergency_presentations,1834,TRUE
2022,2,01/02/2022,St. Michael's Hospital,all_emergency_presentations,1688,TRUE
2022,3,01/03/2022,St. Michael's Hospital,all_emergency_presentations,1580,TRUE
2022,4,01/04/2022,St. Michael's Hospital,all_emergency_presentations,1473,TRUE
2022,5,01/05/2022,St. Michael's Hospital,all_emergency_presentations,1411,TRUE
2022,6,01/06/2022,St. Michael's Hospital,all_emergency_presentations,1406,TRUE
2022,7,01/07/2022,St. Michael's Hospital,all_emergency_presentations,1435,TRUE
2022,8,01/08/2022,St. Michael's Hospital,all_emergency_presentations,1357,TRUE
2022,9,01/09/2022,St. Michael's Hospital,all_emergency_presentations,1550,TRUE
2022,10,01/10/2022,St. Michael's Hospital,all_emergency_presentations,1460,TRUE
2022,11,01/11/2022,St. Michael's Hospital,all_emergency_presentations,1661,TRUE
2022,12,01/12/2022,St. Michael's Hospital,all_emergency_presentations,1727,TRUE
2023,1,01/01/2023,St. Michael's Hospital,all_emergency_presentations,1792,TRUE
2023,2,01/02/2023,St. Michael's Hospital,all_emergency_presentations,1768,TRUE
2023,3,01/03/2023,St. Michael's Hospital,all_emergency_presentations,1594,TRUE
2023,4,01/04/2023,St. Michael's Hospital,all_emergency_presentations,1529,TRUE
2023,5,01/05/2023,St. Michael's Hospital,all_emergency_presentations,1478,TRUE
2023,6,01/06/2023,St. Michael's Hospital,all_emergency_presentations,1478,TRUE
2023,7,01/07/2023,St. Michael's Hospital,all_emergency_presentations,1534,TRUE
2023,8,01/08/2023,St. Michael's Hospital,all_emergency_presentations,1571,TRUE
2023,9,01/09/2023,St. Michael's Hospital,all_emergency_presentations,1544,TRUE
2023,10,01/10/2023,St. Michael's Hospital,all_emergency_presentations,1607,TRUE
2023,11,01/11/2023,St. Michael's Hospital,all_emergency_presentations,1610,TRUE
2023,12,01/12/2023,St. Michael's Hospital,all_emergency_presentations,1716,TRUE
2024,1,01/01/2024,St. Michael's Hospital,all_emergency_presentations,2007,TRUE
2024,2,01/02/2024,St. Michael's Hospital,all_emergency_presentations,1976,TRUE
2024,3,01/03/2024,St. Michael's Hospital,all_emergency_presentations,1672,TRUE
2024,4,01/04/2024,St. Michael's Hospital,all_emergency_presentations,1591,TRUE
2024,5,01/05/2024,St. Michael's Hospital,all_emergency_presentations,1569,TRUE
2024,6,01/06/2024,St. Michael's Hospital,all_emergency_presentations,1579,FALSE
2024,7,01/07/2024,St. Michael's Hospital,all_emergency_presentations,1677,FALSE
2024,8,01/08/2024,St. Michael's Hospital,all_emergency_presentations,1661,FALSE
2024,9,01/09/2024,St. Michael's Hospital,all_emergency_presentations,1609,FALSE
2022,1,01/01/2022,St. Michael's Hospital,new_ed_attendances,203,TRUE
2022,2,01/02/2022,St. Michael's Hospital,new_ed_attendances,210,TRUE
2022,3,01/03/2022,St. Michael's Hospital,new_ed_attendances,188,TRUE
2022,4,01/04/2022,St. Michael's Hospital,new_ed_attendances,168,TRUE
2022,5,01/05/2022,St. Michael's Hospital,new_ed_attendances,167,TRUE
2022,6,01/06/2022,St. Michael's Hospital,new_ed_attendances,158,TRUE
2022,7,01/07/2022,St. Michael's Hospital,new_ed_attendances,159,TRUE
2022,8,01/08/2022,St. Michael's Hospital,new_ed_attendances,174,TRUE
2022,9,01/09/2022,St. Michael's Hospital,new_ed_attendances,187,TRUE
2022,10,01/10/2022,St. Michael's Hospital,new_ed_attendances,174,TRUE
2022,11,01/11/2022,St. Michael's Hospital,new_ed_attendances,194,TRUE
2022,12,01/12/2022,St. Michael's Hospital,new_ed_attendances,194,TRUE
2023,1,01/01/2023,St. Michael's Hospital,new_ed_attendances,287,TRUE
2023,2,01/02/2023,St. Michael's Hospital,new_ed_attendances,277,TRUE
2023,3,01/03/2023,St. Michael's Hospital,new_ed_attendances,253,TRUE
2023,4,01/04/2023,St. Michael's Hospital,new_ed_attendances,242,TRUE
2023,5,01/05/2023,St. Michael's Hospital,new_ed_attendances,229,TRUE
2023,6,01/06/2023,St. Michael's Hospital,new_ed_attendances,229,TRUE
2023,7,01/07/2023,St. Michael's Hospital,new_ed_attendances,232,TRUE
2023,8,01/08/2023,St. Michael's Hospital,new_ed_attendances,235,TRUE
2023,9,01/09/2023,St. Michael's Hospital,new_ed_attendances,240,TRUE
2023,10,01/10/2023,St. Michael's Hospital,new_ed_attendances,250,TRUE
2023,11,01/11/2023,St. Michael's Hospital,new_ed_attendances,273,TRUE
2023,12,01/12/2023,St. Michael's Hospital,new_ed_attendances,281,TRUE
2024,1,01/01/2024,St. Michael's Hospital,new_ed_attendances,875,TRUE
2024,2,01/02/2024,St. Michael's Hospital,new_ed_attendances,874,TRUE
2024,3,01/03/2024,St. Michael's Hospital,new_ed_attendances,821,TRUE
2024,4,01/04/2024,St. Michael's Hospital,new_ed_attendances,711,TRUE
2024,5,01/05/2024,St. Michael's Hospital,new_ed_attendances,738,TRUE
2024,6,01/06/2024,St. Michael's Hospital,new_ed_attendances,4948,FALSE
2024,7,01/07/2024,St. Michael's Hospital,new_ed_attendances,2,FALSE
2024,8,01/08/2024,St. Michael's Hospital,new_ed_attendances,8,FALSE
2024,9,01/09/2024,St. Michael's Hospital,new_ed_attendances,1973,FALSE
2022,1,01/01/2022,St. Michael's Hospital,return_ed_attendances,104,TRUE
2022,2,01/02/2022,St. Michael's Hospital,return_ed_attendances,111,TRUE
2022,3,01/03/2022,St. Michael's Hospital,return_ed_attendances,98,TRUE
2022,4,01/04/2022,St. Michael's Hospital,return_ed_attendances,93,TRUE
2022,5,01/05/2022,St. Michael's Hospital,return_ed_attendances,92,TRUE
2022,6,01/06/2022,St. Michael's Hospital,return_ed_attendances,83,TRUE
2022,7,01/07/2022,St. Michael's Hospital,return_ed_attendances,86,TRUE
2022,8,01/08/2022,St. Michael's Hospital,return_ed_attendances,89,TRUE
2022,9,01/09/2022,St. Michael's Hospital,return_ed_attendances,92,TRUE
2022,10,01/10/2022,St. Michael's Hospital,return_ed_attendances,102,TRUE
2022,11,01/11/2022,St. Michael's Hospital,return_ed_attendances,99,TRUE
2022,12,01/12/2022,St. Michael's Hospital,return_ed_attendances,103,TRUE
2023,1,01/01/2023,St. Michael's Hospital,return_ed_attendances,139,TRUE
2023,2,01/02/2023,St. Michael's Hospital,return_ed_attendances,129,TRUE
2023,3,01/03/2023,St. Michael's Hospital,return_ed_attendances,122,TRUE
2023,4,01/04/2023,St. Michael's Hospital,return_ed_attendances,116,TRUE
2023,5,01/05/2023,St. Michael's Hospital,return_ed_attendances,110,TRUE
2023,6,01/06/2023,St. Michael's Hospital,return_ed_attendances,107,TRUE
2023,7,01/07/2023,St. Michael's Hospital,return_ed_attendances,108,TRUE
2023,8,01/08/2023,St. Michael's Hospital,return_ed_attendances,107,TRUE
2023,9,01/09/2023,St. Michael's Hospital,return_ed_attendances,118,TRUE
2023,10,01/10/2023,St. Michael's Hospital,return_ed_attendances,127,TRUE
2023,11,01/11/2023,St. Michael's Hospital,return_ed_attendances,127,TRUE
2023,12,01/12/2023,St. Michael's Hospital,return_ed_attendances,132,TRUE
2024,1,01/01/2024,St. Michael's Hospital,return_ed_attendances,176,TRUE
2024,2,01/02/2024,St. Michael's Hospital,return_ed_attendances,160,TRUE
2024,3,01/03/2024,St. Michael's Hospital,return_ed_attendances,161,TRUE
2024,4,01/04/2024,St. Michael's Hospital,return_ed_attendances,144,TRUE
2024,5,01/05/2024,St. Michael's Hospital,return_ed_attendances,146,TRUE
2024,6,01/06/2024,St. Michael's Hospital,return_ed_attendances,141,FALSE
2024,7,01/07/2024,St. Michael's Hospital,return_ed_attendances,176,FALSE
2024,8,01/08/2024,St. Michael's Hospital,return_ed_attendances,162,FALSE
2024,9,01/09/2024,St. Michael's Hospital,return_ed_attendances,156,FALSE
2022,1,01/01/2022,St. Vincent's University Hospital,all_emergency_presentations,5974,TRUE
2022,2,01/02/2022,St. Vincent's University Hospital,all_emergency_presentations,5584,TRUE
2022,3,01/03/2022,St. Vincent's University Hospital,all_emergency_presentations,5338,TRUE
2022,4,01/04/2022,St. Vincent's University Hospital,all_emergency_presentations,4850,TRUE
2022,5,01/05/2022,St. Vincent's University Hospital,all_emergency_presentations,4767,TRUE
2022,6,01/06/2022,St. Vincent's University Hospital,all_emergency_presentations,4694,TRUE
2022,7,01/07/2022,St. Vincent's University Hospital,all_emergency_presentations,4720,TRUE
2022,8,01/08/2022,St. Vincent's University Hospital,all_emergency_presentations,4756,TRUE
2022,9,01/09/2022,St. Vincent's University Hospital,all_emergency_presentations,5004,TRUE
2022,10,01/10/2022,St. Vincent's University Hospital,all_emergency_presentations,5157,TRUE
2022,11,01/11/2022,St. Vincent's University Hospital,all_emergency_presentations,5362,TRUE
2022,12,01/12/2022,St. Vincent's University Hospital,all_emergency_presentations,5579,TRUE
2023,1,01/01/2023,St. Vincent's University Hospital,all_emergency_presentations,6508,TRUE
2023,2,01/02/2023,St. Vincent's University Hospital,all_emergency_presentations,6101,TRUE
2023,3,01/03/2023,St. Vincent's University Hospital,all_emergency_presentations,5477,TRUE
2023,4,01/04/2023,St. Vincent's University Hospital,all_emergency_presentations,5265,TRUE
2023,5,01/05/2023,St. Vincent's University Hospital,all_emergency_presentations,4950,TRUE
2023,6,01/06/2023,St. Vincent's University Hospital,all_emergency_presentations,5012,TRUE
2023,7,01/07/2023,St. Vincent's University Hospital,all_emergency_presentations,5002,TRUE
2023,8,01/08/2023,St. Vincent's University Hospital,all_emergency_presentations,5036,TRUE
2023,9,01/09/2023,St. Vincent's University Hospital,all_emergency_presentations,5334,TRUE
2023,10,01/10/2023,St. Vincent's University Hospital,all_emergency_presentations,5165,TRUE
2023,11,01/11/2023,St. Vincent's University Hospital,all_emergency_presentations,5492,TRUE
2023,12,01/12/2023,St. Vincent's University Hospital,all_emergency_presentations,5683,TRUE
2024,1,01/01/2024,St. Vincent's University Hospital,all_emergency_presentations,6539,TRUE
2024,2,01/02/2024,St. Vincent's University Hospital,all_emergency_presentations,6617,TRUE
2024,3,01/03/2024,St. Vincent's University Hospital,all_emergency_presentations,6181,TRUE
2024,4,01/04/2024,St. Vincent's University Hospital,all_emergency_presentations,5511,TRUE
2024,5,01/05/2024,St. Vincent's University Hospital,all_emergency_presentations,5320,TRUE
2024,6,01/06/2024,St. Vincent's University Hospital,all_emergency_presentations,5373,FALSE
2024,7,01/07/2024,St. Vincent's University Hospital,all_emergency_presentations,5655,FALSE
2024,8,01/08/2024,St. Vincent's University Hospital,all_emergency_presentations,5603,FALSE
2024,9,01/09/2024,St. Vincent's University Hospital,all_emergency_presentations,5579,FALSE
2022,1,01/01/2022,St. Vincent's University Hospital,new_ed_attendances,1531,TRUE
2022,2,01/02/2022,St. Vincent's University Hospital,new_ed_attendances,1535,TRUE
2022,3,01/03/2022,St. Vincent's University Hospital,new_ed_attendances,1358,TRUE
2022,4,01/04/2022,St. Vincent's University Hospital,new_ed_attendances,1227,TRUE
2022,5,01/05/2022,St. Vincent's University Hospital,new_ed_attendances,1196,TRUE
2022,6,01/06/2022,St. Vincent's University Hospital,new_ed_attendances,1219,TRUE
2022,7,01/07/2022,St. Vincent's University Hospital,new_ed_attendances,1254,TRUE
2022,8,01/08/2022,St. Vincent's University Hospital,new_ed_attendances,1236,TRUE
2022,9,01/09/2022,St. Vincent's University Hospital,new_ed_attendances,1349,TRUE
2022,10,01/10/2022,St. Vincent's University Hospital,new_ed_attendances,1295,TRUE
2022,11,01/11/2022,St. Vincent's University Hospital,new_ed_attendances,1427,TRUE
2022,12,01/12/2022,St. Vincent's University Hospital,new_ed_attendances,1428,TRUE
2023,1,01/01/2023,St. Vincent's University Hospital,new_ed_attendances,2144,TRUE
2023,2,01/02/2023,St. Vincent's University Hospital,new_ed_attendances,2115,TRUE
2023,3,01/03/2023,St. Vincent's University Hospital,new_ed_attendances,1895,TRUE
2023,4,01/04/2023,St. Vincent's University Hospital,new_ed_attendances,1795,TRUE
2023,5,01/05/2023,St. Vincent's University Hospital,new_ed_attendances,1813,TRUE
2023,6,01/06/2023,St. Vincent's University Hospital,new_ed_attendances,1675,TRUE
2023,7,01/07/2023,St. Vincent's University Hospital,new_ed_attendances,1785,TRUE
2023,8,01/08/2023,St. Vincent's University Hospital,new_ed_attendances,1719,TRUE
2023,9,01/09/2023,St. Vincent's University Hospital,new_ed_attendances,1882,TRUE
2023,10,01/10/2023,St. Vincent's University Hospital,new_ed_attendances,1991,TRUE
2023,11,01/11/2023,St. Vincent's University Hospital,new_ed_attendances,1853,TRUE
2023,12,01/12/2023,St. Vincent's University Hospital,new_ed_attendances,2026,TRUE
2024,1,01/01/2024,St. Vincent's University Hospital,new_ed_attendances,10279,TRUE
2024,2,01/02/2024,St. Vincent's University Hospital,new_ed_attendances,9702,TRUE
2024,3,01/03/2024,St. Vincent's University Hospital,new_ed_attendances,9091,TRUE
2024,4,01/04/2024,St. Vincent's University Hospital,new_ed_attendances,8239,TRUE
2024,5,01/05/2024,St. Vincent's University Hospital,new_ed_attendances,8156,TRUE
2024,6,01/06/2024,St. Vincent's University Hospital,new_ed_attendances,50946,FALSE
2024,7,01/07/2024,St. Vincent's University Hospital,new_ed_attendances,11,FALSE
2024,9,01/09/2024,St. Vincent's University Hospital,new_ed_attendances,14625,FALSE
2022,1,01/01/2022,St. Vincent's University Hospital,return_ed_attendances,153,TRUE
2022,2,01/02/2022,St. Vincent's University Hospital,return_ed_attendances,160,TRUE
2022,3,01/03/2022,St. Vincent's University Hospital,return_ed_attendances,143,TRUE
2022,4,01/04/2022,St. Vincent's University Hospital,return_ed_attendances,132,TRUE
2022,5,01/05/2022,St. Vincent's University Hospital,return_ed_attendances,127,TRUE
2022,6,01/06/2022,St. Vincent's University Hospital,return_ed_attendances,121,TRUE
2022,7,01/07/2022,St. Vincent's University Hospital,return_ed_attendances,129,TRUE
2022,8,01/08/2022,St. Vincent's University Hospital,return_ed_attendances,128,TRUE
2022,9,01/09/2022,St. Vincent's University Hospital,return_ed_attendances,125,TRUE
2022,10,01/10/2022,St. Vincent's University Hospital,return_ed_attendances,132,TRUE
2022,11,01/11/2022,St. Vincent's University Hospital,return_ed_attendances,143,TRUE
2022,12,01/12/2022,St. Vincent's University Hospital,return_ed_attendances,150,TRUE
2023,1,01/01/2023,St. Vincent's University Hospital,return_ed_attendances,153,TRUE
2023,2,01/02/2023,St. Vincent's University Hospital,return_ed_attendances,153,TRUE
2023,3,01/03/2023,St. Vincent's University Hospital,return_ed_attendances,128,TRUE
2023,4,01/04/2023,St. Vincent's University Hospital,return_ed_attendances,128,TRUE
2023,5,01/05/2023,St. Vincent's University Hospital,return_ed_attendances,117,TRUE
2023,6,01/06/2023,St. Vincent's University Hospital,return_ed_attendances,122,TRUE
2023,7,01/07/2023,St. Vincent's University Hospital,return_ed_attendances,122,TRUE
2023,8,01/08/2023,St. Vincent's University Hospital,return_ed_attendances,126,TRUE
2023,9,01/09/2023,St. Vincent's University Hospital,return_ed_attendances,126,TRUE
2023,10,01/10/2023,St. Vincent's University Hospital,return_ed_attendances,139,TRUE
2023,11,01/11/2023,St. Vincent's University Hospital,return_ed_attendances,145,TRUE
2023,12,01/12/2023,St. Vincent's University Hospital,return_ed_attendances,148,TRUE
2024,1,01/01/2024,St. Vincent's University Hospital,return_ed_attendances,149,TRUE
2024,2,01/02/2024,St. Vincent's University Hospital,return_ed_attendances,147,TRUE
2024,3,01/03/2024,St. Vincent's University Hospital,return_ed_attendances,130,TRUE
2024,4,01/04/2024,St. Vincent's University Hospital,return_ed_attendances,127,TRUE
2024,5,01/05/2024,St. Vincent's University Hospital,return_ed_attendances,126,TRUE
2024,6,01/06/2024,St. Vincent's University Hospital,return_ed_attendances,104,FALSE
2024,7,01/07/2024,St. Vincent's University Hospital,return_ed_attendances,107,FALSE
2024,8,01/08/2024,St. Vincent's University Hospital,return_ed_attendances,128,FALSE
2024,9,01/09/2024,St. Vincent's University Hospital,return_ed_attendances,111,FALSE
2022,1,01/01/2022,Tallaght University Hospital,all_emergency_presentations,4895,TRUE
2022,2,01/02/2022,Tallaght University Hospital,all_emergency_presentations,4908,TRUE
2022,3,01/03/2022,Tallaght University Hospital,all_emergency_presentations,4319,TRUE
2022,4,01/04/2022,Tallaght University Hospital,all_emergency_presentations,4327,TRUE
2022,5,01/05/2022,Tallaght University Hospital,all_emergency_presentations,3994,TRUE
2022,6,01/06/2022,Tallaght University Hospital,all_emergency_presentations,3946,TRUE
2022,7,01/07/2022,Tallaght University Hospital,all_emergency_presentations,4042,TRUE
2022,8,01/08/2022,Tallaght University Hospital,all_emergency_presentations,4061,TRUE
2022,9,01/09/2022,Tallaght University Hospital,all_emergency_presentations,4339,TRUE
2022,10,01/10/2022,Tallaght University Hospital,all_emergency_presentations,4329,TRUE
2022,11,01/11/2022,Tallaght University Hospital,all_emergency_presentations,4725,TRUE
2022,12,01/12/2022,Tallaght University Hospital,all_emergency_presentations,4582,TRUE
2023,1,01/01/2023,Tallaght University Hospital,all_emergency_presentations,5485,TRUE
2023,2,01/02/2023,Tallaght University Hospital,all_emergency_presentations,5586,TRUE
2023,3,01/03/2023,Tallaght University Hospital,all_emergency_presentations,4716,TRUE
2023,4,01/04/2023,Tallaght University Hospital,all_emergency_presentations,4446,TRUE
2023,5,01/05/2023,Tallaght University Hospital,all_emergency_presentations,4467,TRUE
2023,6,01/06/2023,Tallaght University Hospital,all_emergency_presentations,4283,TRUE
2023,7,01/07/2023,Tallaght University Hospital,all_emergency_presentations,4398,TRUE
2023,8,01/08/2023,Tallaght University Hospital,all_emergency_presentations,4511,TRUE
2023,9,01/09/2023,Tallaght University Hospital,all_emergency_presentations,4719,TRUE
2023,10,01/10/2023,Tallaght University Hospital,all_emergency_presentations,4928,TRUE
2023,11,01/11/2023,Tallaght University Hospital,all_emergency_presentations,5062,TRUE
2023,12,01/12/2023,Tallaght University Hospital,all_emergency_presentations,5149,TRUE
2024,1,01/01/2024,Tallaght University Hospital,all_emergency_presentations,6054,TRUE
2024,2,01/02/2024,Tallaght University Hospital,all_emergency_presentations,6060,TRUE
2024,3,01/03/2024,Tallaght University Hospital,all_emergency_presentations,5259,TRUE
2024,4,01/04/2024,Tallaght University Hospital,all_emergency_presentations,4784,TRUE
2024,5,01/05/2024,Tallaght University Hospital,all_emergency_presentations,4936,TRUE
2024,6,01/06/2024,Tallaght University Hospital,all_emergency_presentations,4832,FALSE
2024,7,01/07/2024,Tallaght University Hospital,all_emergency_presentations,5142,FALSE
2024,8,01/08/2024,Tallaght University Hospital,all_emergency_presentations,4885,FALSE
2024,9,01/09/2024,Tallaght University Hospital,all_emergency_presentations,5022,FALSE
2022,1,01/01/2022,Tallaght University Hospital,new_ed_attendances,1382,TRUE
2022,2,01/02/2022,Tallaght University Hospital,new_ed_attendances,1240,TRUE
2022,3,01/03/2022,Tallaght University Hospital,new_ed_attendances,1158,TRUE
2022,4,01/04/2022,Tallaght University Hospital,new_ed_attendances,1130,TRUE
2022,5,01/05/2022,Tallaght University Hospital,new_ed_attendances,1095,TRUE
2022,6,01/06/2022,Tallaght University Hospital,new_ed_attendances,1060,TRUE
2022,7,01/07/2022,Tallaght University Hospital,new_ed_attendances,1190,TRUE
2022,8,01/08/2022,Tallaght University Hospital,new_ed_attendances,1108,TRUE
2022,9,01/09/2022,Tallaght University Hospital,new_ed_attendances,1174,TRUE
2022,10,01/10/2022,Tallaght University Hospital,new_ed_attendances,1203,TRUE
2022,11,01/11/2022,Tallaght University Hospital,new_ed_attendances,1250,TRUE
2022,12,01/12/2022,Tallaght University Hospital,new_ed_attendances,1259,TRUE
2023,1,01/01/2023,Tallaght University Hospital,new_ed_attendances,1918,TRUE
2023,2,01/02/2023,Tallaght University Hospital,new_ed_attendances,1770,TRUE
2023,3,01/03/2023,Tallaght University Hospital,new_ed_attendances,1657,TRUE
2023,4,01/04/2023,Tallaght University Hospital,new_ed_attendances,1535,TRUE
2023,5,01/05/2023,Tallaght University Hospital,new_ed_attendances,1513,TRUE
2023,6,01/06/2023,Tallaght University Hospital,new_ed_attendances,1563,TRUE
2023,7,01/07/2023,Tallaght University Hospital,new_ed_attendances,1410,TRUE
2023,8,01/08/2023,Tallaght University Hospital,new_ed_attendances,1557,TRUE
2023,9,01/09/2023,Tallaght University Hospital,new_ed_attendances,1512,TRUE
2023,10,01/10/2023,Tallaght University Hospital,new_ed_attendances,1614,TRUE
2023,11,01/11/2023,Tallaght University Hospital,new_ed_attendances,1772,TRUE
2023,12,01/12/2023,Tallaght University Hospital,new_ed_attendances,1783,TRUE
2024,1,01/01/2024,Tallaght University Hospital,new_ed_attendances,7642,TRUE
2024,2,01/02/2024,Tallaght University Hospital,new_ed_attendances,7466,TRUE
2024,3,01/03/2024,Tallaght University Hospital,new_ed_attendances,7170,TRUE
2024,4,01/04/2024,Tallaght University Hospital,new_ed_attendances,6415,TRUE
2024,5,01/05/2024,Tallaght University Hospital,new_ed_attendances,6399,TRUE
2024,6,01/06/2024,Tallaght University Hospital,new_ed_attendances,42745,FALSE
2024,7,01/07/2024,Tallaght University Hospital,new_ed_attendances,8,FALSE
2024,8,01/08/2024,Tallaght University Hospital,new_ed_attendances,6,FALSE
2024,9,01/09/2024,Tallaght University Hospital,new_ed_attendances,12631,FALSE
2022,1,01/01/2022,Tallaght University Hospital,return_ed_attendances,650,TRUE
2022,2,01/02/2022,Tallaght University Hospital,return_ed_attendances,621,TRUE
2022,3,01/03/2022,Tallaght University Hospital,return_ed_attendances,569,TRUE
2022,4,01/04/2022,Tallaght University Hospital,return_ed_attendances,546,TRUE
2022,5,01/05/2022,Tallaght University Hospital,return_ed_attendances,500,TRUE
2022,6,01/06/2022,Tallaght University Hospital,return_ed_attendances,519,TRUE
2022,7,01/07/2022,Tallaght University Hospital,return_ed_attendances,512,TRUE
2022,8,01/08/2022,Tallaght University Hospital,return_ed_attendances,512,TRUE
2022,9,01/09/2022,Tallaght University Hospital,return_ed_attendances,544,TRUE
2022,10,01/10/2022,Tallaght University Hospital,return_ed_attendances,590,TRUE
2022,11,01/11/2022,Tallaght University Hospital,return_ed_attendances,586,TRUE
2022,12,01/12/2022,Tallaght University Hospital,return_ed_attendances,624,TRUE
2023,1,01/01/2023,Tallaght University Hospital,return_ed_attendances,688,TRUE
2023,2,01/02/2023,Tallaght University Hospital,return_ed_attendances,695,TRUE
2023,3,01/03/2023,Tallaght University Hospital,return_ed_attendances,639,TRUE
2023,4,01/04/2023,Tallaght University Hospital,return_ed_attendances,617,TRUE
2023,5,01/05/2023,Tallaght University Hospital,return_ed_attendances,563,TRUE
2023,6,01/06/2023,Tallaght University Hospital,return_ed_attendances,559,TRUE
2023,7,01/07/2023,Tallaght University Hospital,return_ed_attendances,562,TRUE
2023,8,01/08/2023,Tallaght University Hospital,return_ed_attendances,594,TRUE
2023,9,01/09/2023,Tallaght University Hospital,return_ed_attendances,583,TRUE
2023,10,01/10/2023,Tallaght University Hospital,return_ed_attendances,628,TRUE
2023,11,01/11/2023,Tallaght University Hospital,return_ed_attendances,640,TRUE
2023,12,01/12/2023,Tallaght University Hospital,return_ed_attendances,666,TRUE
2024,1,01/01/2024,Tallaght University Hospital,return_ed_attendances,762,TRUE
2024,2,01/02/2024,Tallaght University Hospital,return_ed_attendances,740,TRUE
2024,3,01/03/2024,Tallaght University Hospital,return_ed_attendances,674,TRUE
2024,4,01/04/2024,Tallaght University Hospital,return_ed_attendances,635,TRUE
2024,5,01/05/2024,Tallaght University Hospital,return_ed_attendances,641,TRUE
2024,6,01/06/2024,Tallaght University Hospital,return_ed_attendances,649,FALSE
2024,7,01/07/2024,Tallaght University Hospital,return_ed_attendances,650,FALSE
2024,8,01/08/2024,Tallaght University Hospital,return_ed_attendances,625,FALSE
2024,9,01/09/2024,Tallaght University Hospital,return_ed_attendances,673,FALSE
2022,1,01/01/2022,Tipperary University Hospital,all_emergency_presentations,4194,TRUE
2022,2,01/02/2022,Tipperary University Hospital,all_emergency_presentations,4313,TRUE
2022,3,01/03/2022,Tipperary University Hospital,all_emergency_presentations,3845,TRUE
2022,4,01/04/2022,Tipperary University Hospital,all_emergency_presentations,3589,TRUE
2022,5,01/05/2022,Tipperary University Hospital,all_emergency_presentations,3592,TRUE
2022,6,01/06/2022,Tipperary University Hospital,all_emergency_presentations,3432,TRUE
2022,7,01/07/2022,Tipperary University Hospital,all_emergency_presentations,3531,TRUE
2022,8,01/08/2022,Tipperary University Hospital,all_emergency_presentations,3648,TRUE
2022,9,01/09/2022,Tipperary University Hospital,all_emergency_presentations,3656,TRUE
2022,10,01/10/2022,Tipperary University Hospital,all_emergency_presentations,3734,TRUE
2022,11,01/11/2022,Tipperary University Hospital,all_emergency_presentations,3859,TRUE
2022,12,01/12/2022,Tipperary University Hospital,all_emergency_presentations,4034,TRUE
2023,1,01/01/2023,Tipperary University Hospital,all_emergency_presentations,4976,TRUE
2023,2,01/02/2023,Tipperary University Hospital,all_emergency_presentations,4582,TRUE
2023,3,01/03/2023,Tipperary University Hospital,all_emergency_presentations,3903,TRUE
2023,4,01/04/2023,Tipperary University Hospital,all_emergency_presentations,3646,TRUE
2023,5,01/05/2023,Tipperary University Hospital,all_emergency_presentations,3734,TRUE
2023,6,01/06/2023,Tipperary University Hospital,all_emergency_presentations,3623,TRUE
2023,7,01/07/2023,Tipperary University Hospital,all_emergency_presentations,3702,TRUE
2023,8,01/08/2023,Tipperary University Hospital,all_emergency_presentations,3691,TRUE
2023,9,01/09/2023,Tipperary University Hospital,all_emergency_presentations,3860,TRUE
2023,10,01/10/2023,Tipperary University Hospital,all_emergency_presentations,4030,TRUE
2023,11,01/11/2023,Tipperary University Hospital,all_emergency_presentations,4195,TRUE
2023,12,01/12/2023,Tipperary University Hospital,all_emergency_presentations,4050,TRUE
2024,1,01/01/2024,Tipperary University Hospital,all_emergency_presentations,4763,TRUE
2024,2,01/02/2024,Tipperary University Hospital,all_emergency_presentations,4515,TRUE
2024,3,01/03/2024,Tipperary University Hospital,all_emergency_presentations,4290,TRUE
2024,4,01/04/2024,Tipperary University Hospital,all_emergency_presentations,4340,TRUE
2024,5,01/05/2024,Tipperary University Hospital,all_emergency_presentations,3904,TRUE
2024,6,01/06/2024,Tipperary University Hospital,all_emergency_presentations,3892,FALSE
2024,7,01/07/2024,Tipperary University Hospital,all_emergency_presentations,4010,FALSE
2024,8,01/08/2024,Tipperary University Hospital,all_emergency_presentations,3798,FALSE
2024,9,01/09/2024,Tipperary University Hospital,all_emergency_presentations,4049,FALSE
2022,1,01/01/2022,Tipperary University Hospital,new_ed_attendances,823,TRUE
2022,2,01/02/2022,Tipperary University Hospital,new_ed_attendances,919,TRUE
2022,3,01/03/2022,Tipperary University Hospital,new_ed_attendances,759,TRUE
2022,4,01/04/2022,Tipperary University Hospital,new_ed_attendances,703,TRUE
2022,5,01/05/2022,Tipperary University Hospital,new_ed_attendances,739,TRUE
2022,6,01/06/2022,Tipperary University Hospital,new_ed_attendances,745,TRUE
2022,7,01/07/2022,Tipperary University Hospital,new_ed_attendances,738,TRUE
2022,8,01/08/2022,Tipperary University Hospital,new_ed_attendances,736,TRUE
2022,9,01/09/2022,Tipperary University Hospital,new_ed_attendances,768,TRUE
2022,10,01/10/2022,Tipperary University Hospital,new_ed_attendances,797,TRUE
2022,11,01/11/2022,Tipperary University Hospital,new_ed_attendances,833,TRUE
2022,12,01/12/2022,Tipperary University Hospital,new_ed_attendances,852,TRUE
2023,1,01/01/2023,Tipperary University Hospital,new_ed_attendances,1250,TRUE
2023,2,01/02/2023,Tipperary University Hospital,new_ed_attendances,1202,TRUE
2023,3,01/03/2023,Tipperary University Hospital,new_ed_attendances,1084,TRUE
2023,4,01/04/2023,Tipperary University Hospital,new_ed_attendances,1026,TRUE
2023,5,01/05/2023,Tipperary University Hospital,new_ed_attendances,952,TRUE
2023,6,01/06/2023,Tipperary University Hospital,new_ed_attendances,969,TRUE
2023,7,01/07/2023,Tipperary University Hospital,new_ed_attendances,963,TRUE
2023,8,01/08/2023,Tipperary University Hospital,new_ed_attendances,980,TRUE
2023,9,01/09/2023,Tipperary University Hospital,new_ed_attendances,1062,TRUE
2023,10,01/10/2023,Tipperary University Hospital,new_ed_attendances,1133,TRUE
2023,11,01/11/2023,Tipperary University Hospital,new_ed_attendances,1172,TRUE
2023,12,01/12/2023,Tipperary University Hospital,new_ed_attendances,1127,TRUE
2024,1,01/01/2024,Tipperary University Hospital,new_ed_attendances,3070,TRUE
2024,2,01/02/2024,Tipperary University Hospital,new_ed_attendances,3143,TRUE
2024,3,01/03/2024,Tipperary University Hospital,new_ed_attendances,2732,TRUE
2024,4,01/04/2024,Tipperary University Hospital,new_ed_attendances,2610,TRUE
2024,5,01/05/2024,Tipperary University Hospital,new_ed_attendances,2589,TRUE
2024,6,01/06/2024,Tipperary University Hospital,new_ed_attendances,15249,FALSE
2024,9,01/09/2024,Tipperary University Hospital,new_ed_attendances,8463,FALSE
2022,1,01/01/2022,Tipperary University Hospital,return_ed_attendances,540,TRUE
2022,2,01/02/2022,Tipperary University Hospital,return_ed_attendances,520,TRUE
2022,3,01/03/2022,Tipperary University Hospital,return_ed_attendances,486,TRUE
2022,4,01/04/2022,Tipperary University Hospital,return_ed_attendances,469,TRUE
2022,5,01/05/2022,Tipperary University Hospital,return_ed_attendances,447,TRUE
2022,6,01/06/2022,Tipperary University Hospital,return_ed_attendances,408,TRUE
2022,7,01/07/2022,Tipperary University Hospital,return_ed_attendances,449,TRUE
2022,8,01/08/2022,Tipperary University Hospital,return_ed_attendances,444,TRUE
2022,9,01/09/2022,Tipperary University Hospital,return_ed_attendances,468,TRUE
2022,10,01/10/2022,Tipperary University Hospital,return_ed_attendances,493,TRUE
2022,11,01/11/2022,Tipperary University Hospital,return_ed_attendances,479,TRUE
2022,12,01/12/2022,Tipperary University Hospital,return_ed_attendances,513,TRUE
2023,1,01/01/2023,Tipperary University Hospital,return_ed_attendances,564,TRUE
2023,2,01/02/2023,Tipperary University Hospital,return_ed_attendances,528,TRUE
2023,3,01/03/2023,Tipperary University Hospital,return_ed_attendances,515,TRUE
2023,4,01/04/2023,Tipperary University Hospital,return_ed_attendances,512,TRUE
2023,5,01/05/2023,Tipperary University Hospital,return_ed_attendances,436,TRUE
2023,6,01/06/2023,Tipperary University Hospital,return_ed_attendances,446,TRUE
2023,7,01/07/2023,Tipperary University Hospital,return_ed_attendances,465,TRUE
2023,8,01/08/2023,Tipperary University Hospital,return_ed_attendances,468,TRUE
2023,9,01/09/2023,Tipperary University Hospital,return_ed_attendances,484,TRUE
2023,10,01/10/2023,Tipperary University Hospital,return_ed_attendances,481,TRUE
2023,11,01/11/2023,Tipperary University Hospital,return_ed_attendances,528,TRUE
2023,12,01/12/2023,Tipperary University Hospital,return_ed_attendances,532,TRUE
2024,1,01/01/2024,Tipperary University Hospital,return_ed_attendances,567,TRUE
2024,2,01/02/2024,Tipperary University Hospital,return_ed_attendances,607,TRUE
2024,3,01/03/2024,Tipperary University Hospital,return_ed_attendances,556,TRUE
2024,4,01/04/2024,Tipperary University Hospital,return_ed_attendances,505,TRUE
2024,5,01/05/2024,Tipperary University Hospital,return_ed_attendances,492,TRUE
2024,6,01/06/2024,Tipperary University Hospital,return_ed_attendances,509,FALSE
2024,7,01/07/2024,Tipperary University Hospital,return_ed_attendances,546,FALSE
2024,8,01/08/2024,Tipperary University Hospital,return_ed_attendances,486,FALSE
2024,9,01/09/2024,Tipperary University Hospital,return_ed_attendances,502,FALSE
2022,1,01/01/2022,Total Children's Health Ireland,return_ed_attendances,293,TRUE
2022,2,01/02/2022,Total Children's Health Ireland,return_ed_attendances,286,TRUE
2022,3,01/03/2022,Total Children's Health Ireland,return_ed_attendances,252,TRUE
2022,4,01/04/2022,Total Children's Health Ireland,return_ed_attendances,239,TRUE
2022,5,01/05/2022,Total Children's Health Ireland,return_ed_attendances,225,TRUE
2022,6,01/06/2022,Total Children's Health Ireland,return_ed_attendances,208,TRUE
2022,7,01/07/2022,Total Children's Health Ireland,return_ed_attendances,231,TRUE
2022,8,01/08/2022,Total Children's Health Ireland,return_ed_attendances,239,TRUE
2022,9,01/09/2022,Total Children's Health Ireland,return_ed_attendances,246,TRUE
2022,10,01/10/2022,Total Children's Health Ireland,return_ed_attendances,237,TRUE
2022,11,01/11/2022,Total Children's Health Ireland,return_ed_attendances,261,TRUE
2022,12,01/12/2022,Total Children's Health Ireland,return_ed_attendances,256,TRUE
2023,1,01/01/2023,Total Children's Health Ireland,return_ed_attendances,421,TRUE
2023,2,01/02/2023,Total Children's Health Ireland,return_ed_attendances,378,TRUE
2023,3,01/03/2023,Total Children's Health Ireland,return_ed_attendances,373,TRUE
2023,4,01/04/2023,Total Children's Health Ireland,return_ed_attendances,345,TRUE
2023,5,01/05/2023,Total Children's Health Ireland,return_ed_attendances,316,TRUE
2023,6,01/06/2023,Total Children's Health Ireland,return_ed_attendances,304,TRUE
2023,7,01/07/2023,Total Children's Health Ireland,return_ed_attendances,325,TRUE
2023,8,01/08/2023,Total Children's Health Ireland,return_ed_attendances,320,TRUE
2023,9,01/09/2023,Total Children's Health Ireland,return_ed_attendances,343,TRUE
2023,10,01/10/2023,Total Children's Health Ireland,return_ed_attendances,348,TRUE
2023,11,01/11/2023,Total Children's Health Ireland,return_ed_attendances,350,TRUE
2023,12,01/12/2023,Total Children's Health Ireland,return_ed_attendances,358,TRUE
2024,1,01/01/2024,Total Children's Health Ireland,return_ed_attendances,596,TRUE
2024,2,01/02/2024,Total Children's Health Ireland,return_ed_attendances,563,TRUE
2024,3,01/03/2024,Total Children's Health Ireland,return_ed_attendances,518,TRUE
2024,4,01/04/2024,Total Children's Health Ireland,return_ed_attendances,502,TRUE
2024,5,01/05/2024,Total Children's Health Ireland,return_ed_attendances,494,TRUE
2024,6,01/06/2024,Total Children's Health Ireland,return_ed_attendances,409,FALSE
2024,7,01/07/2024,Total Children's Health Ireland,return_ed_attendances,915,FALSE
2024,8,01/08/2024,Total Children's Health Ireland,return_ed_attendances,10,FALSE
2024,9,01/09/2024,Total Children's Health Ireland,return_ed_attendances,5115,FALSE
2022,1,01/01/2022,Total Dublin Midlands Hospital Group,return_ed_attendances,935,TRUE
2022,2,01/02/2022,Total Dublin Midlands Hospital Group,return_ed_attendances,902,TRUE
2022,3,01/03/2022,Total Dublin Midlands Hospital Group,return_ed_attendances,852,TRUE
2022,4,01/04/2022,Total Dublin Midlands Hospital Group,return_ed_attendances,751,TRUE
2022,5,01/05/2022,Total Dublin Midlands Hospital Group,return_ed_attendances,764,TRUE
2022,6,01/06/2022,Total Dublin Midlands Hospital Group,return_ed_attendances,747,TRUE
2022,7,01/07/2022,Total Dublin Midlands Hospital Group,return_ed_attendances,766,TRUE
2022,8,01/08/2022,Total Dublin Midlands Hospital Group,return_ed_attendances,723,TRUE
2022,9,01/09/2022,Total Dublin Midlands Hospital Group,return_ed_attendances,781,TRUE
2022,10,01/10/2022,Total Dublin Midlands Hospital Group,return_ed_attendances,801,TRUE
2022,11,01/11/2022,Total Dublin Midlands Hospital Group,return_ed_attendances,866,TRUE
2022,12,01/12/2022,Total Dublin Midlands Hospital Group,return_ed_attendances,908,TRUE
2023,1,01/01/2023,Total Dublin Midlands Hospital Group,return_ed_attendances,1379,TRUE
2023,2,01/02/2023,Total Dublin Midlands Hospital Group,return_ed_attendances,1256,TRUE
2023,3,01/03/2023,Total Dublin Midlands Hospital Group,return_ed_attendances,1157,TRUE
2023,4,01/04/2023,Total Dublin Midlands Hospital Group,return_ed_attendances,1134,TRUE
2023,5,01/05/2023,Total Dublin Midlands Hospital Group,return_ed_attendances,1072,TRUE
2023,6,01/06/2023,Total Dublin Midlands Hospital Group,return_ed_attendances,1068,TRUE
2023,7,01/07/2023,Total Dublin Midlands Hospital Group,return_ed_attendances,1061,TRUE
2023,8,01/08/2023,Total Dublin Midlands Hospital Group,return_ed_attendances,1037,TRUE
2023,9,01/09/2023,Total Dublin Midlands Hospital Group,return_ed_attendances,1074,TRUE
2023,10,01/10/2023,Total Dublin Midlands Hospital Group,return_ed_attendances,1099,TRUE
2023,11,01/11/2023,Total Dublin Midlands Hospital Group,return_ed_attendances,1232,TRUE
2023,12,01/12/2023,Total Dublin Midlands Hospital Group,return_ed_attendances,1298,TRUE
2024,1,01/01/2024,Total Dublin Midlands Hospital Group,return_ed_attendances,2086,TRUE
2024,2,01/02/2024,Total Dublin Midlands Hospital Group,return_ed_attendances,1957,TRUE
2024,3,01/03/2024,Total Dublin Midlands Hospital Group,return_ed_attendances,1820,TRUE
2024,4,01/04/2024,Total Dublin Midlands Hospital Group,return_ed_attendances,1613,TRUE
2024,5,01/05/2024,Total Dublin Midlands Hospital Group,return_ed_attendances,1536,TRUE
2024,6,01/06/2024,Total Dublin Midlands Hospital Group,return_ed_attendances,1648,FALSE
2024,7,01/07/2024,Total Dublin Midlands Hospital Group,return_ed_attendances,3339,FALSE
2024,8,01/08/2024,Total Dublin Midlands Hospital Group,return_ed_attendances,12,FALSE
2024,9,01/09/2024,Total Dublin Midlands Hospital Group,return_ed_attendances,16551,FALSE
2022,1,01/01/2022,Total Ireland East Hospital Group,return_ed_attendances,893,TRUE
2022,2,01/02/2022,Total Ireland East Hospital Group,return_ed_attendances,852,TRUE
2022,3,01/03/2022,Total Ireland East Hospital Group,return_ed_attendances,777,TRUE
2022,4,01/04/2022,Total Ireland East Hospital Group,return_ed_attendances,731,TRUE
2022,5,01/05/2022,Total Ireland East Hospital Group,return_ed_attendances,708,TRUE
2022,6,01/06/2022,Total Ireland East Hospital Group,return_ed_attendances,705,TRUE
2022,7,01/07/2022,Total Ireland East Hospital Group,return_ed_attendances,720,TRUE
2022,8,01/08/2022,Total Ireland East Hospital Group,return_ed_attendances,720,TRUE
2022,9,01/09/2022,Total Ireland East Hospital Group,return_ed_attendances,756,TRUE
2022,10,01/10/2022,Total Ireland East Hospital Group,return_ed_attendances,772,TRUE
2022,11,01/11/2022,Total Ireland East Hospital Group,return_ed_attendances,786,TRUE
2022,12,01/12/2022,Total Ireland East Hospital Group,return_ed_attendances,845,TRUE
2023,1,01/01/2023,Total Ireland East Hospital Group,return_ed_attendances,1168,TRUE
2023,2,01/02/2023,Total Ireland East Hospital Group,return_ed_attendances,1215,TRUE
2023,3,01/03/2023,Total Ireland East Hospital Group,return_ed_attendances,1046,TRUE
2023,4,01/04/2023,Total Ireland East Hospital Group,return_ed_attendances,1021,TRUE
2023,5,01/05/2023,Total Ireland East Hospital Group,return_ed_attendances,956,TRUE
2023,6,01/06/2023,Total Ireland East Hospital Group,return_ed_attendances,966,TRUE
2023,7,01/07/2023,Total Ireland East Hospital Group,return_ed_attendances,970,TRUE
2023,8,01/08/2023,Total Ireland East Hospital Group,return_ed_attendances,944,TRUE
2023,9,01/09/2023,Total Ireland East Hospital Group,return_ed_attendances,1046,TRUE
2023,10,01/10/2023,Total Ireland East Hospital Group,return_ed_attendances,1045,TRUE
2023,11,01/11/2023,Total Ireland East Hospital Group,return_ed_attendances,1145,TRUE
2023,12,01/12/2023,Total Ireland East Hospital Group,return_ed_attendances,1157,TRUE
2024,1,01/01/2024,Total Ireland East Hospital Group,return_ed_attendances,1813,TRUE
2024,2,01/02/2024,Total Ireland East Hospital Group,return_ed_attendances,1681,TRUE
2024,3,01/03/2024,Total Ireland East Hospital Group,return_ed_attendances,1566,TRUE
2024,4,01/04/2024,Total Ireland East Hospital Group,return_ed_attendances,1467,TRUE
2024,5,01/05/2024,Total Ireland East Hospital Group,return_ed_attendances,1479,TRUE
2024,6,01/06/2024,Total Ireland East Hospital Group,return_ed_attendances,1269,FALSE
2024,7,01/07/2024,Total Ireland East Hospital Group,return_ed_attendances,3289,FALSE
2024,8,01/08/2024,Total Ireland East Hospital Group,return_ed_attendances,10,FALSE
2024,9,01/09/2024,Total Ireland East Hospital Group,return_ed_attendances,14888,FALSE
2022,1,01/01/2022,Total RCSI Hospitals Group,return_ed_attendances,1198,TRUE
2022,2,01/02/2022,Total RCSI Hospitals Group,return_ed_attendances,1075,TRUE
2022,3,01/03/2022,Total RCSI Hospitals Group,return_ed_attendances,1047,TRUE
2022,4,01/04/2022,Total RCSI Hospitals Group,return_ed_attendances,885,TRUE
2022,5,01/05/2022,Total RCSI Hospitals Group,return_ed_attendances,885,TRUE
2022,6,01/06/2022,Total RCSI Hospitals Group,return_ed_attendances,863,TRUE
2022,7,01/07/2022,Total RCSI Hospitals Group,return_ed_attendances,871,TRUE
2022,8,01/08/2022,Total RCSI Hospitals Group,return_ed_attendances,884,TRUE
2022,9,01/09/2022,Total RCSI Hospitals Group,return_ed_attendances,978,TRUE
2022,10,01/10/2022,Total RCSI Hospitals Group,return_ed_attendances,989,TRUE
2022,11,01/11/2022,Total RCSI Hospitals Group,return_ed_attendances,1056,TRUE
2022,12,01/12/2022,Total RCSI Hospitals Group,return_ed_attendances,1105,TRUE
2023,1,01/01/2023,Total RCSI Hospitals Group,return_ed_attendances,1609,TRUE
2023,2,01/02/2023,Total RCSI Hospitals Group,return_ed_attendances,1573,TRUE
2023,3,01/03/2023,Total RCSI Hospitals Group,return_ed_attendances,1418,TRUE
2023,4,01/04/2023,Total RCSI Hospitals Group,return_ed_attendances,1279,TRUE
2023,5,01/05/2023,Total RCSI Hospitals Group,return_ed_attendances,1326,TRUE
2023,6,01/06/2023,Total RCSI Hospitals Group,return_ed_attendances,1223,TRUE
2023,7,01/07/2023,Total RCSI Hospitals Group,return_ed_attendances,1236,TRUE
2023,8,01/08/2023,Total RCSI Hospitals Group,return_ed_attendances,1292,TRUE
2023,9,01/09/2023,Total RCSI Hospitals Group,return_ed_attendances,1316,TRUE
2023,10,01/10/2023,Total RCSI Hospitals Group,return_ed_attendances,1376,TRUE
2023,11,01/11/2023,Total RCSI Hospitals Group,return_ed_attendances,1476,TRUE
2023,12,01/12/2023,Total RCSI Hospitals Group,return_ed_attendances,1531,TRUE
2024,1,01/01/2024,Total RCSI Hospitals Group,return_ed_attendances,2199,TRUE
2024,2,01/02/2024,Total RCSI Hospitals Group,return_ed_attendances,2151,TRUE
2024,3,01/03/2024,Total RCSI Hospitals Group,return_ed_attendances,2076,TRUE
2024,4,01/04/2024,Total RCSI Hospitals Group,return_ed_attendances,1905,TRUE
2024,5,01/05/2024,Total RCSI Hospitals Group,return_ed_attendances,1933,TRUE
2024,6,01/06/2024,Total RCSI Hospitals Group,return_ed_attendances,1001,FALSE
2024,7,01/07/2024,Total RCSI Hospitals Group,return_ed_attendances,3471,FALSE
2024,8,01/08/2024,Total RCSI Hospitals Group,return_ed_attendances,6,FALSE
2024,9,01/09/2024,Total RCSI Hospitals Group,return_ed_attendances,18896,FALSE
2022,1,01/01/2022,Total Saolta University Hospital Care,return_ed_attendances,824,TRUE
2022,2,01/02/2022,Total Saolta University Hospital Care,return_ed_attendances,795,TRUE
2022,3,01/03/2022,Total Saolta University Hospital Care,return_ed_attendances,678,TRUE
2022,4,01/04/2022,Total Saolta University Hospital Care,return_ed_attendances,676,TRUE
2022,5,01/05/2022,Total Saolta University Hospital Care,return_ed_attendances,639,TRUE
2022,6,01/06/2022,Total Saolta University Hospital Care,return_ed_attendances,610,TRUE
2022,7,01/07/2022,Total Saolta University Hospital Care,return_ed_attendances,637,TRUE
2022,8,01/08/2022,Total Saolta University Hospital Care,return_ed_attendances,666,TRUE
2022,9,01/09/2022,Total Saolta University Hospital Care,return_ed_attendances,684,TRUE
2022,10,01/10/2022,Total Saolta University Hospital Care,return_ed_attendances,676,TRUE
2022,11,01/11/2022,Total Saolta University Hospital Care,return_ed_attendances,744,TRUE
2022,12,01/12/2022,Total Saolta University Hospital Care,return_ed_attendances,741,TRUE
2023,1,01/01/2023,Total Saolta University Hospital Care,return_ed_attendances,1121,TRUE
2023,2,01/02/2023,Total Saolta University Hospital Care,return_ed_attendances,1066,TRUE
2023,3,01/03/2023,Total Saolta University Hospital Care,return_ed_attendances,985,TRUE
2023,4,01/04/2023,Total Saolta University Hospital Care,return_ed_attendances,946,TRUE
2023,5,01/05/2023,Total Saolta University Hospital Care,return_ed_attendances,869,TRUE
2023,6,01/06/2023,Total Saolta University Hospital Care,return_ed_attendances,919,TRUE
2023,7,01/07/2023,Total Saolta University Hospital Care,return_ed_attendances,839,TRUE
2023,8,01/08/2023,Total Saolta University Hospital Care,return_ed_attendances,890,TRUE
2023,9,01/09/2023,Total Saolta University Hospital Care,return_ed_attendances,954,TRUE
2023,10,01/10/2023,Total Saolta University Hospital Care,return_ed_attendances,989,TRUE
2023,11,01/11/2023,Total Saolta University Hospital Care,return_ed_attendances,1016,TRUE
2023,12,01/12/2023,Total Saolta University Hospital Care,return_ed_attendances,1055,TRUE
2024,1,01/01/2024,Total Saolta University Hospital Care,return_ed_attendances,1581,TRUE
2024,2,01/02/2024,Total Saolta University Hospital Care,return_ed_attendances,1498,TRUE
2024,3,01/03/2024,Total Saolta University Hospital Care,return_ed_attendances,1447,TRUE
2024,4,01/04/2024,Total Saolta University Hospital Care,return_ed_attendances,1329,TRUE
2024,5,01/05/2024,Total Saolta University Hospital Care,return_ed_attendances,1290,TRUE
2024,6,01/06/2024,Total Saolta University Hospital Care,return_ed_attendances,582,FALSE
2024,7,01/07/2024,Total Saolta University Hospital Care,return_ed_attendances,2656,FALSE
2024,8,01/08/2024,Total Saolta University Hospital Care,return_ed_attendances,5,FALSE
2024,9,01/09/2024,Total Saolta University Hospital Care,return_ed_attendances,13227,FALSE
2022,1,01/01/2022,Total South/South West Hospital Group,return_ed_attendances,624,TRUE
2022,2,01/02/2022,Total South/South West Hospital Group,return_ed_attendances,620,TRUE
2022,3,01/03/2022,Total South/South West Hospital Group,return_ed_attendances,567,TRUE
2022,4,01/04/2022,Total South/South West Hospital Group,return_ed_attendances,518,TRUE
2022,5,01/05/2022,Total South/South West Hospital Group,return_ed_attendances,523,TRUE
2022,6,01/06/2022,Total South/South West Hospital Group,return_ed_attendances,493,TRUE
2022,7,01/07/2022,Total South/South West Hospital Group,return_ed_attendances,522,TRUE
2022,8,01/08/2022,Total South/South West Hospital Group,return_ed_attendances,506,TRUE
2022,9,01/09/2022,Total South/South West Hospital Group,return_ed_attendances,573,TRUE
2022,10,01/10/2022,Total South/South West Hospital Group,return_ed_attendances,546,TRUE
2022,11,01/11/2022,Total South/South West Hospital Group,return_ed_attendances,592,TRUE
2022,12,01/12/2022,Total South/South West Hospital Group,return_ed_attendances,625,TRUE
2023,1,01/01/2023,Total South/South West Hospital Group,return_ed_attendances,885,TRUE
2023,2,01/02/2023,Total South/South West Hospital Group,return_ed_attendances,892,TRUE
2023,3,01/03/2023,Total South/South West Hospital Group,return_ed_attendances,771,TRUE
2023,4,01/04/2023,Total South/South West Hospital Group,return_ed_attendances,780,TRUE
2023,5,01/05/2023,Total South/South West Hospital Group,return_ed_attendances,725,TRUE
2023,6,01/06/2023,Total South/South West Hospital Group,return_ed_attendances,689,TRUE
2023,7,01/07/2023,Total South/South West Hospital Group,return_ed_attendances,710,TRUE
2023,8,01/08/2023,Total South/South West Hospital Group,return_ed_attendances,750,TRUE
2023,9,01/09/2023,Total South/South West Hospital Group,return_ed_attendances,749,TRUE
2023,10,01/10/2023,Total South/South West Hospital Group,return_ed_attendances,768,TRUE
2023,11,01/11/2023,Total South/South West Hospital Group,return_ed_attendances,818,TRUE
2023,12,01/12/2023,Total South/South West Hospital Group,return_ed_attendances,824,TRUE
2024,1,01/01/2024,Total South/South West Hospital Group,return_ed_attendances,1391,TRUE
2024,2,01/02/2024,Total South/South West Hospital Group,return_ed_attendances,1253,TRUE
2024,3,01/03/2024,Total South/South West Hospital Group,return_ed_attendances,1203,TRUE
2024,4,01/04/2024,Total South/South West Hospital Group,return_ed_attendances,1103,TRUE
2024,5,01/05/2024,Total South/South West Hospital Group,return_ed_attendances,1031,TRUE
2024,6,01/06/2024,Total South/South West Hospital Group,return_ed_attendances,911,FALSE
2024,7,01/07/2024,Total South/South West Hospital Group,return_ed_attendances,2422,FALSE
2024,8,01/08/2024,Total South/South West Hospital Group,return_ed_attendances,10,FALSE
2024,9,01/09/2024,Total South/South West Hospital Group,return_ed_attendances,11307,FALSE
2022,1,01/01/2022,Total University of Limerick Hospital Group,return_ed_attendances,367,TRUE
2022,2,01/02/2022,Total University of Limerick Hospital Group,return_ed_attendances,363,TRUE
2022,3,01/03/2022,Total University of Limerick Hospital Group,return_ed_attendances,325,TRUE
2022,4,01/04/2022,Total University of Limerick Hospital Group,return_ed_attendances,316,TRUE
2022,5,01/05/2022,Total University of Limerick Hospital Group,return_ed_attendances,304,TRUE
2022,6,01/06/2022,Total University of Limerick Hospital Group,return_ed_attendances,294,TRUE
2022,7,01/07/2022,Total University of Limerick Hospital Group,return_ed_attendances,288,TRUE
2022,8,01/08/2022,Total University of Limerick Hospital Group,return_ed_attendances,289,TRUE
2022,9,01/09/2022,Total University of Limerick Hospital Group,return_ed_attendances,305,TRUE
2022,10,01/10/2022,Total University of Limerick Hospital Group,return_ed_attendances,322,TRUE
2022,11,01/11/2022,Total University of Limerick Hospital Group,return_ed_attendances,341,TRUE
2022,12,01/12/2022,Total University of Limerick Hospital Group,return_ed_attendances,325,TRUE
2023,1,01/01/2023,Total University of Limerick Hospital Group,return_ed_attendances,513,TRUE
2023,2,01/02/2023,Total University of Limerick Hospital Group,return_ed_attendances,498,TRUE
2023,3,01/03/2023,Total University of Limerick Hospital Group,return_ed_attendances,453,TRUE
2023,4,01/04/2023,Total University of Limerick Hospital Group,return_ed_attendances,443,TRUE
2023,5,01/05/2023,Total University of Limerick Hospital Group,return_ed_attendances,419,TRUE
2023,6,01/06/2023,Total University of Limerick Hospital Group,return_ed_attendances,416,TRUE
2023,7,01/07/2023,Total University of Limerick Hospital Group,return_ed_attendances,406,TRUE
2023,8,01/08/2023,Total University of Limerick Hospital Group,return_ed_attendances,430,TRUE
2023,9,01/09/2023,Total University of Limerick Hospital Group,return_ed_attendances,457,TRUE
2023,10,01/10/2023,Total University of Limerick Hospital Group,return_ed_attendances,466,TRUE
2023,11,01/11/2023,Total University of Limerick Hospital Group,return_ed_attendances,455,TRUE
2023,12,01/12/2023,Total University of Limerick Hospital Group,return_ed_attendances,484,TRUE
2024,1,01/01/2024,Total University of Limerick Hospital Group,return_ed_attendances,751,TRUE
2024,2,01/02/2024,Total University of Limerick Hospital Group,return_ed_attendances,743,TRUE
2024,3,01/03/2024,Total University of Limerick Hospital Group,return_ed_attendances,689,TRUE
2024,4,01/04/2024,Total University of Limerick Hospital Group,return_ed_attendances,614,TRUE
2024,5,01/05/2024,Total University of Limerick Hospital Group,return_ed_attendances,612,TRUE
2024,6,01/06/2024,Total University of Limerick Hospital Group,return_ed_attendances,563,FALSE
2024,7,01/07/2024,Total University of Limerick Hospital Group,return_ed_attendances,1638,FALSE
2024,8,01/08/2024,Total University of Limerick Hospital Group,return_ed_attendances,11,FALSE
2024,9,01/09/2024,Total University of Limerick Hospital Group,return_ed_attendances,6310,FALSE
2022,1,01/01/2022,UH Kerry,all_emergency_presentations,4086,TRUE
2022,2,01/02/2022,UH Kerry,all_emergency_presentations,4095,TRUE
2022,3,01/03/2022,UH Kerry,all_emergency_presentations,3723,TRUE
2022,4,01/04/2022,UH Kerry,all_emergency_presentations,3469,TRUE
2022,5,01/05/2022,UH Kerry,all_emergency_presentations,3381,TRUE
2022,6,01/06/2022,UH Kerry,all_emergency_presentations,3414,TRUE
2022,7,01/07/2022,UH Kerry,all_emergency_presentations,3174,TRUE
2022,8,01/08/2022,UH Kerry,all_emergency_presentations,3403,TRUE
2022,9,01/09/2022,UH Kerry,all_emergency_presentations,3398,TRUE
2022,10,01/10/2022,UH Kerry,all_emergency_presentations,3660,TRUE
2022,11,01/11/2022,UH Kerry,all_emergency_presentations,3671,TRUE
2022,12,01/12/2022,UH Kerry,all_emergency_presentations,3866,TRUE
2023,1,01/01/2023,UH Kerry,all_emergency_presentations,4369,TRUE
2023,2,01/02/2023,UH Kerry,all_emergency_presentations,4384,TRUE
2023,3,01/03/2023,UH Kerry,all_emergency_presentations,4031,TRUE
2023,4,01/04/2023,UH Kerry,all_emergency_presentations,3524,TRUE
2023,5,01/05/2023,UH Kerry,all_emergency_presentations,3555,TRUE
2023,6,01/06/2023,UH Kerry,all_emergency_presentations,3364,TRUE
2023,7,01/07/2023,UH Kerry,all_emergency_presentations,3379,TRUE
2023,8,01/08/2023,UH Kerry,all_emergency_presentations,3563,TRUE
2023,9,01/09/2023,UH Kerry,all_emergency_presentations,3701,TRUE
2023,10,01/10/2023,UH Kerry,all_emergency_presentations,4128,TRUE
2023,11,01/11/2023,UH Kerry,all_emergency_presentations,4087,TRUE
2023,12,01/12/2023,UH Kerry,all_emergency_presentations,4011,TRUE
2024,1,01/01/2024,UH Kerry,all_emergency_presentations,4632,TRUE
2024,2,01/02/2024,UH Kerry,all_emergency_presentations,4692,TRUE
2024,3,01/03/2024,UH Kerry,all_emergency_presentations,4456,TRUE
2024,4,01/04/2024,UH Kerry,all_emergency_presentations,3727,TRUE
2024,5,01/05/2024,UH Kerry,all_emergency_presentations,3580,TRUE
2024,6,01/06/2024,UH Kerry,all_emergency_presentations,4048,FALSE
2024,7,01/07/2024,UH Kerry,all_emergency_presentations,4076,FALSE
2024,8,01/08/2024,UH Kerry,all_emergency_presentations,4127,FALSE
2024,9,01/09/2024,UH Kerry,all_emergency_presentations,3996,FALSE
2022,1,01/01/2022,UH Kerry,new_ed_attendances,1031,TRUE
2022,2,01/02/2022,UH Kerry,new_ed_attendances,1029,TRUE
2022,3,01/03/2022,UH Kerry,new_ed_attendances,907,TRUE
2022,4,01/04/2022,UH Kerry,new_ed_attendances,866,TRUE
2022,5,01/05/2022,UH Kerry,new_ed_attendances,863,TRUE
2022,6,01/06/2022,UH Kerry,new_ed_attendances,789,TRUE
2022,7,01/07/2022,UH Kerry,new_ed_attendances,857,TRUE
2022,8,01/08/2022,UH Kerry,new_ed_attendances,864,TRUE
2022,9,01/09/2022,UH Kerry,new_ed_attendances,915,TRUE
2022,10,01/10/2022,UH Kerry,new_ed_attendances,933,TRUE
2022,11,01/11/2022,UH Kerry,new_ed_attendances,1012,TRUE
2022,12,01/12/2022,UH Kerry,new_ed_attendances,1012,TRUE
2023,1,01/01/2023,UH Kerry,new_ed_attendances,1468,TRUE
2023,2,01/02/2023,UH Kerry,new_ed_attendances,1442,TRUE
2023,3,01/03/2023,UH Kerry,new_ed_attendances,1345,TRUE
2023,4,01/04/2023,UH Kerry,new_ed_attendances,1237,TRUE
2023,5,01/05/2023,UH Kerry,new_ed_attendances,1199,TRUE
2023,6,01/06/2023,UH Kerry,new_ed_attendances,1135,TRUE
2023,7,01/07/2023,UH Kerry,new_ed_attendances,1161,TRUE
2023,8,01/08/2023,UH Kerry,new_ed_attendances,1159,TRUE
2023,9,01/09/2023,UH Kerry,new_ed_attendances,1326,TRUE
2023,10,01/10/2023,UH Kerry,new_ed_attendances,1250,TRUE
2023,11,01/11/2023,UH Kerry,new_ed_attendances,1333,TRUE
2023,12,01/12/2023,UH Kerry,new_ed_attendances,1381,TRUE
2024,1,01/01/2024,UH Kerry,new_ed_attendances,3318,TRUE
2024,2,01/02/2024,UH Kerry,new_ed_attendances,3094,TRUE
2024,3,01/03/2024,UH Kerry,new_ed_attendances,2983,TRUE
2024,4,01/04/2024,UH Kerry,new_ed_attendances,2629,TRUE
2024,5,01/05/2024,UH Kerry,new_ed_attendances,2623,TRUE
2024,6,01/06/2024,UH Kerry,new_ed_attendances,17920,FALSE
2024,7,01/07/2024,UH Kerry,new_ed_attendances,16,FALSE
2024,8,01/08/2024,UH Kerry,new_ed_attendances,9,FALSE
2024,9,01/09/2024,UH Kerry,new_ed_attendances,9880,FALSE
2022,1,01/01/2022,UH Kerry,return_ed_attendances,519,TRUE
2022,2,01/02/2022,UH Kerry,return_ed_attendances,489,TRUE
2022,3,01/03/2022,UH Kerry,return_ed_attendances,460,TRUE
2022,4,01/04/2022,UH Kerry,return_ed_attendances,414,TRUE
2022,5,01/05/2022,UH Kerry,return_ed_attendances,421,TRUE
2022,6,01/06/2022,UH Kerry,return_ed_attendances,396,TRUE
2022,7,01/07/2022,UH Kerry,return_ed_attendances,403,TRUE
2022,8,01/08/2022,UH Kerry,return_ed_attendances,393,TRUE
2022,9,01/09/2022,UH Kerry,return_ed_attendances,430,TRUE
2022,10,01/10/2022,UH Kerry,return_ed_attendances,428,TRUE
2022,11,01/11/2022,UH Kerry,return_ed_attendances,451,TRUE
2022,12,01/12/2022,UH Kerry,return_ed_attendances,466,TRUE
2023,1,01/01/2023,UH Kerry,return_ed_attendances,536,TRUE
2023,2,01/02/2023,UH Kerry,return_ed_attendances,569,TRUE
2023,3,01/03/2023,UH Kerry,return_ed_attendances,512,TRUE
2023,4,01/04/2023,UH Kerry,return_ed_attendances,486,TRUE
2023,5,01/05/2023,UH Kerry,return_ed_attendances,429,TRUE
2023,6,01/06/2023,UH Kerry,return_ed_attendances,433,TRUE
2023,7,01/07/2023,UH Kerry,return_ed_attendances,424,TRUE
2023,8,01/08/2023,UH Kerry,return_ed_attendances,441,TRUE
2023,9,01/09/2023,UH Kerry,return_ed_attendances,456,TRUE
2023,10,01/10/2023,UH Kerry,return_ed_attendances,501,TRUE
2023,11,01/11/2023,UH Kerry,return_ed_attendances,501,TRUE
2023,12,01/12/2023,UH Kerry,return_ed_attendances,542,TRUE
2024,1,01/01/2024,UH Kerry,return_ed_attendances,621,TRUE
2024,2,01/02/2024,UH Kerry,return_ed_attendances,630,TRUE
2024,3,01/03/2024,UH Kerry,return_ed_attendances,519,TRUE
2024,4,01/04/2024,UH Kerry,return_ed_attendances,526,TRUE
2024,5,01/05/2024,UH Kerry,return_ed_attendances,508,TRUE
2024,6,01/06/2024,UH Kerry,return_ed_attendances,516,FALSE
2024,7,01/07/2024,UH Kerry,return_ed_attendances,498,FALSE
2024,8,01/08/2024,UH Kerry,return_ed_attendances,568,FALSE
2024,9,01/09/2024,UH Kerry,return_ed_attendances,457,FALSE
2022,1,01/01/2022,University Hospital Limerick,all_emergency_presentations,7119,TRUE
2022,2,01/02/2022,University Hospital Limerick,all_emergency_presentations,7294,TRUE
2022,3,01/03/2022,University Hospital Limerick,all_emergency_presentations,6858,TRUE
2022,4,01/04/2022,University Hospital Limerick,all_emergency_presentations,6226,TRUE
2022,5,01/05/2022,University Hospital Limerick,all_emergency_presentations,6162,TRUE
2022,6,01/06/2022,University Hospital Limerick,all_emergency_presentations,6127,TRUE
2022,7,01/07/2022,University Hospital Limerick,all_emergency_presentations,6085,TRUE
2022,8,01/08/2022,University Hospital Limerick,all_emergency_presentations,6074,TRUE
2022,9,01/09/2022,University Hospital Limerick,all_emergency_presentations,6478,TRUE
2022,10,01/10/2022,University Hospital Limerick,all_emergency_presentations,6497,TRUE
2022,11,01/11/2022,University Hospital Limerick,all_emergency_presentations,6788,TRUE
2022,12,01/12/2022,University Hospital Limerick,all_emergency_presentations,6960,TRUE
2023,1,01/01/2023,University Hospital Limerick,all_emergency_presentations,8236,TRUE
2023,2,01/02/2023,University Hospital Limerick,all_emergency_presentations,7413,TRUE
2023,3,01/03/2023,University Hospital Limerick,all_emergency_presentations,7322,TRUE
2023,4,01/04/2023,University Hospital Limerick,all_emergency_presentations,6631,TRUE
2023,5,01/05/2023,University Hospital Limerick,all_emergency_presentations,6067,TRUE
2023,6,01/06/2023,University Hospital Limerick,all_emergency_presentations,6201,TRUE
2023,7,01/07/2023,University Hospital Limerick,all_emergency_presentations,5872,TRUE
2023,8,01/08/2023,University Hospital Limerick,all_emergency_presentations,6520,TRUE
2023,9,01/09/2023,University Hospital Limerick,all_emergency_presentations,6844,TRUE
2023,10,01/10/2023,University Hospital Limerick,all_emergency_presentations,6745,TRUE
2023,11,01/11/2023,University Hospital Limerick,all_emergency_presentations,7227,TRUE
2023,12,01/12/2023,University Hospital Limerick,all_emergency_presentations,7904,TRUE
2024,1,01/01/2024,University Hospital Limerick,all_emergency_presentations,8224,TRUE
2024,2,01/02/2024,University Hospital Limerick,all_emergency_presentations,7811,TRUE
2024,3,01/03/2024,University Hospital Limerick,all_emergency_presentations,7761,TRUE
2024,4,01/04/2024,University Hospital Limerick,all_emergency_presentations,7343,TRUE
2024,5,01/05/2024,University Hospital Limerick,all_emergency_presentations,6723,TRUE
2024,6,01/06/2024,University Hospital Limerick,all_emergency_presentations,6907,FALSE
2024,7,01/07/2024,University Hospital Limerick,all_emergency_presentations,7017,FALSE
2024,8,01/08/2024,University Hospital Limerick,all_emergency_presentations,6947,FALSE
2024,9,01/09/2024,University Hospital Limerick,all_emergency_presentations,7326,FALSE
2022,1,01/01/2022,University Hospital Limerick,new_ed_attendances,2677,TRUE
2022,2,01/02/2022,University Hospital Limerick,new_ed_attendances,2449,TRUE
2022,3,01/03/2022,University Hospital Limerick,new_ed_attendances,2221,TRUE
2022,4,01/04/2022,University Hospital Limerick,new_ed_attendances,2108,TRUE
2022,5,01/05/2022,University Hospital Limerick,new_ed_attendances,1950,TRUE
2022,6,01/06/2022,University Hospital Limerick,new_ed_attendances,1911,TRUE
2022,7,01/07/2022,University Hospital Limerick,new_ed_attendances,2083,TRUE
2022,8,01/08/2022,University Hospital Limerick,new_ed_attendances,2013,TRUE
2022,9,01/09/2022,University Hospital Limerick,new_ed_attendances,2072,TRUE
2022,10,01/10/2022,University Hospital Limerick,new_ed_attendances,2239,TRUE
2022,11,01/11/2022,University Hospital Limerick,new_ed_attendances,2392,TRUE
2022,12,01/12/2022,University Hospital Limerick,new_ed_attendances,2447,TRUE
2023,1,01/01/2023,University Hospital Limerick,new_ed_attendances,3639,TRUE
2023,2,01/02/2023,University Hospital Limerick,new_ed_attendances,3337,TRUE
2023,3,01/03/2023,University Hospital Limerick,new_ed_attendances,3010,TRUE
2023,4,01/04/2023,University Hospital Limerick,new_ed_attendances,3067,TRUE
2023,5,01/05/2023,University Hospital Limerick,new_ed_attendances,2817,TRUE
2023,6,01/06/2023,University Hospital Limerick,new_ed_attendances,2734,TRUE
2023,7,01/07/2023,University Hospital Limerick,new_ed_attendances,2927,TRUE
2023,8,01/08/2023,University Hospital Limerick,new_ed_attendances,2923,TRUE
2023,9,01/09/2023,University Hospital Limerick,new_ed_attendances,3036,TRUE
2023,10,01/10/2023,University Hospital Limerick,new_ed_attendances,3285,TRUE
2023,11,01/11/2023,University Hospital Limerick,new_ed_attendances,3172,TRUE
2023,12,01/12/2023,University Hospital Limerick,new_ed_attendances,3447,TRUE
2024,1,01/01/2024,University Hospital Limerick,new_ed_attendances,9159,TRUE
2024,2,01/02/2024,University Hospital Limerick,new_ed_attendances,8905,TRUE
2024,3,01/03/2024,University Hospital Limerick,new_ed_attendances,8510,TRUE
2024,4,01/04/2024,University Hospital Limerick,new_ed_attendances,7710,TRUE
2024,5,01/05/2024,University Hospital Limerick,new_ed_attendances,7480,TRUE
2024,6,01/06/2024,University Hospital Limerick,new_ed_attendances,46594,FALSE
2024,7,01/07/2024,University Hospital Limerick,new_ed_attendances,4,FALSE
2024,9,01/09/2024,University Hospital Limerick,new_ed_attendances,23965,FALSE
2022,1,01/01/2022,University Hospital Limerick,return_ed_attendances,489,TRUE
2022,2,01/02/2022,University Hospital Limerick,return_ed_attendances,476,TRUE
2022,3,01/03/2022,University Hospital Limerick,return_ed_attendances,434,TRUE
2022,4,01/04/2022,University Hospital Limerick,return_ed_attendances,379,TRUE
2022,5,01/05/2022,University Hospital Limerick,return_ed_attendances,394,TRUE
2022,6,01/06/2022,University Hospital Limerick,return_ed_attendances,405,TRUE
2022,7,01/07/2022,University Hospital Limerick,return_ed_attendances,384,TRUE
2022,8,01/08/2022,University Hospital Limerick,return_ed_attendances,388,TRUE
2022,9,01/09/2022,University Hospital Limerick,return_ed_attendances,418,TRUE
2022,10,01/10/2022,University Hospital Limerick,return_ed_attendances,429,TRUE
2022,11,01/11/2022,University Hospital Limerick,return_ed_attendances,462,TRUE
2022,12,01/12/2022,University Hospital Limerick,return_ed_attendances,445,TRUE
2023,1,01/01/2023,University Hospital Limerick,return_ed_attendances,539,TRUE
2023,2,01/02/2023,University Hospital Limerick,return_ed_attendances,519,TRUE
2023,3,01/03/2023,University Hospital Limerick,return_ed_attendances,468,TRUE
2023,4,01/04/2023,University Hospital Limerick,return_ed_attendances,443,TRUE
2023,5,01/05/2023,University Hospital Limerick,return_ed_attendances,438,TRUE
2023,6,01/06/2023,University Hospital Limerick,return_ed_attendances,422,TRUE
2023,7,01/07/2023,University Hospital Limerick,return_ed_attendances,406,TRUE
2023,8,01/08/2023,University Hospital Limerick,return_ed_attendances,440,TRUE
2023,9,01/09/2023,University Hospital Limerick,return_ed_attendances,446,TRUE
2023,10,01/10/2023,University Hospital Limerick,return_ed_attendances,462,TRUE
2023,11,01/11/2023,University Hospital Limerick,return_ed_attendances,484,TRUE
2023,12,01/12/2023,University Hospital Limerick,return_ed_attendances,499,TRUE
2024,1,01/01/2024,University Hospital Limerick,return_ed_attendances,592,TRUE
2024,2,01/02/2024,University Hospital Limerick,return_ed_attendances,551,TRUE
2024,3,01/03/2024,University Hospital Limerick,return_ed_attendances,492,TRUE
2024,4,01/04/2024,University Hospital Limerick,return_ed_attendances,469,TRUE
2024,5,01/05/2024,University Hospital Limerick,return_ed_attendances,463,TRUE
2024,6,01/06/2024,University Hospital Limerick,return_ed_attendances,496,FALSE
2024,7,01/07/2024,University Hospital Limerick,return_ed_attendances,459,FALSE
2024,8,01/08/2024,University Hospital Limerick,return_ed_attendances,452,FALSE
2024,9,01/09/2024,University Hospital Limerick,return_ed_attendances,457,FALSE
2022,1,01/01/2022,UH Waterford,all_emergency_presentations,7482,TRUE
2022,2,01/02/2022,UH Waterford,all_emergency_presentations,6924,TRUE
2022,3,01/03/2022,UH Waterford,all_emergency_presentations,6139,TRUE
2022,4,01/04/2022,UH Waterford,all_emergency_presentations,5978,TRUE
2022,5,01/05/2022,UH Waterford,all_emergency_presentations,5252,TRUE
2022,6,01/06/2022,UH Waterford,all_emergency_presentations,5524,TRUE
2022,7,01/07/2022,UH Waterford,all_emergency_presentations,5699,TRUE
2022,8,01/08/2022,UH Waterford,all_emergency_presentations,5923,TRUE
2022,9,01/09/2022,UH Waterford,all_emergency_presentations,5821,TRUE
2022,10,01/10/2022,UH Waterford,all_emergency_presentations,6199,TRUE
2022,11,01/11/2022,UH Waterford,all_emergency_presentations,6304,TRUE
2022,12,01/12/2022,UH Waterford,all_emergency_presentations,6775,TRUE
2023,1,01/01/2023,UH Waterford,all_emergency_presentations,6968,TRUE
2023,2,01/02/2023,UH Waterford,all_emergency_presentations,6833,TRUE
2023,3,01/03/2023,UH Waterford,all_emergency_presentations,6181,TRUE
2023,4,01/04/2023,UH Waterford,all_emergency_presentations,6063,TRUE
2023,5,01/05/2023,UH Waterford,all_emergency_presentations,5913,TRUE
2023,6,01/06/2023,UH Waterford,all_emergency_presentations,5544,TRUE
2023,7,01/07/2023,UH Waterford,all_emergency_presentations,5711,TRUE
2023,8,01/08/2023,UH Waterford,all_emergency_presentations,5572,TRUE
2023,9,01/09/2023,UH Waterford,all_emergency_presentations,6014,TRUE
2023,10,01/10/2023,UH Waterford,all_emergency_presentations,6241,TRUE
2023,11,01/11/2023,UH Waterford,all_emergency_presentations,7069,TRUE
2023,12,01/12/2023,UH Waterford,all_emergency_presentations,6570,TRUE
2024,1,01/01/2024,UH Waterford,all_emergency_presentations,7556,TRUE
2024,2,01/02/2024,UH Waterford,all_emergency_presentations,7202,TRUE
2024,3,01/03/2024,UH Waterford,all_emergency_presentations,6495,TRUE
2024,4,01/04/2024,UH Waterford,all_emergency_presentations,6328,TRUE
2024,5,01/05/2024,UH Waterford,all_emergency_presentations,5892,TRUE
2024,6,01/06/2024,UH Waterford,all_emergency_presentations,6050,FALSE
2024,7,01/07/2024,UH Waterford,all_emergency_presentations,6202,FALSE
2024,8,01/08/2024,UH Waterford,all_emergency_presentations,6296,FALSE
2024,9,01/09/2024,UH Waterford,all_emergency_presentations,6228,FALSE
2022,1,01/01/2022,UH Waterford,new_ed_attendances,1494,TRUE
2022,2,01/02/2022,UH Waterford,new_ed_attendances,1576,TRUE
2022,3,01/03/2022,UH Waterford,new_ed_attendances,1315,TRUE
2022,4,01/04/2022,UH Waterford,new_ed_attendances,1284,TRUE
2022,5,01/05/2022,UH Waterford,new_ed_attendances,1257,TRUE
2022,6,01/06/2022,UH Waterford,new_ed_attendances,1210,TRUE
2022,7,01/07/2022,UH Waterford,new_ed_attendances,1214,TRUE
2022,8,01/08/2022,UH Waterford,new_ed_attendances,1242,TRUE
2022,9,01/09/2022,UH Waterford,new_ed_attendances,1300,TRUE
2022,10,01/10/2022,UH Waterford,new_ed_attendances,1332,TRUE
2022,11,01/11/2022,UH Waterford,new_ed_attendances,1443,TRUE
2022,12,01/12/2022,UH Waterford,new_ed_attendances,1551,TRUE
2023,1,01/01/2023,UH Waterford,new_ed_attendances,2109,TRUE
2023,2,01/02/2023,UH Waterford,new_ed_attendances,1987,TRUE
2023,3,01/03/2023,UH Waterford,new_ed_attendances,1904,TRUE
2023,4,01/04/2023,UH Waterford,new_ed_attendances,1920,TRUE
2023,5,01/05/2023,UH Waterford,new_ed_attendances,1686,TRUE
2023,6,01/06/2023,UH Waterford,new_ed_attendances,1755,TRUE
2023,7,01/07/2023,UH Waterford,new_ed_attendances,1795,TRUE
2023,8,01/08/2023,UH Waterford,new_ed_attendances,1716,TRUE
2023,9,01/09/2023,UH Waterford,new_ed_attendances,1849,TRUE
2023,10,01/10/2023,UH Waterford,new_ed_attendances,1964,TRUE
2023,11,01/11/2023,UH Waterford,new_ed_attendances,1941,TRUE
2023,12,01/12/2023,UH Waterford,new_ed_attendances,2024,TRUE
2024,1,01/01/2024,UH Waterford,new_ed_attendances,6889,TRUE
2024,2,01/02/2024,UH Waterford,new_ed_attendances,6567,TRUE
2024,3,01/03/2024,UH Waterford,new_ed_attendances,6117,TRUE
2024,4,01/04/2024,UH Waterford,new_ed_attendances,5609,TRUE
2024,5,01/05/2024,UH Waterford,new_ed_attendances,5650,TRUE
2024,6,01/06/2024,UH Waterford,new_ed_attendances,35451,FALSE
2024,7,01/07/2024,UH Waterford,new_ed_attendances,2,FALSE
2024,9,01/09/2024,UH Waterford,new_ed_attendances,14783,FALSE
2022,1,01/01/2022,UH Waterford,return_ed_attendances,907,TRUE
2022,2,01/02/2022,UH Waterford,return_ed_attendances,930,TRUE
2022,3,01/03/2022,UH Waterford,return_ed_attendances,839,TRUE
2022,4,01/04/2022,UH Waterford,return_ed_attendances,770,TRUE
2022,5,01/05/2022,UH Waterford,return_ed_attendances,733,TRUE
2022,6,01/06/2022,UH Waterford,return_ed_attendances,712,TRUE
2022,7,01/07/2022,UH Waterford,return_ed_attendances,790,TRUE
2022,8,01/08/2022,UH Waterford,return_ed_attendances,760,TRUE
2022,9,01/09/2022,UH Waterford,return_ed_attendances,810,TRUE
2022,10,01/10/2022,UH Waterford,return_ed_attendances,796,TRUE
2022,11,01/11/2022,UH Waterford,return_ed_attendances,835,TRUE
2022,12,01/12/2022,UH Waterford,return_ed_attendances,915,TRUE
2023,1,01/01/2023,UH Waterford,return_ed_attendances,907,TRUE
2023,2,01/02/2023,UH Waterford,return_ed_attendances,902,TRUE
2023,3,01/03/2023,UH Waterford,return_ed_attendances,842,TRUE
2023,4,01/04/2023,UH Waterford,return_ed_attendances,788,TRUE
2023,5,01/05/2023,UH Waterford,return_ed_attendances,757,TRUE
2023,6,01/06/2023,UH Waterford,return_ed_attendances,746,TRUE
2023,7,01/07/2023,UH Waterford,return_ed_attendances,769,TRUE
2023,8,01/08/2023,UH Waterford,return_ed_attendances,786,TRUE
2023,9,01/09/2023,UH Waterford,return_ed_attendances,778,TRUE
2023,10,01/10/2023,UH Waterford,return_ed_attendances,819,TRUE
2023,11,01/11/2023,UH Waterford,return_ed_attendances,897,TRUE
2023,12,01/12/2023,UH Waterford,return_ed_attendances,922,TRUE
2024,1,01/01/2024,UH Waterford,return_ed_attendances,918,TRUE
2024,2,01/02/2024,UH Waterford,return_ed_attendances,935,TRUE
2024,3,01/03/2024,UH Waterford,return_ed_attendances,802,TRUE
2024,4,01/04/2024,UH Waterford,return_ed_attendances,797,TRUE
2024,5,01/05/2024,UH Waterford,return_ed_attendances,815,TRUE
2024,6,01/06/2024,UH Waterford,return_ed_attendances,831,FALSE
2024,7,01/07/2024,UH Waterford,return_ed_attendances,836,FALSE
2024,8,01/08/2024,UH Waterford,return_ed_attendances,835,FALSE
2024,9,01/09/2024,UH Waterford,return_ed_attendances,800,FALSE
2022,1,01/01/2022,UL Hospitals Group,all_emergency_presentations,11617,TRUE
2022,2,01/02/2022,UL Hospitals Group,all_emergency_presentations,11076,TRUE
2022,3,01/03/2022,UL Hospitals Group,all_emergency_presentations,10593,TRUE
2022,4,01/04/2022,UL Hospitals Group,all_emergency_presentations,9850,TRUE
2022,5,01/05/2022,UL Hospitals Group,all_emergency_presentations,9071,TRUE
2022,6,01/06/2022,UL Hospitals Group,all_emergency_presentations,8598,TRUE
2022,7,01/07/2022,UL Hospitals Group,all_emergency_presentations,9091,TRUE
2022,8,01/08/2022,UL Hospitals Group,all_emergency_presentations,9118,TRUE
2022,9,01/09/2022,UL Hospitals Group,all_emergency_presentations,9712,TRUE
2022,10,01/10/2022,UL Hospitals Group,all_emergency_presentations,10395,TRUE
2022,11,01/11/2022,UL Hospitals Group,all_emergency_presentations,10365,TRUE
2022,12,01/12/2022,UL Hospitals Group,all_emergency_presentations,10885,TRUE
2023,1,01/01/2023,UL Hospitals Group,all_emergency_presentations,12385,TRUE
2023,2,01/02/2023,UL Hospitals Group,all_emergency_presentations,12248,TRUE
2023,3,01/03/2023,UL Hospitals Group,all_emergency_presentations,10259,TRUE
2023,4,01/04/2023,UL Hospitals Group,all_emergency_presentations,10081,TRUE
2023,5,01/05/2023,UL Hospitals Group,all_emergency_presentations,10016,TRUE
2023,6,01/06/2023,UL Hospitals Group,all_emergency_presentations,9986,TRUE
2023,7,01/07/2023,UL Hospitals Group,all_emergency_presentations,9703,TRUE
2023,8,01/08/2023,UL Hospitals Group,all_emergency_presentations,9492,TRUE
2023,9,01/09/2023,UL Hospitals Group,all_emergency_presentations,10672,TRUE
2023,10,01/10/2023,UL Hospitals Group,all_emergency_presentations,10586,TRUE
2023,11,01/11/2023,UL Hospitals Group,all_emergency_presentations,10911,TRUE
2023,12,01/12/2023,UL Hospitals Group,all_emergency_presentations,11515,TRUE
2024,1,01/01/2024,UL Hospitals Group,all_emergency_presentations,13237,TRUE
2024,2,01/02/2024,UL Hospitals Group,all_emergency_presentations,12627,TRUE
2024,3,01/03/2024,UL Hospitals Group,all_emergency_presentations,11061,TRUE
2024,4,01/04/2024,UL Hospitals Group,all_emergency_presentations,11352,TRUE
2024,5,01/05/2024,UL Hospitals Group,all_emergency_presentations,11126,TRUE
2024,6,01/06/2024,UL Hospitals Group,all_emergency_presentations,11024,FALSE
2024,7,01/07/2024,UL Hospitals Group,all_emergency_presentations,11316,FALSE
2024,8,01/08/2024,UL Hospitals Group,all_emergency_presentations,11309,FALSE
2024,9,01/09/2024,UL Hospitals Group,all_emergency_presentations,12154,FALSE
2022,1,01/01/2022,UL Hospitals Group,new_ed_attendances,4408,TRUE
2022,2,01/02/2022,UL Hospitals Group,new_ed_attendances,4390,TRUE
2022,3,01/03/2022,UL Hospitals Group,new_ed_attendances,3828,TRUE
2022,4,01/04/2022,UL Hospitals Group,new_ed_attendances,3785,TRUE
2022,5,01/05/2022,UL Hospitals Group,new_ed_attendances,3724,TRUE
2022,6,01/06/2022,UL Hospitals Group,new_ed_attendances,3308,TRUE
2022,7,01/07/2022,UL Hospitals Group,new_ed_attendances,3635,TRUE
2022,8,01/08/2022,UL Hospitals Group,new_ed_attendances,3806,TRUE
2022,9,01/09/2022,UL Hospitals Group,new_ed_attendances,3685,TRUE
2022,10,01/10/2022,UL Hospitals Group,new_ed_attendances,4136,TRUE
2022,11,01/11/2022,UL Hospitals Group,new_ed_attendances,4182,TRUE
2022,12,01/12/2022,UL Hospitals Group,new_ed_attendances,4192,TRUE
2023,1,01/01/2023,UL Hospitals Group,new_ed_attendances,6307,TRUE
2023,2,01/02/2023,UL Hospitals Group,new_ed_attendances,6205,TRUE
2023,3,01/03/2023,UL Hospitals Group,new_ed_attendances,5634,TRUE
2023,4,01/04/2023,UL Hospitals Group,new_ed_attendances,5331,TRUE
2023,5,01/05/2023,UL Hospitals Group,new_ed_attendances,4946,TRUE
2023,6,01/06/2023,UL Hospitals Group,new_ed_attendances,4950,TRUE
2023,7,01/07/2023,UL Hospitals Group,new_ed_attendances,4819,TRUE
2023,8,01/08/2023,UL Hospitals Group,new_ed_attendances,5122,TRUE
2023,9,01/09/2023,UL Hospitals Group,new_ed_attendances,5208,TRUE
2023,10,01/10/2023,UL Hospitals Group,new_ed_attendances,5393,TRUE
2023,11,01/11/2023,UL Hospitals Group,new_ed_attendances,5996,TRUE
2023,12,01/12/2023,UL Hospitals Group,new_ed_attendances,6192,TRUE
2024,1,01/01/2024,UL Hospitals Group,new_ed_attendances,14042,TRUE
2024,2,01/02/2024,UL Hospitals Group,new_ed_attendances,12886,TRUE
2024,3,01/03/2024,UL Hospitals Group,new_ed_attendances,12154,TRUE
2024,4,01/04/2024,UL Hospitals Group,new_ed_attendances,11870,TRUE
2024,5,01/05/2024,UL Hospitals Group,new_ed_attendances,11149,TRUE
2024,6,01/06/2024,UL Hospitals Group,new_ed_attendances,71149,FALSE
2024,7,01/07/2024,UL Hospitals Group,new_ed_attendances,6,FALSE
2024,8,01/08/2024,UL Hospitals Group,new_ed_attendances,1,FALSE
2024,9,01/09/2024,UL Hospitals Group,new_ed_attendances,42780,FALSE
2022,1,01/01/2022,UL Hospitals Group,return_ed_attendances,473,TRUE
2022,2,01/02/2022,UL Hospitals Group,return_ed_attendances,459,TRUE
2022,3,01/03/2022,UL Hospitals Group,return_ed_attendances,443,TRUE
2022,4,01/04/2022,UL Hospitals Group,return_ed_attendances,386,TRUE
2022,5,01/05/2022,UL Hospitals Group,return_ed_attendances,385,TRUE
2022,6,01/06/2022,UL Hospitals Group,return_ed_attendances,387,TRUE
2022,7,01/07/2022,UL Hospitals Group,return_ed_attendances,381,TRUE
2022,8,01/08/2022,UL Hospitals Group,return_ed_attendances,394,TRUE
2022,9,01/09/2022,UL Hospitals Group,return_ed_attendances,422,TRUE
2022,10,01/10/2022,UL Hospitals Group,return_ed_attendances,431,TRUE
2022,11,01/11/2022,UL Hospitals Group,return_ed_attendances,450,TRUE
2022,12,01/12/2022,UL Hospitals Group,return_ed_attendances,458,TRUE
2023,1,01/01/2023,UL Hospitals Group,return_ed_attendances,534,TRUE
2023,2,01/02/2023,UL Hospitals Group,return_ed_attendances,508,TRUE
2023,3,01/03/2023,UL Hospitals Group,return_ed_attendances,476,TRUE
2023,4,01/04/2023,UL Hospitals Group,return_ed_attendances,432,TRUE
2023,5,01/05/2023,UL Hospitals Group,return_ed_attendances,423,TRUE
2023,6,01/06/2023,UL Hospitals Group,return_ed_attendances,399,TRUE
2023,7,01/07/2023,UL Hospitals Group,return_ed_attendances,420,TRUE
2023,8,01/08/2023,UL Hospitals Group,return_ed_attendances,419,TRUE
2023,9,01/09/2023,UL Hospitals Group,return_ed_attendances,432,TRUE
2023,10,01/10/2023,UL Hospitals Group,return_ed_attendances,464,TRUE
2023,11,01/11/2023,UL Hospitals Group,return_ed_attendances,486,TRUE
2023,12,01/12/2023,UL Hospitals Group,return_ed_attendances,513,TRUE
2024,1,01/01/2024,UL Hospitals Group,return_ed_attendances,564,TRUE
2024,2,01/02/2024,UL Hospitals Group,return_ed_attendances,559,TRUE
2024,3,01/03/2024,UL Hospitals Group,return_ed_attendances,517,TRUE
2024,4,01/04/2024,UL Hospitals Group,return_ed_attendances,481,TRUE
2024,5,01/05/2024,UL Hospitals Group,return_ed_attendances,449,TRUE
2024,6,01/06/2024,UL Hospitals Group,return_ed_attendances,496,FALSE
2024,7,01/07/2024,UL Hospitals Group,return_ed_attendances,459,FALSE
2024,8,01/08/2024,UL Hospitals Group,return_ed_attendances,452,FALSE
2024,9,01/09/2024,UL Hospitals Group,return_ed_attendances,457,FALSE
2022,1,01/01/2022,UMH Limerick,new_ed_attendances,497,TRUE
2022,2,01/02/2022,UMH Limerick,new_ed_attendances,460,TRUE
2022,3,01/03/2022,UMH Limerick,new_ed_attendances,418,TRUE
2022,4,01/04/2022,UMH Limerick,new_ed_attendances,388,TRUE
2022,5,01/05/2022,UMH Limerick,new_ed_attendances,365,TRUE
2022,6,01/06/2022,UMH Limerick,new_ed_attendances,399,TRUE
2022,7,01/07/2022,UMH Limerick,new_ed_attendances,371,TRUE
2022,8,01/08/2022,UMH Limerick,new_ed_attendances,389,TRUE
2022,9,01/09/2022,UMH Limerick,new_ed_attendances,405,TRUE
2022,10,01/10/2022,UMH Limerick,new_ed_attendances,424,TRUE
2022,11,01/11/2022,UMH Limerick,new_ed_attendances,452,TRUE
2022,12,01/12/2022,UMH Limerick,new_ed_attendances,469,TRUE
2023,1,01/01/2023,UMH Limerick,new_ed_attendances,663,TRUE
2023,2,01/02/2023,UMH Limerick,new_ed_attendances,648,TRUE
2023,3,01/03/2023,UMH Limerick,new_ed_attendances,605,TRUE
2023,4,01/04/2023,UMH Limerick,new_ed_attendances,556,TRUE
2023,5,01/05/2023,UMH Limerick,new_ed_attendances,569,TRUE
2023,6,01/06/2023,UMH Limerick,new_ed_attendances,534,TRUE
2023,7,01/07/2023,UMH Limerick,new_ed_attendances,549,TRUE
2023,8,01/08/2023,UMH Limerick,new_ed_attendances,560,TRUE
2023,9,01/09/2023,UMH Limerick,new_ed_attendances,592,TRUE
2023,10,01/10/2023,UMH Limerick,new_ed_attendances,592,TRUE
2023,11,01/11/2023,UMH Limerick,new_ed_attendances,593,TRUE
2023,12,01/12/2023,UMH Limerick,new_ed_attendances,648,TRUE
2024,1,01/01/2024,UMH Limerick,new_ed_attendances,1490,TRUE
2024,2,01/02/2024,UMH Limerick,new_ed_attendances,1445,TRUE
2024,3,01/03/2024,UMH Limerick,new_ed_attendances,1376,TRUE
2024,4,01/04/2024,UMH Limerick,new_ed_attendances,1309,TRUE
2024,5,01/05/2024,UMH Limerick,new_ed_attendances,1224,TRUE
2024,6,01/06/2024,UMH Limerick,new_ed_attendances,8049,FALSE
2024,7,01/07/2024,UMH Limerick,new_ed_attendances,5,FALSE
2024,8,01/08/2024,UMH Limerick,new_ed_attendances,6,FALSE
2024,9,01/09/2024,UMH Limerick,new_ed_attendances,4484,FALSE
2022,1,01/01/2022,UMH Limerick,return_ed_attendances,401,TRUE
2022,2,01/02/2022,UMH Limerick,return_ed_attendances,382,TRUE
2022,3,01/03/2022,UMH Limerick,return_ed_attendances,339,TRUE
2022,4,01/04/2022,UMH Limerick,return_ed_attendances,329,TRUE
2022,5,01/05/2022,UMH Limerick,return_ed_attendances,306,TRUE
2022,6,01/06/2022,UMH Limerick,return_ed_attendances,300,TRUE
2022,7,01/07/2022,UMH Limerick,return_ed_attendances,314,TRUE
2022,8,01/08/2022,UMH Limerick,return_ed_attendances,322,TRUE
2022,9,01/09/2022,UMH Limerick,return_ed_attendances,320,TRUE
2022,10,01/10/2022,UMH Limerick,return_ed_attendances,353,TRUE
2022,11,01/11/2022,UMH Limerick,return_ed_attendances,365,TRUE
2022,12,01/12/2022,UMH Limerick,return_ed_attendances,364,TRUE
2023,1,01/01/2023,UMH Limerick,return_ed_attendances,369,TRUE
2023,2,01/02/2023,UMH Limerick,return_ed_attendances,372,TRUE
2023,3,01/03/2023,UMH Limerick,return_ed_attendances,340,TRUE
2023,4,01/04/2023,UMH Limerick,return_ed_attendances,323,TRUE
2023,5,01/05/2023,UMH Limerick,return_ed_attendances,308,TRUE
2023,6,01/06/2023,UMH Limerick,return_ed_attendances,284,TRUE
2023,7,01/07/2023,UMH Limerick,return_ed_attendances,305,TRUE
2023,8,01/08/2023,UMH Limerick,return_ed_attendances,312,TRUE
2023,9,01/09/2023,UMH Limerick,return_ed_attendances,334,TRUE
2023,10,01/10/2023,UMH Limerick,return_ed_attendances,331,TRUE
2023,11,01/11/2023,UMH Limerick,return_ed_attendances,372,TRUE
2023,12,01/12/2023,UMH Limerick,return_ed_attendances,346,TRUE
2024,1,01/01/2024,UMH Limerick,return_ed_attendances,398,TRUE
2024,2,01/02/2024,UMH Limerick,return_ed_attendances,367,TRUE
2024,3,01/03/2024,UMH Limerick,return_ed_attendances,349,TRUE
2024,4,01/04/2024,UMH Limerick,return_ed_attendances,319,TRUE
2024,5,01/05/2024,UMH Limerick,return_ed_attendances,319,TRUE
2024,6,01/06/2024,UMH Limerick,return_ed_attendances,291,FALSE
2024,7,01/07/2024,UMH Limerick,return_ed_attendances,364,FALSE
2024,8,01/08/2024,UMH Limerick,return_ed_attendances,309,FALSE
2024,9,01/09/2024,UMH Limerick,return_ed_attendances,303,FALSE
2022,1,01/01/2022,University of Limerick Hospital Group,return_ed_attendances,358,TRUE
2022,2,01/02/2022,University of Limerick Hospital Group,return_ed_attendances,356,TRUE
2022,3,01/03/2022,University of Limerick Hospital Group,return_ed_attendances,328,TRUE
2022,4,01/04/2022,University of Limerick Hospital Group,return_ed_attendances,299,TRUE
2022,5,01/05/2022,University of Limerick Hospital Group,return_ed_attendances,297,TRUE
2022,6,01/06/2022,University of Limerick Hospital Group,return_ed_attendances,281,TRUE
2022,7,01/07/2022,University of Limerick Hospital Group,return_ed_attendances,289,TRUE
2022,8,01/08/2022,University of Limerick Hospital Group,return_ed_attendances,292,TRUE
2022,9,01/09/2022,University of Limerick Hospital Group,return_ed_attendances,297,TRUE
2022,10,01/10/2022,University of Limerick Hospital Group,return_ed_attendances,322,TRUE
2022,11,01/11/2022,University of Limerick Hospital Group,return_ed_attendances,342,TRUE
2022,12,01/12/2022,University of Limerick Hospital Group,return_ed_attendances,354,TRUE
2023,1,01/01/2023,University of Limerick Hospital Group,return_ed_attendances,526,TRUE
2023,2,01/02/2023,University of Limerick Hospital Group,return_ed_attendances,501,TRUE
2023,3,01/03/2023,University of Limerick Hospital Group,return_ed_attendances,450,TRUE
2023,4,01/04/2023,University of Limerick Hospital Group,return_ed_attendances,437,TRUE
2023,5,01/05/2023,University of Limerick Hospital Group,return_ed_attendances,397,TRUE
2023,6,01/06/2023,University of Limerick Hospital Group,return_ed_attendances,390,TRUE
2023,7,01/07/2023,University of Limerick Hospital Group,return_ed_attendances,397,TRUE
2023,8,01/08/2023,University of Limerick Hospital Group,return_ed_attendances,431,TRUE
2023,9,01/09/2023,University of Limerick Hospital Group,return_ed_attendances,447,TRUE
2023,10,01/10/2023,University of Limerick Hospital Group,return_ed_attendances,455,TRUE
2023,11,01/11/2023,University of Limerick Hospital Group,return_ed_attendances,485,TRUE
2023,12,01/12/2023,University of Limerick Hospital Group,return_ed_attendances,475,TRUE
2024,1,01/01/2024,University of Limerick Hospital Group,return_ed_attendances,766,TRUE
2024,2,01/02/2024,University of Limerick Hospital Group,return_ed_attendances,730,TRUE
2024,3,01/03/2024,University of Limerick Hospital Group,return_ed_attendances,692,TRUE
2024,4,01/04/2024,University of Limerick Hospital Group,return_ed_attendances,628,TRUE
2024,5,01/05/2024,University of Limerick Hospital Group,return_ed_attendances,604,TRUE
2024,6,01/06/2024,University of Limerick Hospital Group,return_ed_attendances,563,FALSE
2024,7,01/07/2024,University of Limerick Hospital Group,return_ed_attendances,1638,FALSE
2024,8,01/08/2024,University of Limerick Hospital Group,return_ed_attendances,11,FALSE
2022,1,01/01/2022,Wexford General Hospital,all_emergency_presentations,2705,TRUE
2022,2,01/02/2022,Wexford General Hospital,all_emergency_presentations,2717,TRUE
2022,3,01/03/2022,Wexford General Hospital,all_emergency_presentations,2484,TRUE
2022,4,01/04/2022,Wexford General Hospital,all_emergency_presentations,2331,TRUE
2022,5,01/05/2022,Wexford General Hospital,all_emergency_presentations,2290,TRUE
2022,6,01/06/2022,Wexford General Hospital,all_emergency_presentations,2198,TRUE
2022,7,01/07/2022,Wexford General Hospital,all_emergency_presentations,2143,TRUE
2022,8,01/08/2022,Wexford General Hospital,all_emergency_presentations,2378,TRUE
2022,9,01/09/2022,Wexford General Hospital,all_emergency_presentations,2345,TRUE
2022,10,01/10/2022,Wexford General Hospital,all_emergency_presentations,2514,TRUE
2022,11,01/11/2022,Wexford General Hospital,all_emergency_presentations,2780,TRUE
2022,12,01/12/2022,Wexford General Hospital,all_emergency_presentations,2639,TRUE
2023,1,01/01/2023,Wexford General Hospital,all_emergency_presentations,3699,TRUE
2023,2,01/02/2023,Wexford General Hospital,all_emergency_presentations,3834,TRUE
2023,3,01/03/2023,Wexford General Hospital,all_emergency_presentations,3680,TRUE
2023,4,01/04/2023,Wexford General Hospital,all_emergency_presentations,3520,TRUE
2023,5,01/05/2023,Wexford General Hospital,all_emergency_presentations,3104,TRUE
2023,6,01/06/2023,Wexford General Hospital,all_emergency_presentations,3168,TRUE
2023,7,01/07/2023,Wexford General Hospital,all_emergency_presentations,3144,TRUE
2023,8,01/08/2023,Wexford General Hospital,all_emergency_presentations,3246,TRUE
2023,9,01/09/2023,Wexford General Hospital,all_emergency_presentations,3662,TRUE
2023,10,01/10/2023,Wexford General Hospital,all_emergency_presentations,3337,TRUE
2023,11,01/11/2023,Wexford General Hospital,all_emergency_presentations,3692,TRUE
2023,12,01/12/2023,Wexford General Hospital,all_emergency_presentations,3853,TRUE
2024,1,01/01/2024,Wexford General Hospital,all_emergency_presentations,6193,TRUE
2024,2,01/02/2024,Wexford General Hospital,all_emergency_presentations,5812,TRUE
2024,3,01/03/2024,Wexford General Hospital,all_emergency_presentations,5386,TRUE
2024,4,01/04/2024,Wexford General Hospital,all_emergency_presentations,4923,TRUE
2024,5,01/05/2024,Wexford General Hospital,all_emergency_presentations,4868,TRUE
2024,6,01/06/2024,Wexford General Hospital,all_emergency_presentations,5039,FALSE
2024,7,01/07/2024,Wexford General Hospital,all_emergency_presentations,5340,FALSE
2024,8,01/08/2024,Wexford General Hospital,all_emergency_presentations,4980,FALSE
2024,9,01/09/2024,Wexford General Hospital,all_emergency_presentations,4938,FALSE
2022,1,01/01/2022,Wexford General Hospital,new_ed_attendances,973,TRUE
2022,2,01/02/2022,Wexford General Hospital,new_ed_attendances,978,TRUE
2022,3,01/03/2022,Wexford General Hospital,new_ed_attendances,877,TRUE
2022,4,01/04/2022,Wexford General Hospital,new_ed_attendances,820,TRUE
2022,5,01/05/2022,Wexford General Hospital,new_ed_attendances,777,TRUE
2022,6,01/06/2022,Wexford General Hospital,new_ed_attendances,751,TRUE
2022,7,01/07/2022,Wexford General Hospital,new_ed_attendances,769,TRUE
2022,8,01/08/2022,Wexford General Hospital,new_ed_attendances,805,TRUE
2022,9,01/09/2022,Wexford General Hospital,new_ed_attendances,818,TRUE
2022,10,01/10/2022,Wexford General Hospital,new_ed_attendances,861,TRUE
2022,11,01/11/2022,Wexford General Hospital,new_ed_attendances,951,TRUE
2022,12,01/12/2022,Wexford General Hospital,new_ed_attendances,952,TRUE
2023,1,01/01/2023,Wexford General Hospital,new_ed_attendances,1356,TRUE
2023,2,01/02/2023,Wexford General Hospital,new_ed_attendances,1370,TRUE
2023,3,01/03/2023,Wexford General Hospital,new_ed_attendances,1203,TRUE
2023,4,01/04/2023,Wexford General Hospital,new_ed_attendances,1067,TRUE
2023,5,01/05/2023,Wexford General Hospital,new_ed_attendances,1069,TRUE
2023,6,01/06/2023,Wexford General Hospital,new_ed_attendances,1007,TRUE
2023,7,01/07/2023,Wexford General Hospital,new_ed_attendances,1079,TRUE
2023,8,01/08/2023,Wexford General Hospital,new_ed_attendances,1114,TRUE
2023,9,01/09/2023,Wexford General Hospital,new_ed_attendances,1218,TRUE
2023,10,01/10/2023,Wexford General Hospital,new_ed_attendances,1207,TRUE
2023,11,01/11/2023,Wexford General Hospital,new_ed_attendances,1245,TRUE
2023,12,01/12/2023,Wexford General Hospital,new_ed_attendances,1332,TRUE
2024,1,01/01/2024,Wexford General Hospital,new_ed_attendances,2806,TRUE
2024,2,01/02/2024,Wexford General Hospital,new_ed_attendances,2924,TRUE
2024,3,01/03/2024,Wexford General Hospital,new_ed_attendances,2736,TRUE
2024,4,01/04/2024,Wexford General Hospital,new_ed_attendances,2385,TRUE
2024,5,01/05/2024,Wexford General Hospital,new_ed_attendances,2502,TRUE
2024,6,01/06/2024,Wexford General Hospital,new_ed_attendances,16041,FALSE
2024,7,01/07/2024,Wexford General Hospital,new_ed_attendances,33,FALSE
2024,8,01/08/2024,Wexford General Hospital,new_ed_attendances,10,FALSE
2024,9,01/09/2024,Wexford General Hospital,new_ed_attendances,8384,FALSE
2022,1,01/01/2022,Wexford General Hospital,return_ed_attendances,292,TRUE
2022,2,01/02/2022,Wexford General Hospital,return_ed_attendances,267,TRUE
2022,3,01/03/2022,Wexford General Hospital,return_ed_attendances,254,TRUE
2022,4,01/04/2022,Wexford General Hospital,return_ed_attendances,226,TRUE
2022,5,01/05/2022,Wexford General Hospital,return_ed_attendances,231,TRUE
2022,6,01/06/2022,Wexford General Hospital,return_ed_attendances,223,TRUE
2022,7,01/07/2022,Wexford General Hospital,return_ed_attendances,212,TRUE
2022,8,01/08/2022,Wexford General Hospital,return_ed_attendances,222,TRUE
2022,9,01/09/2022,Wexford General Hospital,return_ed_attendances,237,TRUE
2022,10,01/10/2022,Wexford General Hospital,return_ed_attendances,244,TRUE
2022,11,01/11/2022,Wexford General Hospital,return_ed_attendances,249,TRUE
2022,12,01/12/2022,Wexford General Hospital,return_ed_attendances,271,TRUE
2023,1,01/01/2023,Wexford General Hospital,return_ed_attendances,399,TRUE
2023,2,01/02/2023,Wexford General Hospital,return_ed_attendances,380,TRUE
2023,3,01/03/2023,Wexford General Hospital,return_ed_attendances,344,TRUE
2023,4,01/04/2023,Wexford General Hospital,return_ed_attendances,339,TRUE
2023,5,01/05/2023,Wexford General Hospital,return_ed_attendances,334,TRUE
2023,6,01/06/2023,Wexford General Hospital,return_ed_attendances,304,TRUE
2023,7,01/07/2023,Wexford General Hospital,return_ed_attendances,309,TRUE
2023,8,01/08/2023,Wexford General Hospital,return_ed_attendances,327,TRUE
2023,9,01/09/2023,Wexford General Hospital,return_ed_attendances,332,TRUE
2023,10,01/10/2023,Wexford General Hospital,return_ed_attendances,344,TRUE
2023,11,01/11/2023,Wexford General Hospital,return_ed_attendances,370,TRUE
2023,12,01/12/2023,Wexford General Hospital,return_ed_attendances,354,TRUE
2024,1,01/01/2024,Wexford General Hospital,return_ed_attendances,734,TRUE
2024,2,01/02/2024,Wexford General Hospital,return_ed_attendances,683,TRUE
2024,3,01/03/2024,Wexford General Hospital,return_ed_attendances,620,TRUE
2024,4,01/04/2024,Wexford General Hospital,return_ed_attendances,585,TRUE
2024,5,01/05/2024,Wexford General Hospital,return_ed_attendances,568,TRUE
2024,6,01/06/2024,Wexford General Hospital,return_ed_attendances,545,FALSE
2024,7,01/07/2024,Wexford General Hospital,return_ed_attendances,606,FALSE
2024,8,01/08/2024,Wexford General Hospital,return_ed_attendances,572,FALSE
2024,9,01/09/2024,Wexford General Hospital,return_ed_attendances,562,FALSE
